tree
version=v4
num_class=1
num_tree_per_iteration=1
label_index=0
max_feature_idx=13
objective=binary sigmoid:1
feature_names=Column_0 Column_1 Column_2 Column_3 Column_4 Column_5 Column_6 Column_7 Column_8 Column_9 Column_10 Column_11 Column_12 Column_13
feature_infos=[-1.5785093307495117:3.730787992477417] [-2.6412944793701172:2.8193533420562744] [-1.6865048408508301:12.352115631103516] [-2.6572709083557129:1.2185168266296387] [-3.5259339809417725:2.298264741897583] [-1.7350226640701294:2.2436537742614746] [-1.5503323078155518:1.7549909353256226] [-0.90048933029174805:2.2191071510314941] [-4.3354396820068359:0.39287948608398438] [-1.4179202318191528:0.70525825023651123] [-0.14548763632774353:13.093735694885254] [-0.21988315880298615:10.510444641113281] [-3.1807701587677002:4.7483420372009277] [-4.7103562355041504:0.54721343517303467]
tree_sizes=4714 4748 5372 5711 5598 5598 5615 5191 5201 5421 5309 5608 5222 5329 5028 5008 5008 5431 5108 5447 4578 4797 5337 4700 5343 4459 5516 5478 4704 4363

Tree=0
num_leaves=44
num_cat=0
split_feature=7 4 10 10 7 4 10 11 4 4 0 11 11 12 11 12 0 0 12 4 0 0 3 12 4 0 11 11 0 13 0 10 12 0 0 0 12 0 2 13 0 0 2
split_gain=5013.5 2283.54 1790.21 1043.3 1011.97 331.25 285.014 253.602 243.657 232.13 197.812 173.581 156.487 141.043 117.727 77.0767 68.72 48.6339 52.7175 41.5349 40.5999 36.1825 23.3233 18.9712 13.9379 13.6749 11.337 20.3202 7.74772 6.93757 6.40671 5.35057 3.68968 1.73406 0.93735 0.878062 0.879775 0.63378 0.49431 0.235229 0.149495 0.106117 4.54747e-13
threshold=-0.58852967619895924 0.93928512930870067 0.78861510753631603 0.52131253480911266 1.9071474671363833 -0.61383455991744984 0.52131253480911266 4.3274507522583017 1.3275650739669802 1.0000000180025095e-35 -0.23300249874591825 4.3274507522583017 4.7105007171630868 -0.71303626894950856 5.2450463771820077 0.33878475427627569 -0.37846271693706507 -0.4511928111314773 0.25787544995546346 -1.0021144449710844 -0.96030351519584645 -0.88757342100143422 -0.20260532572865483 0.25787544995546346 -0.22555463947355744 -0.37846271693706507 4.7105007171630868 5.6539616584777841 -0.087542304769158349 -0.67100390791892994 2.021630704402924 0.8561358153820039 -0.065761788748204694 0.057917897589504726 1.6579800844192507 1.8761703968048098 -0.71303626894950856 1.7307102084159853 0.10541220754384996 0.2266299054026604 2.1670908927917485 1.1488693952560427 1.4094064235687258
decision_type=2 2 2 2 2 2 2 2 2 2 2 2 2 2 2 2 2 2 2 2 2 2 2 2 2 2 2 2 2 2 2 2 2 2 2 2 2 2 2 2 2 2 2
left_child=1 3 4 5 8 23 11 10 14 19 -7 13 -9 25 15 -2 -15 32 -19 33 -11 -21 -22 28 -16 -3 -13 -28 -1 -25 34 -4 -10 -6 39 36 -33 42 40 -5 -39 -38 -8
right_child=2 6 31 30 9 7 37 12 17 20 -12 26 -14 16 24 -17 -18 18 -20 21 22 -23 -24 29 -26 -27 27 -29 -30 -31 -32 35 -34 -35 -36 -37 41 38 -40 -41 -42 -43 -44
leaf_value=-1.2718533238296663 -1.2765202211059608 -1.2692111876269578 -0.8486393198196478 -0.76373271423856504 -1.288155866357017 -1.1729895487793356 -0.73876018318530545 -0.76239010504215332 -1.288155866357017 -1.1693676105361064 -1.0861616256080957 -0.73876018318530545 -1.159725706654539 -1.000694286677273 -1.0897629807672322 -1.2334153544467921 -0.90373379293470557 -1.1612716252435502 -1.0254965755976329 -1.2458946599591929 -0.94496767820954031 -1.0876529401834181 -0.83032613038059067 -1.2483445849677626 -0.89207990872159693 -1.0961627512701284 -1.0032840306383517 -0.73876018318530545 -1.2291893139747128 -1.1660679367633033 -0.86084811277901907 -0.78870524529182462 -1.2183431552357498 -1.2316004283834583 -0.79108358158261127 -0.79369975150247662 -0.73876018318530545 -0.73876018318530545 -0.79369975150247662 -0.73876018318530545 -0.76492188238395853 -0.75096897614467684 -0.73876018318530545
leaf_weight=61.340125218033791 2380.615720257163 5.2785270959138861 5.4605452716350547 4.0043998658657065 9.6469633132219332 382.05615083873272 87.18670617043972 33.855380684137344 9.8289814889430982 6.7346725016832343 837.64764466881752 49.872980147600174 14.015399530529974 90.098996981978416 6.5526543259620667 502.37016499042511 387.33467793464661 76.447633802890778 45.686562106013298 16.563653990626335 67.892779543995857 113.21530529856682 24.026399195194244 12.559254124760626 7.8267815560102445 33.855380684137344 4.9144907444715482 7.0987088531255722 139.06188625097275 55.697561770677567 4.9144907444715491 4.0043998658657065 32.945289805531502 12.377235949039457 3.822381690144538 3.6403635144233695 54.423434540629387 5.0965089201927167 3.6403635144233695 64.980488732457161 3.8223816901445389 8.1908179074525815 8.9188906103372556
leaf_count=337 13079 29 30 22 53 2099 479 186 54 37 4602 274 77 495 36 2760 2128 420 251 91 373 622 132 69 43 186 27 39 764 306 27 22 181 68 21 20 299 28 20 357 21 45 49
internal_value=-1.1567 -1.04279 -1.23406 -1.10779 -1.24505 -1.12588 -0.890117 -1.1045 -1.26086 -1.05179 -1.11336 -0.918031 -0.87872 -0.936992 -1.26759 -1.26901 -0.922032 -1.14262 -1.11048 -1.1294 -0.932366 -1.10785 -0.915002 -1.22674 -0.982163 -1.1195 -0.759766 -0.846974 -1.24225 -1.18121 -0.75034 -0.753287 -1.23439 -1.25637 -0.742881 -0.745877 -0.743263 -0.741521 -0.762647 -0.74021 -0.749972 -0.740357 -0.73876
internal_weight=5689.52 2301.07 3388.45 1613.96 3312.73 1536.23 687.119 1267.57 3062.27 250.457 1219.7 578.454 47.8708 516.568 2897.37 2882.99 477.434 164.908 122.134 151.803 98.6539 129.779 91.9192 268.659 14.3794 39.1339 61.8862 12.0132 200.402 68.2568 77.7218 75.7196 42.7743 22.0242 72.8073 70.259 66.6187 108.665 12.5593 68.9849 8.91889 62.6143 96.1056
internal_count=31258 12642 18616 8867 18200 8440 3775 6964 16824 1376 6701 3178 263 2838 15918 15839 2623 906 671 834 542 713 505 1476 79 215 340 66 1101 375 427 416 235 121 400 386 366 597 69 379 49 344 528
is_linear=0
shrinkage=1


Tree=1
num_leaves=44
num_cat=0
split_feature=7 4 10 7 10 4 4 12 0 4 10 12 11 11 12 0 0 4 6 6 0 6 11 12 0 11 6 0 4 13 11 12 0 10 10 3 0 0 0 12 10 6 12
split_gain=3984.52 1483.71 1297.96 859.388 663.794 266.837 220.734 182.409 198.68 156.062 149.155 98.687 98.1628 78.077 74.8953 49.31 39.8285 46.7526 38.5221 33.0979 26.1599 18.3428 17.6481 17.0188 12.7371 11.8904 10.2035 7.35128 6.41619 6.0451 3.90463 3.49836 3.11244 2.59419 0.535353 0.810537 0.482067 0.443943 0.296954 0.317732 0.160486 0.122358 0.0297253
threshold=-0.58852967619895924 0.93928512930870067 0.78861510753631603 1.9071474671363833 0.52131253480911266 -0.61383455991744984 1.3275650739669802 -0.47030833363533014 -0.23300249874591825 1.0000000180025095e-35 0.52131253480911266 -0.71303626894950856 5.2450463771820077 4.3274507522583017 0.17696614563465121 -0.74211320281028736 -0.4511928111314773 1.7158449888229372 -0.48790702223777765 -1.4322850704193113 -0.96030351519584645 0.69256556034088146 4.3274507522583017 0.25787544995546346 -0.37846271693706507 5.7648119926452646 0.9286600947380067 -0.087542304769158349 -0.22555463947355744 -0.67100390791892994 4.7105007171630868 -0.065761788748204694 2.021630704402924 0.8561358153820039 3.9536155462265019 1.0000000180025095e-35 1.8034403324127199 1.6579800844192507 1.7307102084159853 0.74333134293556224 3.9536155462265019 -0.48790702223777765 -0.55121764540672291
decision_type=2 2 2 2 2 2 2 2 2 2 2 2 2 2 2 2 2 2 2 2 2 2 2 2 2 2 2 2 2 2 2 2 2 2 2 2 2 2 2 2 2 2 2
left_child=1 4 3 6 5 23 12 28 -9 18 11 24 14 15 -2 -13 31 -18 19 -5 -11 -20 -22 27 -3 -14 -26 -1 -7 -25 -15 -8 37 -4 36 -36 42 40 -12 41 -6 -40 -35
right_child=2 10 33 9 32 7 16 8 -10 20 38 13 25 30 -16 -17 17 -19 21 -21 22 -23 -24 29 26 -27 -28 -29 -30 -31 -32 -33 -34 34 35 -37 -38 -39 39 -41 -42 -43 -44
leaf_value=-0.11067872589461247 -0.11574621653262646 -0.10797050110938261 0.23835729969750014 -0.063105960448294821 0.30960072422891294 -0.10667577565222562 -0.12757789156851668 -0.0040895984125673048 0.083720716158652023 -0.011477534185259736 0.30933384772926753 0.060519384000760124 0.059443356063254051 0.30933384772926753 -0.073152414053803169 0.19484366824967359 0.0027783688823453038 0.13967308154134139 -0.06749227689540728 0.10383735129200736 0.18020049492647883 0.033334882721630335 0.33086249962462883 -0.086875129697501899 0.035741676839017078 0.23391720825152548 0.16499030112886465 -0.067957036881796995 -0.055590352003527146 -0.0084714585316172913 0.246848301345021 -0.057429481330347643 0.23011726414277073 0.31782300723387052 0.31143640674572554 0.25796855858325801 0.27717683666910181 0.27620577516316852 0.29259006218700739 0.27377130965705304 0.29186412099164727 0.31482824975940965 0.30961648960621407
leaf_weight=57.628809094429016 2204.9571361541748 4.9665205329656592 6.2966179847717276 14.571569561958311 77.408874034881592 56.091861426830292 9.1496385633945447 374.2267342209816 827.29631321132183 6.6901499032974234 115.50970888137817 28.89268085360527 8.1143257170915586 59.505001544952393 507.9149776250124 505.01405775547028 90.603284150362015 34.42751944065094 45.071408241987228 64.192087382078171 94.616311654448509 30.087865114212036 8.4708729237318021 11.955195218324659 29.461470574140549 7.5314828455448142 7.705496057868003 133.77723008394241 43.771133556962013 55.42536261677742 12.02069768309593 31.881352663040161 5.639134168624877 4.7439480721950522 5.6675968468189222 5.6732970178127289 4.7308469712734214 4.5072708427906027 4.5534715056419364 4.993310183286666 5.4614018499851218 5.4183153361082068 63.412461817264557
leaf_count=337 12928 29 30 80 354 299 54 2066 4365 37 528 147 41 272 2911 2476 487 184 247 345 464 162 41 69 156 38 41 764 234 306 57 181 27 22 26 26 22 21 21 23 25 25 290
internal_value=-0.000618718 0.0962004 -0.0730729 -0.083774 0.0426082 0.0271361 -0.0995186 0.0455779 0.0563713 0.0890511 0.210074 0.19042 -0.106331 0.200719 -0.107772 0.187575 0.0124177 0.0404726 0.0240834 0.0729522 0.180145 -0.027129 0.192581 -0.0656044 0.0424389 0.143431 0.0625376 -0.0808197 -0.0842844 -0.0223825 0.298832 -0.0730721 0.302122 0.300272 0.3049 0.284689 0.308045 0.306769 0.307617 0.294363 0.308432 0.304674 0.310188
internal_weight=5680.03 2431.23 3248.8 3158.28 1653.19 1560.17 2894.58 1301.39 1201.52 263.7 778.041 647.566 2728.52 605.432 2712.87 533.907 166.062 125.031 153.923 78.7637 109.777 75.1593 103.087 258.787 42.1335 15.6458 37.167 191.406 99.863 67.3806 71.5257 41.031 93.0167 90.5248 84.2282 11.3409 72.8873 87.3775 130.475 14.9651 82.8703 9.97179 68.1564
internal_count=31258 12642 18616 18200 8867 8440 16824 6964 6431 1376 3775 3178 15918 2952 15839 2623 906 671 834 425 542 409 505 1476 226 79 197 1101 533 375 329 235 427 416 386 52 334 400 597 69 379 46 312
is_linear=0
shrinkage=0.1


Tree=2
num_leaves=50
num_cat=0
split_feature=7 4 10 7 10 4 4 0 10 4 11 11 4 0 12 12 11 11 12 10 10 0 11 4 0 0 10 0 0 0 12 0 4 3 11 6 0 10 2 6 0 0 0 2 8 6 10 13 3
split_gain=3228.34 1068.3 1038.69 729.467 455 202.87 198.311 123.243 121.829 115.72 112.736 92.3889 92.1631 89.0967 77.0076 74.2851 61.4756 59.5274 58.448 47.0916 66.1207 43.1209 36.2639 28.5808 26.4998 20.1598 19.6729 17.0088 13.156 12.6748 9.77392 8.66227 8.3375 7.85835 5.58239 4.05825 2.27862 1.82984 1.77426 0.482874 0.41895 0.374946 0.198267 0.290512 0.129724 0.116779 0.00351954 1.31618e-05 1.02798e-06
threshold=-0.58852967619895924 0.55100518465042125 0.47259169816970831 1.9071474671363833 0.52131253480911266 -0.22555463947355744 0.93928512930870067 -0.52392290532588948 0.52131253480911266 1.0000000180025095e-35 4.1870398521423349 4.7105007171630868 -0.61383455991744984 -0.5966530144214629 -0.71303626894950856 0.25787544995546346 4.1870398521423349 5.2450463771820077 -0.47030833363533014 0.78861510753631603 0.49344368278980261 -0.16027240455150601 4.3274507522583017 -1.0021144449710844 -0.37846271693706507 -0.88757342100143422 0.55838271975517284 1.1488693952560427 -0.81484332680702198 -0.37846271693706507 0.74333134293556224 0.057917897589504726 -0.22555463947355744 -0.20260532572865483 4.7105007171630868 0.69256556034088146 1.6579800844192507 0.8561358153820039 0.043701218441128738 -0.25181249529123301 -0.81484332680702198 1.8761703968048098 1.7307102084159853 -0.3234542161226272 1.0000000180025095e-35 0.69256556034088146 9.2087130546569842 -3.2356719970703121 -0.46099117398262018
decision_type=2 2 2 2 2 2 2 2 2 2 2 2 2 2 2 2 2 2 2 2 2 2 2 2 2 2 2 2 2 2 2 2 2 2 2 2 2 2 2 2 2 2 2 2 2 2 2 2 2
left_child=1 4 3 6 5 10 17 30 14 22 12 -12 -1 28 29 -9 21 24 -15 20 -4 -16 23 -5 -2 35 31 -27 -7 -3 -8 -22 -19 -31 -18 -11 44 -21 -28 -38 -39 -42 47 -44 -6 -45 -46 -10 -49
right_child=2 8 19 9 36 13 7 15 42 25 11 -13 -14 18 16 -17 34 32 -20 37 26 -23 -24 -25 -26 27 38 -29 -30 33 -32 -33 -34 -35 -36 -37 39 40 -40 -41 41 -43 43 45 46 -47 -48 48 -50
leaf_value=-0.064957154935223679 -0.12096642815924426 -0.10847824793602495 0.41791904678310454 -0.10230940383870082 0.2391914476950936 -0.067029892287302356 -0.10875027645167086 -0.038685061438844343 0.25378462866559975 -0.043008989452508223 0.28273979826068785 -0.06776290288033042 0.0062572253462559865 -0.04249837434920109 0.1103859461943118 0.06185625917271647 0.25569510574995935 0.040507459021803506 0.099249561670018693 0.19641209235337631 0.02787885422891432 0.16806797333858353 0.27394778646912615 0.026922275273740966 -0.098491651654296797 0.17773955132374269 -0.12644446992988087 0.047515912802466545 0.016929626039115468 0.018114717015747399 -0.057052466390230733 0.22067257766857892 0.20793468596033879 0.10787479216379053 0.18585037120727185 0.085525335442487013 0.22398966923379296 0.22537872009600313 -0.035815774384939235 0.18119772747519311 0.25345705599623913 0.22435825155239858 0.25887650157733988 0.22016387575944441 0.25378788521173012 0.24144692523097491 0.25653243802699544 0.2535965979667737 0.25363758221088356
leaf_weight=242.73828463256359 1237.8390180319548 5.7163339406251898 4.9056829661130932 19.776003137230873 6.4382541477680197 40.80307637155056 186.1292417794466 206.15465553104877 6.20803478360176 5.4451181143522245 23.737840488553047 11.00763016939163 723.03039042651653 31.319142818450928 182.50696489214897 114.19371856749058 67.35479561984539 7.2407485246658325 408.61233334243298 6.8428342044353476 5.6446747332811373 447.07381467521191 5.3762767612934104 127.10791322588921 910.54062978923321 95.230730682611465 6.2541382610797864 11.210526287555693 34.395233884453773 27.35115821659565 45.511961221694946 3.9692401736974716 5.047774985432623 15.159621581435202 13.785437658429144 4.4753260612487793 5.5225579142570496 6.4213209599256507 3.2999583631753922 5.0468439459800702 80.838406890630722 4.6847320795059195 6.400454685091975 4.7155084609985334 72.347081914544106 5.6876451075077057 4.9950198382139197 6.448497310280799 120.12634082138538
leaf_count=1437 7710 35 27 117 27 227 1155 1223 26 29 111 61 3805 171 869 636 283 36 2105 30 32 2043 28 671 5656 433 38 51 190 142 270 22 23 78 61 23 24 27 20 22 339 20 27 20 303 24 21 27 503
internal_value=-0.000957713 0.0831655 -0.0692106 -0.0809536 0.0342404 0.0209767 -0.0965195 -0.0430256 0.169864 0.0762376 -0.00527499 0.171698 -0.0116419 0.0719641 0.153607 -0.00284537 0.161905 -0.110186 0.0891584 0.215738 0.090325 0.151347 0.0188597 0.00952292 -0.111441 0.151317 0.0064836 0.164024 -0.0286273 0.0313247 -0.0985929 0.107476 0.109282 0.0501237 0.243829 0.0149756 0.24731 0.246301 -0.0951416 0.203557 0.250013 0.251863 0.252347 0.242113 0.25283 0.2318 0.253965 0.253642 0.253635
internal_weight=5622.67 2518.53 3104.14 2981.28 1609.99 1515.64 2712.66 551.99 908.535 268.622 1000.51 34.7455 965.769 515.13 758.948 320.348 710.721 2160.67 439.931 122.861 24.0737 629.581 152.26 146.884 2148.38 116.362 19.168 106.441 75.1983 48.2271 231.641 9.61391 12.2885 42.5108 81.1402 9.92044 94.3498 98.7873 9.5541 10.5694 91.9445 85.5231 149.586 16.8036 83.7804 10.4032 77.3421 132.783 126.575
internal_count=31258 12642 18616 18061 8504 8107 16709 3284 4138 1352 5414 172 5242 2693 3511 1859 3256 13425 2276 555 139 2912 816 788 13366 536 112 484 417 255 1425 54 59 220 344 52 397 416 58 46 386 359 627 71 351 44 324 556 530
is_linear=0
shrinkage=0.1


Tree=3
num_leaves=53
num_cat=0
split_feature=7 10 4 7 10 10 4 4 0 4 4 12 0 0 12 11 11 11 12 10 10 6 0 0 0 10 12 0 2 6 12 0 12 4 0 13 0 11 0 10 0 0 10 10 6 0 4 12 4 10 12 13
split_gain=2646.99 846.009 802.312 630.125 227.276 220.92 188.397 173.314 109.495 87.9046 86.5243 79.3804 74.4138 65.6459 61.4309 55.2897 52.4354 51.8516 47.5334 36.9701 41.8403 28.46 26.6948 24.9278 15.9654 15.8525 15.7573 13.4726 12.3392 11.7026 9.43708 7.26262 7.07734 6.0365 5.82873 5.37769 3.06051 2.40933 1.79437 1.54484 1.10482 0.708185 1.50978 0.346426 0.587461 0.307467 0.166319 0.160766 0.000540397 0.00042144 0.000395203 5.93745e-06
threshold=-0.58852967619895924 0.47259169816970831 -0.22555463947355744 1.9071474671363833 0.52131253480911266 0.52131253480911266 0.93928512930870067 0.93928512930870067 -0.52392290532588948 -0.61383455991744984 1.0000000180025095e-35 -0.2275804057717323 -0.5966530144214629 -0.66938310861587513 0.74333134293556224 4.3274507522583017 4.3274507522583017 5.2450463771820077 -0.63212695717811573 0.78861510753631603 0.49344368278980261 -0.48790702223777765 -0.37846271693706507 -1.0330336093902586 -0.74211320281028736 0.55838271975517284 0.25787544995546346 1.1488693952560427 -0.024183239787816998 0.69256556034088146 0.74333134293556224 -0.087542304769158349 -0.8748548924922942 -0.22555463947355744 0.057917897589504726 -0.67100390791892994 -0.96030351519584645 4.7105007171630868 0.56702861189842235 0.8561358153820039 1.6579800844192507 1.7307102084159853 1.2559643983840945 3.9536155462265019 0.69256556034088146 1.8034403324127199 1.3275650739669802 1.5524244308471682 0.55100518465042125 1.8433284163475039 0.74333134293556224 -3.2356719970703121
decision_type=2 2 2 2 2 2 2 2 2 2 2 2 2 2 2 2 2 2 2 2 2 2 2 2 2 2 2 2 2 2 2 2 2 2 2 2 2 2 2 2 2 2 2 2 2 2 2 2 2 2 2 2
left_child=2 3 5 6 7 9 17 12 30 26 21 32 28 -13 -10 -14 18 22 -9 20 -3 23 -2 -5 36 34 31 -26 -4 -23 -8 -1 -11 -19 -22 -28 -12 -18 -27 -21 47 48 -43 45 -45 -41 -44 49 50 -7 -6 -50
right_child=1 19 4 10 41 40 8 16 14 11 24 13 15 -15 -16 -17 37 33 -20 39 25 29 -24 -25 27 38 35 -29 -30 -31 -32 -33 -34 -35 -36 -37 -38 -39 -40 43 -42 42 46 44 -46 -47 -48 -49 51 -51 -52 -53
leaf_value=-0.10431110415334316 -0.11777425720669765 0.31043459990260686 -0.062631120819029815 -0.11687542718607549 0.21939736391892239 0.21954058666828646 -0.10498963083322699 0.025061799252895384 -0.029202999175969115 -0.11862133683615982 -0.011031201840764206 -0.060404083640287279 0.070880974377752495 0.034450997800570961 0.069725736482198639 0.22317952990576281 0.21944420451404223 0.035790269756534092 0.13432467007085511 0.16779108446125721 0.024709123875166352 -0.062219072417681209 -0.094455725125848017 0.075215909737665912 0.15731193824925405 -0.12372124415594572 -0.078983135260594556 0.042051209067277474 0.014419614010722635 0.019403594992311243 -0.053170516088579305 -0.059796990040642185 -0.057376669501672306 0.17517636932546887 0.17766734047059707 -0.002055515798621137 0.074294706645475522 0.17581018439610363 -0.0302795307602391 0.21984356260067553 0.16916400534859705 0.16881537981228326 0.23126170392293535 0.17998842693070863 0.22278470666648242 0.19514868933843366 0.20939817568301097 0.2013752036377838 0.21931552198076401 0.22033267890060643 0.22002396189595058 0.21921724904400539
leaf_weight=51.977284416556358 1148.8321452885866 5.8762255460023907 41.09805104136467 7.4404024183750144 27.532921850681305 29.761957973241806 174.13878093659878 42.640983939170837 233.68497653305531 34.094831094145775 6.6684025228023556 83.151516869664192 491.38805960118771 595.28720223903656 85.820145845413208 25.052322521805763 67.941402673721313 7.368331104516983 600.90766231715679 7.1877855062484732 5.7272439599037188 42.800661936402321 857.2830363959074 73.4090576171875 92.467144653201103 5.8624139726161939 10.947818592190741 11.390395522117613 42.049900949001312 29.792524397373199 44.030760005116463 124.30906417965889 42.249534860253334 5.3724670559167844 4.4093586504459381 53.469742178916931 11.373384639620779 15.551037386059759 3.1643726229667664 77.362260833382607 5.3147188723087302 9.0282823443412799 7.5983101874589902 6.6646792292594892 6.1833631694316864 5.3932802677154532 6.4184779822826385 5.4555681049823752 6.4495515823364249 8.6750674396753293 15.866055712103842 131.48176644742489
leaf_count=337 7710 27 230 42 111 120 1155 221 1399 191 37 459 2448 3060 460 113 274 36 2617 30 32 244 5656 374 398 38 69 51 235 156 270 764 228 23 22 306 50 66 20 312 22 37 31 27 25 22 26 22 26 35 64 530
internal_value=-0.00117348 -0.0656832 0.0729538 -0.0770423 0.119057 0.00538947 -0.0925229 0.103934 -0.0399207 -0.0048345 0.0666937 0.0119465 0.0641333 0.0228253 -0.00263041 0.0782689 0.136758 -0.106532 0.127085 0.185958 0.0769971 0.0167293 -0.107809 0.0575382 0.129587 0.00541623 -0.0574553 0.144671 -0.0236647 -0.0287208 -0.0945315 -0.0729218 -0.0847281 0.0945658 0.091245 -0.0151294 0.0427575 0.211317 -0.0909649 0.212501 0.212225 0.21722 0.200708 0.215862 0.200585 0.218234 0.22125 0.217439 0.219319 0.219719 0.219626 0.219222
internal_weight=5535.4 2959.7 2575.7 2831.87 1531 1044.69 2556.53 1326.63 537.675 995.487 275.342 754.783 599.588 678.439 319.505 516.44 727.041 2018.86 643.549 127.831 25.0396 153.443 2006.12 80.8495 121.899 19.1634 240.704 103.858 83.148 72.5932 218.17 176.286 76.3444 12.7408 10.1366 64.4176 18.0418 83.4924 9.02679 102.791 49.2073 204.375 23.0451 95.6036 12.848 82.7555 14.0168 43.8926 181.33 38.437 43.399 137.931
internal_count=31258 18616 12642 18061 7029 5613 16709 6204 3284 5414 1352 3938 3026 3519 1859 2561 3178 13425 2838 555 139 816 13366 416 536 112 1476 449 465 400 1425 1101 419 59 54 375 87 340 58 416 199 825 94 386 52 334 57 177 731 155 175 556
is_linear=0
shrinkage=0.1


Tree=4
num_leaves=52
num_cat=0
split_feature=7 10 4 7 10 4 4 11 12 0 10 4 11 11 12 11 12 4 0 10 10 0 11 4 12 10 12 0 12 0 0 11 11 2 4 0 2 10 0 2 0 0 12 6 0 2 1 1 6 6 13
split_gain=2188.05 702.404 619.627 546.582 280.235 179.24 134.998 117.101 105.907 97.2647 83.4676 66.8669 60.8253 50.0896 50.0562 45.5034 41.9541 35.4872 31.7933 30.2422 30.6285 27.1447 21.6988 17.1873 14.0268 12.3675 11.7279 9.78798 9.13479 6.93672 4.88089 4.69936 21.0813 4.64563 4.59113 1.95094 1.7818 1.43652 1.36682 0.5269 0.330331 0.308177 0.258196 0.298269 0.159771 0.245647 0.105534 0.0895906 0.0212488 3.76004e-06 2.98129e-07
threshold=-0.58852967619895924 0.47259169816970831 0.55100518465042125 1.9071474671363833 0.52131253480911266 0.93928512930870067 -0.61383455991744984 4.3274507522583017 -0.47030833363533014 -0.52392290532588948 0.52131253480911266 -0.22555463947355744 4.7105007171630868 4.1870398521423349 0.25787544995546346 5.2450463771820077 -0.63212695717811573 1.7158449888229372 -1.0330336093902586 0.78861510753631603 0.55838271975517284 -0.37846271693706507 4.3274507522583017 -1.0021144449710844 0.25787544995546346 0.49344368278980261 -0.3084897100925445 -0.37846271693706507 0.74333134293556224 -0.087542304769158349 -0.087542304769158349 4.7105007171630868 5.5578908920288095 -0.68303051590919484 -0.22555463947355744 2.021630704402924 0.043701218441128738 0.8561358153820039 0.057917897589504726 -0.018764829263091084 -0.81484332680702198 1.8761703968048098 1.5524244308471682 -1.0000000180025095e-35 1.7307102084159853 0.10541220754384996 0.43031994625926023 1.1129009425640108 1.1647546291351321 -0.72400152683258046 -3.2356719970703121
decision_type=2 2 2 2 2 2 2 2 2 2 2 2 2 2 2 2 2 2 2 2 2 2 2 2 2 2 2 2 2 2 2 2 2 2 2 2 2 2 2 2 2 2 2 2 2 2 2 2 2 2 2
left_child=2 3 4 5 6 15 24 8 -8 28 13 23 -9 16 -11 21 27 -18 39 20 25 -2 -20 38 29 -3 -25 -4 -7 -1 -26 48 -33 -27 -17 42 -22 -21 -5 -13 -39 -42 47 -44 49 46 -46 -6 -15 -12 -51
right_child=1 19 10 11 35 9 7 12 -10 14 44 18 -14 31 -16 34 17 -19 22 37 36 -23 -24 26 30 33 -28 -29 -30 -31 -32 32 -34 -35 -36 -37 -38 40 -40 -41 41 -43 43 -45 45 -47 -48 -49 -50 50 -52
leaf_value=-0.10066216136834619 -0.11493568228459364 0.25496545374333329 -0.10712434388199593 -0.12371304603709095 0.19685166622253061 -0.10147509075049779 -0.084172009744852574 0.2301080810091031 0.030608871650356941 -0.033304123164010567 0.19581478802164159 -0.12874326123010355 -0.0096658840070725331 0.19673338203988872 0.048463399134962656 0.031709132879832257 0.1043531788461875 0.17465866870679392 0.093614711059431255 0.14668281518103965 -0.121277764091476 -0.090613690482421752 0.22244493216128222 -0.038115617407855629 -0.054113872913899012 -0.0088168203166373721 0.041295001684468549 0.03293576730423961 -0.04948517573821775 -0.055892752410417849 0.005180361579982226 -0.026798947166992961 0.21427617775209906 0.12912016521570863 0.15160311495586473 0.13769712000897011 -0.026023979957369017 0.17109821507150019 -0.069235934023348142 -0.076387134013553667 0.19546436711475235 0.16988834358003052 0.16367725004402231 0.19707966665624824 0.20096568616096283 0.16687204566687791 0.18259240030335602 0.1861394466021333 0.20148116470721469 0.1957266224340336 0.19574901297363689
leaf_weight=48.648263841867447 1063.8563788831234 6.4047428965568605 5.6430751234292975 8.1354291588068026 72.954624712467194 162.74442167580128 86.364858746528625 42.232573807239532 1161.3639957010746 198.24593649804592 8.9958506971597654 3.9771167486906052 14.116179063916205 59.927912160754204 120.2994120568037 7.4787551164627075 600.20591136813164 81.549591705203056 157.69935563206673 7.3875957727432242 5.4587633758783323 806.90213361382484 14.255552932620047 28.716740116477013 20.405079036951065 3.8461926430463818 52.77949196100235 43.086410000920296 42.652961745858192 119.92763577401638 43.431721597909927 5.2818431258201608 11.580321416258812 6.6861827373504594 5.5746842324733716 6.6466748565435401 3.0672199577093124 6.7470711022615424 10.614638015627859 3.720165327191352 84.713622599840164 4.9886699616909018 5.7465640902519226 4.998775050044058 7.2467929869890231 4.9928613454103461 5.4980185627937317 8.7429951876401883 11.186117142438887 6.2470205128192893 123.69163908064365
leaf_count=337 7710 27 36 53 292 1155 495 176 5887 1223 36 23 73 240 636 36 2563 342 707 30 38 5656 60 150 121 20 272 215 270 764 254 23 47 34 23 27 20 27 66 21 339 20 23 20 29 20 22 35 45 25 495
internal_value=-0.00130539 -0.0624294 0.0646472 -0.0733819 0.0270304 -0.0887576 0.0165187 0.0290321 0.022664 -0.0370221 0.127741 0.0588837 0.170041 0.114941 -0.00242442 -0.103147 0.106356 0.112763 0.0953946 0.165233 0.0675703 -0.104445 0.104295 -0.00654787 -0.0536947 0.145385 0.0133132 0.0167162 -0.0906788 -0.0688125 -0.0137727 0.186226 0.138763 0.0787486 0.0829118 0.190026 -0.0870102 0.189182 -0.0928729 -0.103439 0.192437 0.194042 0.193789 0.179216 0.194611 0.185674 0.19304 0.195705 0.19748 0.195752 0.195748
internal_weight=5427.67 2816.95 2610.71 2687.65 1635.58 2407.75 1536.49 1304.08 1247.73 523.943 975.133 279.898 56.3488 818.461 318.545 1883.81 730.485 681.756 179.652 129.3 25.4631 1870.76 171.955 100.246 232.413 16.9371 81.4962 48.7295 205.397 168.576 63.8368 87.9762 16.8622 10.5324 13.0534 99.0896 8.52598 103.837 18.7501 7.69728 96.4494 89.7023 92.443 10.7453 156.672 17.7377 12.7448 81.6976 71.114 138.935 129.939
internal_count=31258 18616 12642 18061 8504 16709 8107 6631 6382 3284 4138 1352 249 3511 1859 13425 3156 2905 811 555 139 13366 767 541 1476 81 422 251 1425 1101 375 355 70 54 59 397 58 416 119 44 386 359 370 43 627 71 51 327 285 556 520
is_linear=0
shrinkage=0.1


Tree=5
num_leaves=52
num_cat=0
split_feature=7 10 4 7 4 10 10 0 0 11 11 4 12 4 11 11 11 0 12 10 10 0 6 0 3 11 11 2 10 12 0 12 11 11 0 11 2 3 0 10 0 0 10 12 0 0 1 12 4 12 13
split_gain=1819.4 589.818 516.525 475.494 170.573 161.167 147.281 106.136 86.3277 83.0099 70.3802 67.7642 60.5762 55.8184 53.2243 46.9837 40.1485 38.7117 29.269 25.6251 24.1792 20.8882 21.8644 19.2588 13.382 11.7864 10.5355 10.356 9.55593 8.84914 7.51919 7.10097 6.46471 4.14072 4.00147 2.82455 2.65574 2.04803 1.80543 1.40914 1.04425 0.717185 1.26332 0.339361 0.407923 0.142151 0.124265 0.00114915 0.000451026 0.00080682 2.15144e-06
threshold=-0.58852967619895924 0.47259169816970831 -0.22555463947355744 1.9071474671363833 0.93928512930870067 0.52131253480911266 0.52131253480911266 -0.81484332680702198 -0.52392290532588948 4.3274507522583017 4.1870398521423349 0.93928512930870067 1.0000000180025095e-35 1.0000000180025095e-35 4.7105007171630868 5.7648119926452646 5.2450463771820077 -0.23300249874591825 1.0000000180025095e-35 0.78861510753631603 0.55838271975517284 -0.37846271693706507 -0.48790702223777765 -0.5966530144214629 -0.20260532572865483 4.7105007171630868 4.3274507522583017 -0.12525249272584912 0.49344368278980261 0.74333134293556224 -1.0330336093902586 0.25787544995546346 5.0492105484008798 5.7648119926452646 0.057917897589504726 4.4469227790832528 -0.018764829263091084 0.83093807101249706 0.56702861189842235 0.8561358153820039 1.6579800844192507 1.7307102084159853 1.2559643983840945 -1.2794014215469358 1.7307102084159853 1.9489005208015444 1.1129009425640108 1.1478778719902041 0.55100518465042125 1.1478778719902041 -3.2356719970703121
decision_type=2 2 2 2 2 2 2 2 2 2 2 2 2 2 2 2 2 2 2 2 2 2 2 2 2 2 2 2 2 2 2 2 2 2 2 2 2 2 2 2 2 2 2 2 2 2 2 2 2 2 2
left_child=2 3 6 4 16 7 10 27 29 11 12 -9 17 21 35 -10 18 -1 -2 20 28 30 -23 -14 26 -11 -15 37 -3 -6 -5 -29 -16 -18 -30 -12 -26 -4 -22 -21 46 48 -43 -41 -45 -44 47 -8 49 -7 -50
right_child=1 19 5 13 8 41 40 9 15 25 14 -13 23 24 32 -17 33 -19 -20 39 38 22 -24 -25 36 -27 -28 31 34 -31 -32 -33 -34 -35 -36 -37 -38 -39 -40 43 -42 42 45 44 -46 -47 -48 -49 50 -51 -52
leaf_value=-0.069271563834886835 -0.10734824028953927 0.22055568734575604 -0.057778382586170789 -0.10987017598990526 -0.098149790062747502 0.17891492107008072 0.17896161911570471 0.05413862804657258 -0.0066852323352498402 0.18648065869990621 0.23979551828343804 0.10174421905014373 -0.034440458241508431 0.074150645953190583 -0.12916198833204173 0.33004264628607471 0.012526674828266242 -0.013585707123947535 -0.0735783411400103 0.1302526062919078 -0.11924971325120384 0.079104572093754169 -0.012320219168873435 0.034703315103292859 0.18073336937329942 0.10615979430858738 0.21794049598206364 -0.03720744875340757 0.013770234915236844 -0.045987374367045114 -0.019303374551109261 0.055230258540410852 0.030341677475410896 0.12468481459736358 0.13571889934401585 0.17444573951740922 0.12272533226724586 -0.10856022245355877 -0.020980721561843066 0.15169510446656589 0.13079654022202195 0.13138512807188193 0.1663239721345883 0.17846605454101744 0.14901197204615124 0.18691877885827976 0.1636206064156846 0.18050464813273873 0.17878561474262933 0.18011128029135071 0.17872626905522701
leaf_weight=171.29990258812904 1430.0976077914238 6.6476658433675828 16.54451610147953 12.066372275352476 151.99079187214375 36.483756810426712 32.049676865339279 550.18497067689896 313.26187552511692 89.046412914991379 12.437275707721712 654.96074874699116 47.190070077776909 89.836704343557358 6.0086248368024808 4.1992543488740912 6.0683309733867628 460.28773681819439 312.78947404026985 7.4815061688423148 5.1018763110041601 57.208733797073364 48.195186853408813 275.2281357049942 18.990205436944962 22.985316142439842 5.4020309150218955 23.044921964406967 6.0083642750978452 41.37618762254715 38.15254382789135 12.997426420450209 4.4030395746231079 7.1937800794839859 4.872911125421524 14.12588846683502 13.50525179505348 15.273447886109354 2.9509873986244202 5.7143780738115302 5.4876263588666907 9.2158540487289446 5.4585689753293982 84.631095707416534 4.978665128350257 8.682109057903288 5.9287783652544013 5.6821525394916526 6.4084362834691992 6.6672184169292441 130.62272779643536
leaf_count=1014 11082 27 81 74 1155 148 130 2654 1839 361 52 2730 268 382 35 20 28 2529 2284 30 38 276 267 1431 77 99 22 124 32 270 199 65 26 31 22 59 55 90 20 23 22 37 22 343 20 35 24 23 26 27 530
internal_value=-0.00138039 -0.0593806 0.0577234 -0.0699089 -0.0851746 0.093592 0.00294175 0.0813817 -0.0343148 0.0876649 -0.0054384 0.0800108 -0.0106849 0.0522234 0.129929 -0.00223112 -0.0999687 -0.0286889 -0.101288 0.149757 0.0601972 0.012013 0.0373012 0.0245832 0.101213 0.170001 0.0823065 -0.0405774 0.126092 -0.0869882 -0.0410644 -0.00387299 -0.0617087 0.0733647 0.0683819 0.205043 0.156625 -0.082155 -0.0832389 0.172043 0.171912 0.176681 0.160194 0.175323 0.17683 0.178969 0.177079 0.179194 0.178818 0.1791 0.178729
internal_weight=5307.43 2678.72 2628.71 2550.33 2266.98 1588.58 1040.13 1385.04 510.828 1317.18 990.981 1205.15 954.006 283.357 36.9748 317.461 1756.15 631.588 1742.89 128.387 25.5818 155.623 105.404 322.418 127.734 112.032 95.2387 67.8603 17.5289 193.367 50.2189 36.0423 10.4117 13.2621 10.8813 26.5632 32.4955 31.818 8.05286 102.806 49.1482 203.539 23.3565 95.3241 89.6098 14.1407 43.6606 37.7318 180.182 43.151 137.031
internal_count=31258 18616 12642 18061 16709 7029 5613 6204 3284 5844 5414 5384 5242 1352 172 1859 13425 3543 13366 555 139 816 543 1699 536 460 404 360 81 1425 273 189 61 59 54 111 132 171 58 416 199 825 94 386 363 57 177 153 731 175 556
is_linear=0
shrinkage=0.1


Tree=6
num_leaves=52
num_cat=0
split_feature=7 10 7 4 4 10 10 0 0 11 12 12 4 0 12 4 11 0 10 11 10 4 0 11 13 0 2 11 10 12 12 6 2 4 6 3 2 3 10 0 0 10 10 3 0 12 0 1 4 12 6
split_gain=1518.61 499.031 414.426 410.553 162.513 145.266 122.674 83.7677 78.2534 72.5571 65.4849 60.8089 55.2398 45.8109 44.6112 44.3263 35.58 30.1143 22.1663 20.3042 19.4828 18.2105 11.2196 11.075 10.8795 13.214 8.9692 8.06923 7.83361 7.54137 5.72588 5.14595 3.74079 3.45841 2.78036 1.99272 1.7951 1.54059 1.42509 1.03364 0.758573 1.14734 0.359799 0.578653 0.305594 0.125968 0.1208 0.000904563 0.000262248 0.000464304 1.41105e-06
threshold=-0.58852967619895924 0.47259169816970831 1.9071474671363833 -0.22555463947355744 0.93928512930870067 0.52131253480911266 0.52131253480911266 -0.81484332680702198 -0.66938310861587513 4.3274507522583017 1.0000000180025095e-35 -0.065761788748204694 -0.61383455991744984 -0.23300249874591825 0.74333134293556224 1.0000000180025095e-35 5.2450463771820077 -0.37846271693706507 0.78861510753631603 4.3274507522583017 0.55838271975517284 -1.0021144449710844 -0.087542304769158349 4.7105007171630868 0.2266299054026604 -0.88757342100143422 -0.12525249272584912 3.5662771463394169 0.49344368278980261 -0.8748548924922942 0.25787544995546346 1.1647546291351321 0.17174854874610904 -0.22555463947355744 0.22037653252482417 0.83093807101249706 0.043701218441128738 -2.2696920633316036 0.8561358153820039 1.6579800844192507 1.7307102084159853 1.2559643983840945 3.9536155462265019 1.0000000180025095e-35 1.8034403324127199 1.5524244308471682 1.9489005208015444 0.43031994625926023 0.55100518465042125 1.1478778719902041 -0.72400152683258046
decision_type=2 2 2 2 2 2 2 2 2 2 2 2 2 2 2 2 2 2 2 2 2 2 2 2 2 2 2 2 2 2 2 2 2 2 2 2 2 2 2 2 2 2 2 2 2 2 2 2 2 2 2
left_child=3 2 4 6 16 7 11 26 27 10 -9 29 22 -14 -10 19 17 -2 20 21 28 -4 -13 -11 34 -26 35 -6 -3 37 -28 -31 -18 -30 -17 -5 -22 -1 -20 45 48 -42 44 -44 -40 47 -43 -8 49 -7 -50
right_child=1 18 15 5 8 40 39 9 14 23 -12 12 13 -15 -16 24 32 -19 38 -21 36 -23 -24 -25 25 -27 30 -29 33 31 -32 -33 -34 -35 -36 -37 -38 -39 42 -41 41 46 43 -45 -46 -47 -48 -49 50 -51 -52
leaf_value=-0.058854917318497124 -0.11028070011910014 0.1970246294700293 -0.093459901231369602 -0.053215366426094451 -0.095089116363369086 0.16598812009967756 0.16594562984198236 0.049126804536183705 -0.02795223110167688 0.17161267266978161 0.095441483638128641 -0.080959802357771768 -0.022905645099943268 0.033744676173886011 0.051760831709966371 -0.033744794361565349 0.10253152007592126 -0.082814353910010255 0.11694241947418216 0.18529004572986477 -0.11740750320408477 0.015841525015443631 -0.027940693291397478 0.094042060258457988 -0.0083739139853439819 0.11041070460361523 -0.034124698525155504 0.031344088022157816 -0.010237854710985712 -0.066525702759572494 0.048582659722915304 0.0045636086600853503 -0.00906695722671658 0.10431887772007338 0.057280671016746644 -0.10440734895964326 -0.017192698582659365 -0.11180735217579359 0.16639253224838549 0.11797465785022249 0.11911955915172275 0.15298287903229779 0.16810817684673146 0.12523493739778682 0.14180141472580629 0.1497278311136831 0.17217104433516961 0.16716353400022987 0.16588278976420584 0.16690847760181085 0.16584095151114009
leaf_weight=6.3345454633235923 914.24926779419184 6.69341409206391 17.226773269474506 16.186164915561676 149.47844786942005 35.443810567259789 29.454156950116158 657.37986645102501 245.88468436151743 87.17376297712326 569.97959411144257 57.476601928472519 202.49971628189087 483.75337602198124 98.265760287642479 7.7740135937929136 8.9298728108406049 708.55054843425751 7.4982149899005881 6.389058753848075 4.739143803715705 132.36609379947186 130.61096306145191 23.331798642873764 10.278355717658995 105.40082564949989 22.636313870549202 5.2243172302842131 4.2921009659767186 50.063074812293053 13.282019600272177 12.782432854175566 4.5259807705879203 6.8271870315074867 5.9041768312454224 14.341335862874987 2.8697796016931534 41.422456905245781 74.807626232504845 5.4758580178022376 9.1511692553758639 5.3465756177902213 6.2606074213981611 6.3321138471364975 5.419563114643096 5.307314157485961 8.4922332167625409 7.6906733065843573 8.6192460358142835 6.4841358363628379 124.48466919362545
leaf_count=43 7710 27 117 81 1176 148 123 2928 1560 361 2456 411 1121 2368 511 32 39 5656 30 28 38 671 826 99 51 429 124 37 20 302 65 76 20 34 24 90 20 267 312 22 37 22 26 26 22 22 35 32 36 27 520
internal_value=-0.00141912 -0.056495 -0.0665854 0.0517964 -0.0817122 0.0834865 0.00263422 0.07218 -0.0317463 0.0776229 0.0706351 -0.00496805 0.00386927 0.0170283 -0.00519165 0.0466037 -0.0969455 -0.0982883 0.137741 0.0107108 0.0543348 0.00325462 -0.0441425 0.155235 0.0898841 0.0998564 -0.0374121 -0.0908195 0.111551 -0.0748292 -0.00354085 -0.0520665 0.0649945 0.0600994 0.00554625 -0.0772645 -0.0796105 -0.104784 0.158877 0.158864 0.163669 0.146591 0.162265 0.14655 0.164731 0.164139 0.164758 0.166198 0.165912 0.16613 0.165844
internal_weight=5181.39 2546.19 2420.45 2635.2 2135.11 1602.33 1032.87 1404.31 498.853 1337.87 1227.36 984.943 874.341 686.253 344.15 285.339 1636.26 1622.8 125.74 155.982 25.4216 149.593 188.088 110.506 129.357 115.679 66.4458 154.703 17.8127 110.603 35.9183 62.8455 13.4559 11.1193 13.6782 30.5275 7.60892 47.757 100.318 47.928 198.022 22.99 92.8199 12.5927 80.2272 42.4521 13.8388 37.1448 175.032 41.9279 133.104
internal_count=31258 18616 18061 12642 16709 7029 5613 6204 3284 5844 5384 5414 4726 3489 2071 1352 13425 13366 555 816 139 788 1237 460 536 480 360 1213 81 688 189 378 59 54 56 171 58 310 416 199 825 94 386 52 334 177 57 155 731 175 556
is_linear=0
shrinkage=0.1


Tree=7
num_leaves=48
num_cat=0
split_feature=7 10 7 4 10 4 12 0 4 0 10 4 4 12 12 10 6 0 4 0 10 11 10 11 4 0 10 11 12 10 0 11 0 0 2 10 0 4 12 0 0 0 12 13 2 13 6
split_gain=1270.4 424.229 361.64 344.871 176.246 154.481 91.3953 83.0635 71.5215 70.2248 54.5291 40.6148 36.4487 35.9594 35.9233 33.9057 34.9601 27.9234 23.5323 20.4355 19.6449 17.1099 15.8294 13.6458 12.1588 9.60522 8.41362 8.34123 8.32286 6.75816 6.46809 6.33188 3.31146 2.12504 1.85446 1.46645 1.34794 0.592217 0.35749 0.425172 0.250262 0.196607 0.248191 0.15025 0.0885085 1.28997e-07 2.55577e-08
threshold=-0.58852967619895924 0.47259169816970831 1.9071474671363833 0.93928512930870067 0.52131253480911266 0.93928512930870067 -0.2275804057717323 -0.23300249874591825 -1.0021144449710844 -0.74211320281028736 0.52131253480911266 1.7158449888229372 -0.22555463947355744 0.25787544995546346 1.0000000180025095e-35 0.26758025586605078 -0.72400152683258046 0.20337810367345813 1.7158449888229372 -1.0330336093902586 0.78861510753631603 5.3029351234436044 0.55838271975517284 4.3274507522583017 -1.0021144449710844 -0.30573260784149164 0.44525241851806646 4.1870398521423349 -0.8748548924922942 0.49344368278980261 0.057917897589504726 3.5662771463394169 0.057917897589504726 2.021630704402924 0.056651268154382713 0.8561358153820039 0.057917897589504726 1.0000000180025095e-35 -1.2794014215469358 1.7307102084159853 1.6579800844192507 1.7307102084159853 0.74333134293556224 0.2266299054026604 -0.024183239787816998 -3.2356719970703121 -0.72400152683258046
decision_type=2 2 2 2 2 2 2 2 2 2 2 2 2 2 2 2 2 2 2 2 2 2 2 2 2 2 2 2 2 2 2 2 2 2 2 2 2 2 2 2 2 2 2 2 2 2 2
left_child=3 2 5 4 6 14 27 13 -9 31 15 -11 24 -8 21 16 30 -16 -18 37 22 -2 29 -21 36 -26 -17 28 -1 -3 -5 -7 -31 40 -24 -22 -4 -14 -37 -40 43 45 44 -6 -43 -12 -47
right_child=1 20 12 10 33 9 7 8 -10 11 41 -13 19 -15 17 26 18 -19 -20 23 35 -23 34 -25 25 -27 -28 -29 -30 32 -32 -33 -34 -35 -36 38 -38 -39 39 -41 -42 42 -44 -45 -46 46 -48
leaf_value=-0.087970301046748509 -0.10226435878874729 0.179914681674642 -0.11878044739005288 -0.0092130635843436746 0.13838375539483302 -0.096295099333013098 -0.041669094626664203 -0.034426830294530857 0.045020282826770466 -0.018323885369291554 0.15576481748727014 0.088777821274603624 -0.12365189396136883 0.017924069248838256 -0.082630900144993594 -0.012712625296037767 0.088687869102492295 -0.014385558591957646 0.14051357507371515 0.066164960116749619 0.10582275865301093 0.054327979782743868 -0.11556014157358946 0.16679060263848783 -0.038073416411935179 0.033393471937821453 -0.17897833481214745 0.078355484888038229 -0.04132248979567054 0.0040086686642143632 0.048498661795009543 0.019211645403081477 0.1124597431338784 0.095417221190008825 -0.010769617590982586 0.12717582560000681 -0.061060979058931222 -0.065633354567966457 0.15533939695684262 0.12465420183160114 0.13222555372571571 0.16114473113228889 0.12666346396069125 0.15605848861122615 0.14300607744026231 0.15577455756340292 0.1557805626086804
leaf_weight=73.824124433100224 1233.4355239123106 6.600896865129477 6.9401133358478573 28.255928352475166 5.1086359173059455 126.13517425209284 248.73765005171299 129.22817015647888 920.08649902045727 316.49861671030521 5.7459462434053412 39.867150157690048 3.9982180893421164 170.77444824576378 197.74054329097271 8.3902969360351545 565.17376436293125 86.042365945875645 103.68773134052753 164.99420207738876 7.4591901898384085 7.017297387123107 4.4850968569517127 14.675343453884123 28.838279768824577 54.059242978692055 4.7759908735752097 4.241812825202941 79.369007661938667 6.2677375227212888 62.101432234048843 4.9314433932304373 5.1116192489862442 6.6939988136291495 2.708691731095314 5.4577541947364798 9.7024015933275205 3.141823947429657 79.124248072504997 4.7888052463531485 5.0960640609264365 5.8688687235116967 5.4468596875667563 82.16673569381237 4.966790348291398 7.5850252211093894 108.03244575858116
leaf_count=468 11086 27 53 118 22 1066 1441 839 4296 1977 25 207 26 909 1635 35 2323 674 424 707 30 30 39 60 154 268 20 22 465 32 258 34 22 27 19 23 66 18 343 20 21 25 23 357 21 33 470
internal_value=-0.00143847 -0.0537508 -0.063398 0.0465994 0.0203269 -0.0783649 0.0124385 0.0201998 0.035236 -0.0293612 0.0964093 -0.00634226 0.0417476 -0.01741 -0.0940357 0.0860758 0.0888349 -0.0619391 0.096722 0.0677907 0.12796 -0.101379 0.0492613 0.074384 -0.00712813 0.00853167 -0.0730245 -0.059972 -0.0638022 0.0994188 0.0304515 -0.0919491 0.052725 0.149823 -0.0761032 0.14842 -0.0851306 -0.0981221 0.151975 0.153588 0.153766 0.154395 0.144077 0.155024 0.15283 0.155779 0.15578
internal_weight=5055.38 2420.02 2298.02 2635.36 1725.33 2011.67 1626.26 1468.83 1049.31 487.432 910.031 356.366 286.35 419.512 1524.24 772.385 759.219 283.783 668.861 186.81 122.004 1240.45 25.174 179.67 99.54 82.8975 13.1663 157.435 153.193 17.9803 90.3574 131.067 11.3794 99.0654 7.19379 96.83 16.6425 7.14004 89.3708 83.9131 92.3714 137.646 16.2825 87.2754 10.8357 121.363 115.617
internal_count=31258 18616 18061 12642 8867 16709 8440 7485 5135 3284 3775 2184 1352 2350 13425 3178 3123 2309 2747 811 555 11116 139 767 541 422 55 955 933 81 376 1100 54 427 58 416 119 44 386 363 400 597 69 379 46 528 503
is_linear=0
shrinkage=0.1


Tree=8
num_leaves=48
num_cat=0
split_feature=5 4 5 10 10 4 11 5 4 11 10 0 11 10 4 10 10 11 12 6 12 0 0 7 12 0 12 10 10 0 0 6 9 11 11 12 0 9 2 10 0 9 6 7 0 12 0
split_gain=1082 414.989 241.031 216.87 185.695 106.799 96.4601 86.8484 84.0697 72.1636 61.0088 55.0058 41.6835 40.5097 35.4976 31.4345 31.0685 25.1394 21.3688 20.4132 18.3782 15.3089 14.7633 14.7345 12.9477 10.4981 9.85439 9.42987 9.54239 8.53591 7.90625 4.91435 4.82911 4.21654 3.16246 2.4151 2.23136 0.891546 0.505877 0.433353 0.250849 0.120241 0.267699 0.0168786 0.0071777 0.0041186 0.00189851
threshold=1.0000000180025095e-35 0.93928512930870067 -1.4034662842750547 0.47259169816970831 0.52131253480911266 0.93928512930870067 4.1870398521423349 -1.4034662842750547 -0.61383455991744984 4.7105007171630868 0.52131253480911266 -0.4511928111314773 4.3274507522583017 0.88612297177314769 1.7158449888229372 0.44525241851806646 0.82945853471755993 5.7648119926452646 0.25787544995546346 -0.48790702223777765 0.50060339272022258 0.20337810367345813 -0.37846271693706507 1.0000000180025095e-35 3.0897014141082768 -0.81484332680702198 0.33878475427627569 0.88612297177314769 0.49344368278980261 -0.16027240455150601 1.1488693952560427 -0.72400152683258046 1.0000000180025095e-35 3.5662771463394169 4.7105007171630868 1.0000000180025095e-35 2.021630704402924 1.0000000180025095e-35 -0.34140002727508539 0.7003748118877412 1.7307102084159853 1.0000000180025095e-35 0.22037653252482417 -1.0000000180025095e-35 0.9306791126728059 0.17696614563465121 -0.66938310861587513
decision_type=2 2 2 2 2 2 2 2 2 2 2 2 2 2 2 2 2 2 2 2 2 2 2 2 2 2 2 2 2 2 2 2 2 2 2 2 2 2 2 2 2 2 2 2 2 2 2
left_child=1 2 13 5 6 17 8 16 -4 -8 12 25 15 20 23 -9 18 22 31 -20 32 -22 35 -13 -24 33 -27 28 -5 -30 -16 -3 -1 -7 -14 -2 37 -6 -15 -12 -41 42 45 -18 46 -29 -43
right_child=3 7 4 27 36 11 9 10 -10 -11 39 14 34 38 30 -17 43 -19 19 -21 21 -23 24 -25 -26 26 -28 41 29 -31 -32 -33 -34 -35 -36 -37 -38 -39 -40 40 -42 44 -44 -45 -46 -47 -48
leaf_value=-0.09366842356701427 -0.11021500847507236 -0.10092206015036863 -0.050592152768666188 0.16617564014933445 0.17107802233482583 -0.098567858307004097 0.17772746123716693 0.072070828884751442 0.014420818781741571 -0.03809977169517649 0.1722276113915511 0.006088548363050496 0.15328627133429484 0.10492491657918764 0.14634182087592915 -0.16601571307754309 0.14878525592143316 0.11918232673777281 0.11095732465733704 -0.012150213007185561 -0.073404906175156201 0.022803015096858295 -0.083971608458651079 -0.063040480747468541 0.13102131174024981 -0.077477563131434543 0.0024264395573543648 0.15201205407938578 -0.13106235955588738 0.084395032317327479 0.008353270161243145 -0.033318572801052458 -0.067168338512120937 0.0095472994755925761 0.10485237863493096 -0.093765411148765881 0.089337150552138436 0.14444477150956284 0.15023965811801576 0.1479426862980007 0.13440829678955515 0.15027436386790483 0.12479522676346695 0.1563327316077433 0.15288779679854694 0.14780406123848017 0.1480122202076552
leaf_weight=198.40056917071342 590.7028990611434 13.016057781875132 228.55770035088062 4.0231134444475156 14.648724928498266 100.59706790745258 57.226689830422401 786.98400307446718 1532.9597434923053 21.24252387881279 6.8335012495517722 110.49785037338734 68.928395599126816 4.4324985444545746 19.182918637990955 5.5848001986742011 8.5863509923219663 5.2870407253503791 22.253001049160957 34.122973218560219 33.80161964148283 32.386700138449669 331.19989416003227 42.766071185469627 2.825091339647769 35.739803858101368 27.166602626442909 4.7099523395299929 3.7482480779290199 3.6094477623701096 5.2993305176496497 61.845008969306946 105.24336206912994 3.7414711862802497 16.758828833699226 105.13961705565453 6.862245261669158 88.523521989583969 5.5460659861564618 122.3842481225729 15.419489860534666 4.893824070692065 7.7758716344833365 4.5242676883935919 4.7262912839651099 4.5952350497245789 15.336775392293932
leaf_count=1843 5912 89 1618 17 64 919 237 3215 7628 113 31 664 308 20 92 24 39 22 117 180 288 256 2999 270 23 298 187 21 26 23 26 406 969 25 69 949 28 402 25 559 68 22 35 20 21 21 70
internal_value=-0.00144098 0.0285519 0.00416912 -0.0746064 0.0183642 -0.0822584 0.0108179 0.0772204 0.00598536 0.119301 0.0874673 -0.0340725 0.0775564 -0.0687112 0.00466006 0.0703932 0.00460798 -0.0983176 -0.0100556 0.0364434 -0.0740757 -0.0263293 -0.0994342 -0.0132009 -0.0821533 -0.0752371 -0.0429704 0.123094 0.042344 -0.0253659 0.116473 -0.0450728 -0.0844835 -0.094691 0.143814 -0.10773 0.144554 0.148226 0.130111 0.147647 0.146428 0.144955 0.13849 0.15139 0.149379 0.149934 0.148559
internal_weight=4930.64 3497.07 2329.83 1433.56 1950.02 1380.15 1839.99 1167.24 1761.52 78.4692 1022.89 344.991 878.256 379.811 177.746 792.569 144.348 1035.15 131.237 56.376 369.832 66.1883 1029.87 153.264 334.025 167.245 62.9064 53.4188 11.3808 7.3577 24.4822 74.8611 303.644 104.339 85.6872 695.843 110.034 103.172 9.97856 144.637 137.804 42.0379 17.0811 13.1106 24.9569 9.30519 20.2306
internal_count=31258 18616 13491 12642 10090 12386 9596 5125 9246 350 4274 2481 3616 3401 1052 3239 851 9905 792 297 3356 544 9883 934 3022 1429 485 256 66 49 118 495 2812 944 377 6861 494 466 45 658 627 190 77 59 113 42 92
is_linear=0
shrinkage=0.1


Tree=9
num_leaves=50
num_cat=0
split_feature=5 10 5 4 10 4 11 0 11 0 12 12 11 12 11 0 11 9 0 11 9 12 4 2 10 10 0 5 10 11 4 12 0 10 10 0 4 0 7 10 0 13 0 9 2 0 0 4 0
split_gain=927.142 341.882 276.243 242.247 187.745 102.598 73.9314 69.3109 53.0321 49.5984 48.6918 44.8055 39.7593 23.8414 22.9563 19.1195 18.2587 15.183 14.1491 12.5475 12.4968 12.1765 9.94606 9.14678 8.50995 8.13346 7.26475 5.70045 16.5151 5.04769 4.74551 2.37317 1.84673 1.61358 3.65523 1.03741 0.952151 0.79614 0.716915 1.75101 0.597892 0.235326 0.19124 0.118879 0.271782 0.00463141 0.0012102 0.000913685 0.000513824
threshold=1.0000000180025095e-35 0.52131253480911266 -1.4034662842750547 -0.22555463947355744 0.47259169816970831 0.93928512930870067 4.3274507522583017 -0.74211320281028736 4.1870398521423349 -0.81484332680702198 -0.47030833363533014 0.25787544995546346 4.7105007171630868 0.74333134293556224 5.2450463771820077 1.0000000180025095e-35 4.7105007171630868 1.0000000180025095e-35 -0.37846271693706507 5.2450463771820077 1.0000000180025095e-35 0.33878475427627569 1.0000000180025095e-35 -1.4142024517059324 0.88612297177314769 0.49344368278980261 -0.16027240455150601 -1.4034662842750547 0.88612297177314769 4.3594741821289071 1.3275650739669802 1.0000000180025095e-35 1.6579800844192507 1.2559643983840945 0.74750691652297985 -1.0330336093902586 0.55100518465042125 0.130647998303175 0.65930889546871196 0.8561358153820039 1.1488693952560427 -0.15807029232382772 1.8761703968048098 1.0000000180025095e-35 -0.12525249272584912 0.9306791126728059 -0.66938310861587513 1.0000000180025095e-35 0.20337810367345813
decision_type=2 2 2 2 2 2 2 2 2 2 2 2 2 2 2 2 2 2 2 2 2 2 2 2 2 2 2 2 2 2 2 2 2 2 2 2 2 2 2 2 2 2 2 2 2 2 2 2 2
left_child=1 2 11 8 5 14 7 -5 10 29 -4 19 -10 17 18 30 -8 -11 31 22 -17 -20 -1 -15 25 -6 -27 28 36 35 -13 -2 38 34 -34 -7 -3 -16 41 -40 47 -29 -35 44 48 46 -45 -30 -26
right_child=4 27 3 6 24 9 16 -9 12 13 -12 15 -14 23 37 20 -18 -19 21 -21 -22 -23 -24 -25 43 26 -28 32 40 -31 -32 -33 33 42 -36 -37 -38 -39 39 -41 -42 -43 -44 45 -46 -47 -48 -49 -50
leaf_value=-0.08709002302475613 -0.10857465208406536 -0.092788435131924127 -0.08119760438968586 -0.025253968037850141 0.15619167765268344 -0.1063536390848358 0.1505155737772195 0.053974260983746428 0.16906117169341922 -0.055719792085472432 -0.0049013386858848922 -0.069811062217503425 -0.051073837993255926 -0.095562200972296507 0.029122003950752814 -0.019170321628186673 0.055577722812894539 0.0047889987385583309 -0.089332540216924966 0.10612637488269104 0.052701276144041811 -0.038164231055779589 -0.049410780162019115 0.050442201324027741 0.1425061155738383 -0.12791721718074223 0.072664214802447696 0.12770312032424366 0.14301754589033169 0.060500104261200428 0.058897451574602404 -0.091613393047333028 0.15936619346107508 0.12210359120551217 0.056183363582642143 -0.085424014858504982 -0.01387445756579141 0.087475738652222024 0.19916893320152318 0.14168049716207387 0.10007879820462313 0.14129098822897149 0.14736972303322246 0.14326506095241789 0.11730387771519091 0.14542893400397858 0.14140842453691918 0.14141855490981614 0.14403176087201439
leaf_weight=229.10504893213511 540.68990700691938 3.0906177759170559 91.616948112845421 119.97809538245201 3.8605152368545514 44.998967938125134 92.487432040274143 1385.8079843223095 28.515460081398487 90.09000576287508 961.52280822396278 41.063724786043167 11.518964029848574 4.5841274410486212 4.4495591968297941 46.09227055311203 25.939332365989685 76.837371446192265 254.74295977503061 3.8450443744659415 50.919015325605869 56.893848173320293 100.91383510828018 67.052015393972397 4.3903680592775363 3.4706344157457352 3.7639549076557159 13.762770876288412 5.2524670958519044 2.1249560117721549 3.0794523805379859 97.343559920787811 5.3193126469850567 4.2852847278118125 9.6825606524944288 49.993760667741299 3.025929294526577 4.926906406879425 7.397120043635371 18.672202855348587 4.3086705952882758 172.49006800353527 9.9548565447330457 4.6333108693361309 7.4130190908908835 4.4842491745948783 14.491162136197092 11.180152490735052 4.4400487840175629
leaf_count=2301 5907 22 629 632 17 446 422 5934 119 618 5294 343 70 24 20 310 112 530 2520 18 339 491 784 365 21 26 23 66 25 13 17 946 23 20 42 485 19 21 31 90 20 834 46 22 35 21 70 54 21
internal_value=-0.00142199 0.0259646 0.0168509 0.0291498 -0.0718553 -0.0792648 0.0536447 0.0476615 -0.0072443 -0.0316835 -0.0115387 -0.0535061 0.105722 -0.00715801 -0.095919 -0.00627282 0.129721 -0.0278673 -0.0974563 -0.0734758 0.0185534 -0.079991 -0.0755684 0.0410991 0.116441 0.038984 -0.0235603 0.134357 0.0906523 -0.0919288 -0.0608323 -0.105987 0.139216 0.115656 0.0927696 -0.0953386 -0.0537487 0.0597842 0.142461 0.157993 0.133236 0.140287 0.139766 0.138006 0.131422 0.142536 0.141858 0.14193 0.143273
internal_weight=4806.5 3460.83 3192.41 2717.39 1345.68 1294.73 1624.21 1505.79 1093.17 335.681 1053.14 475.018 40.0344 238.564 959.047 141.154 118.427 166.927 949.67 333.864 97.0113 311.637 330.019 71.6361 50.9473 11.0951 7.23459 268.422 26.8578 97.1177 44.1432 638.033 241.564 29.242 15.0019 94.9927 6.11655 9.37647 212.322 26.0693 20.7413 186.253 14.2401 39.8522 16.2434 23.6087 19.1245 16.4326 8.83042
internal_count=31258 18616 17324 13212 12642 12386 7100 6566 6112 2481 5923 4112 189 1537 9905 1009 534 1148 9864 3103 649 3011 3085 389 256 66 49 1292 140 944 360 6853 1152 131 65 931 41 41 1021 121 99 900 66 190 77 113 92 79 42
is_linear=0
shrinkage=0.1


Tree=10
num_leaves=49
num_cat=0
split_feature=5 10 4 10 5 4 12 0 5 0 11 4 3 11 12 6 12 7 0 0 12 11 0 11 10 10 0 2 5 10 9 6 11 0 10 10 4 10 12 7 10 0 13 0 12 1 7 0
split_gain=794.547 300.844 239.019 162.675 159.708 99.1795 77.1067 77.9032 54.5924 50.7804 35.8097 27.7876 27.1442 19.6013 15.7797 15.4276 15.212 13.8617 11.7986 11.3126 11.004 9.93581 9.92619 8.38441 7.7349 7.00239 6.23016 5.88094 5.13535 15.4152 5.08281 4.52552 3.10861 1.9356 1.57532 3.26794 1.43538 1.28561 1.15273 0.492001 1.12195 0.48571 0.237314 0.180776 0.123258 0.183328 0.022007 0.00338766
threshold=1.0000000180025095e-35 0.52131253480911266 0.93928512930870067 0.47259169816970831 -1.4034662842750547 0.55100518465042125 -0.47030833363533014 -0.23300249874591825 -1.4034662842750547 -0.4511928111314773 4.3274507522583017 1.7158449888229372 -0.20260532572865483 5.2450463771820077 0.096056833863258376 -0.48790702223777765 0.50060339272022258 1.0000000180025095e-35 -0.66938310861587513 0.20337810367345813 0.33878475427627569 5.2450463771820077 -0.81484332680702198 4.4148993492126474 0.88612297177314769 0.49344368278980261 -0.16027240455150601 -0.90838605165481556 -1.4034662842750547 0.78861510753631603 1.0000000180025095e-35 -0.72400152683258046 4.7105007171630868 1.6579800844192507 1.2559643983840945 0.74750691652297985 0.93928512930870067 1.3295752406120303 1.5524244308471682 0.65930889546871196 0.8561358153820039 0.20337810367345813 -0.15807029232382772 1.8761703968048098 -0.2275804057717323 1.1129009425640108 1.2832281589508059 1.1488693952560427
decision_type=2 2 2 2 2 2 2 2 2 2 2 2 2 2 2 2 2 2 2 2 2 2 2 2 2 2 2 2 2 2 2 2 2 2 2 2 2 2 2 2 2 2 2 2 2 2 2 2
left_child=1 2 4 5 16 13 23 -8 14 21 12 17 -10 18 31 -16 30 -11 38 -18 -20 22 -7 -6 25 -5 -27 -13 29 -3 -1 -4 -12 39 35 -35 37 -31 -2 42 -41 -15 -30 -36 -26 47 -38 -46
right_child=3 28 8 24 6 9 7 -9 10 11 32 27 -14 41 15 -17 19 -19 20 -21 -22 -23 -24 -25 44 26 -28 -29 33 36 -32 -33 -34 34 43 -37 46 -39 -40 40 -42 -43 -44 -45 45 -47 -48 -49
leaf_value=-0.088258174024710034 -0.10743564685601169 -0.11604671345581874 -0.095173450554073141 0.14817949599639341 -0.062022453742692267 -0.093667403181320497 -0.018906457048640038 0.028292615773994331 0.044701288628853239 0.0059282122790874177 0.1396592966524732 -0.0016442425391422167 0.083438124009304976 0.026465532163052776 0.094457643815241105 -0.010225850938105156 -0.067297910523412524 -0.059030186639382455 -0.091182967364979328 0.016979194421075143 -0.046364841050080957 0.14743364448746699 -0.044179025937265026 0.08378953805788554 0.11574527992929091 -0.12515030487112269 0.063060707115811229 0.12304478004598801 0.12181941200239473 0.051266890292383044 -0.059311496552849091 -0.026669340701827859 0.090697094021876992 0.15072373646525292 0.11571903041046863 0.051389580466651846 0.13669867050790813 0.12143089876041653 -0.079639863396190447 0.18293321255692321 0.13617801619395745 0.072388191741259877 0.13585061913563418 0.14092654087843326 0.13653010123003695 0.11461654867803978 0.14586026664464835 0.13958702650311297
leaf_weight=171.91162640601397 474.60350103676319 3.2914041727781322 11.626061238348482 3.6719953268766385 155.63281782716513 104.2417928352952 495.78125777840614 1186.7689997851849 516.33881662040949 119.64962375164032 61.443810939788818 4.622720509767535 278.44898447394371 4.478059843182562 23.793290168046951 34.478104509413242 30.761902846395969 45.283789895474911 285.92248436808586 33.027730002999306 67.766772054135799 2.0427601113915435 66.312844902276993 4.0460599660873404 4.0704658627510062 3.2062085866928101 3.8958386555314064 20.813499301671982 13.023096203804014 4.8665531724691409 93.736372299492359 56.551633641123772 16.435779944062233 5.0744163990020779 4.0802229642868033 9.5351561009883863 7.8429878801107389 5.6355017870664597 15.404360294342039 7.2548941224813488 17.5421432107687 4.7421245127916336 161.99767675995827 9.3976420611143094 25.065548658370975 4.1930941939353934 3.9385825246572495 4.2381340712308875
leaf_count=1830 5581 30 87 17 986 1114 2824 5766 2108 759 308 21 1131 20 120 184 287 320 3107 254 626 11 550 20 20 26 23 97 66 23 962 388 69 23 20 42 40 28 160 31 90 20 834 46 128 21 19 21
internal_value=-0.00139541 0.023618 0.0152373 -0.0691463 -0.00338544 -0.0762988 0.00808239 0.0143849 0.0557156 -0.0325179 0.0646136 0.00309708 0.0582725 -0.0949302 -0.00569239 0.0325184 -0.0675141 -0.0119066 -0.096515 -0.0236626 -0.0825958 -0.0718002 -0.074426 -0.0583278 0.110755 0.0360617 -0.0219069 0.100384 0.128451 0.0859615 -0.0780441 -0.0383511 0.129326 0.133219 0.108639 0.0858918 0.115799 0.0889176 -0.106562 0.136674 0.149857 0.0500845 0.134807 0.133295 0.132177 0.134174 0.139761 0.136972
internal_weight=4688.49 3424.26 3170.78 1264.23 2171.67 1215.88 1842.23 1682.55 999.116 362.967 872.667 190.37 794.788 852.917 126.449 58.2714 329.438 164.933 843.697 63.7896 353.689 172.597 170.555 159.679 48.3413 10.774 7.10205 25.4362 253.48 25.575 265.648 68.1777 77.8796 227.905 28.0874 14.6096 22.2836 10.5021 490.008 199.818 24.797 9.22018 175.021 13.4779 37.5672 33.4968 11.7816 29.3037
internal_count=31258 18616 17324 12642 12929 12386 9596 8590 4395 2872 3616 1197 3239 9514 779 304 3333 1079 9474 541 3733 1675 1664 1006 256 66 49 118 1292 140 2792 475 377 1152 131 65 110 51 5741 1021 121 40 900 66 190 170 59 149
is_linear=0
shrinkage=0.1


Tree=11
num_leaves=52
num_cat=0
split_feature=5 10 4 10 5 4 5 11 0 0 11 0 11 12 4 11 11 12 0 0 12 12 11 12 11 0 10 0 10 0 0 5 10 0 0 10 10 4 12 10 0 7 10 13 0 9 6 7 0 12 0
split_gain=681.206 266.359 202.429 141.066 115.965 95.2466 71.9303 61.894 53.9361 44.6619 42.5561 36.1703 33.2155 25.9511 21.8018 17.8701 17.7497 13.0576 12.3652 11.5604 10.7956 9.73293 8.30795 8.24629 8.23402 7.12533 7.07329 6.70954 6.07713 5.6165 5.37668 4.60698 13.3161 2.49728 2.03344 1.54751 2.97214 1.39032 1.21851 1.19825 0.387184 0.347246 0.741155 0.244316 0.17587 0.133305 0.298803 0.0151544 0.00251942 0.00133045 0.000560223
threshold=1.0000000180025095e-35 0.52131253480911266 -0.22555463947355744 0.47259169816970831 -1.4034662842750547 0.55100518465042125 -1.4034662842750547 4.3274507522583017 -0.37846271693706507 -0.4511928111314773 4.1870398521423349 -0.74211320281028736 4.7105007171630868 0.25787544995546346 1.7158449888229372 4.7105007171630868 5.2450463771820077 -0.71303626894950856 -0.66938310861587513 1.0000000180025095e-35 0.33878475427627569 0.33878475427627569 3.5662771463394169 0.50060339272022258 5.2450463771820077 -0.81484332680702198 0.88612297177314769 0.9306791126728059 0.49344368278980261 1.1488693952560427 -0.16027240455150601 -1.4034662842750547 0.78861510753631603 0.130647998303175 1.6579800844192507 1.2559643983840945 0.74750691652297985 0.93928512930870067 1.5524244308471682 1.3295752406120303 0.20337810367345813 0.65930889546871196 0.8561358153820039 -0.15807029232382772 1.8761703968048098 1.0000000180025095e-35 0.22037653252482417 1.2832281589508059 0.9306791126728059 0.17696614563465121 -0.66938310861587513
decision_type=2 2 2 2 2 2 2 2 2 2 2 2 2 2 2 2 2 2 2 2 2 2 2 2 2 2 2 2 2 2 2 2 2 2 2 2 2 2 2 2 2 2 2 2 2 2 2 2 2 2 2
left_child=1 2 6 5 13 16 23 8 -6 21 11 -8 -12 24 17 -9 18 -11 38 -15 -20 22 -7 33 -4 -23 28 -25 -5 -16 -30 32 -3 -1 41 36 -36 39 -2 -34 -18 43 -43 -33 -37 46 49 -39 50 -28 -47
right_child=3 31 4 26 7 9 10 15 -10 14 12 -13 -14 19 29 -17 40 -19 20 -21 -22 25 -24 27 -26 -27 45 -29 30 -31 -32 34 37 -35 35 44 -38 47 -40 -41 -42 42 -44 -45 -46 48 -48 -49 -50 -51 -52
leaf_value=-0.10118326656969781 -0.10610629806455517 -0.11434043017180569 -0.05487025396944803 0.14163192775450914 0.0029857352452823584 -0.09078651628341261 -0.066895382325308811 0.13954241915973098 0.049054584747355238 -0.08911264589876422 0.15307259692015096 -0.0050752105648486064 -0.049518367628118148 -0.04425751809603163 0.11115534046201092 0.044213062385237645 0.023692478383854132 -0.00063849413840285675 -0.088644083040036431 0.034149215909229355 -0.043299732342458874 -0.074147218143198135 0.046498828500639494 -0.053551685716330233 0.13204870850137357 0.00079771679219583526 0.13435307748943037 0.05820762548650045 -0.1227013359022376 -0.0024680060375036799 0.055064368192601333 0.11663123270616615 0.046992444281356967 -0.074772313349156336 0.14370713924573944 0.11002186494197089 0.047001447389009257 0.13201538462263537 -0.076601420716589264 0.11594402050972297 0.06455453518300916 0.17040186874852403 0.13157491771662652 0.13129684027873859 0.13558465063029554 0.1328154784655112 0.10420632339387299 0.13985897401204089 0.13459482122381758 0.13174341811637011 0.13147006965735625
leaf_weight=61.598176516592503 434.54519179463387 3.0203439593315151 159.51333385705948 3.4680600464344007 323.01077003031969 107.2357724159956 105.20054752379656 83.64711257815361 1191.8411254808307 18.853170238435268 28.027978926897049 943.13656463474035 11.378180816769598 25.577961936593056 20.7500713467598 25.707528680562973 4.5006945431232435 144.80651386082172 265.74731599539518 71.011789306998253 65.432885371148586 22.860210217535496 4.5970075577497473 25.607463516294956 2.3920467793941489 28.503252521157265 3.9763174653053266 6.797917276620864 2.9560194537043571 5.5044646114110938 4.0089358240365982 12.280694484710692 4.782829627394678 85.487271092832088 4.8038602620363262 3.8731536269187918 9.3906546086072904 7.3352162241935712 14.463135004043577 5.3279541730880737 4.7834053337574005 7.0212875753641155 16.399057939648628 151.39972040057182 8.8207864463329297 4.0880093723535547 6.626776248216629 3.7086593359708786 3.9793384671211234 3.8403786569833755 12.740441560745243
leaf_count=712 5581 30 1534 17 1540 1208 713 422 5026 139 119 5210 70 205 92 112 20 940 3107 432 626 226 37 230 11 204 21 52 26 26 23 66 23 936 23 20 42 40 160 28 20 31 90 834 46 22 35 19 21 21 70
internal_value=-0.00136149 0.021487 0.0137772 -0.0665093 0.0345753 -0.0733989 -0.017122 0.0444763 0.0392314 -0.0302277 -0.007444 -0.0112789 0.0945762 -0.0276357 0.00274009 0.117132 -0.0927082 -0.0108305 -0.0943439 0.0133863 -0.0796852 -0.0685928 -0.0851433 -0.0757722 -0.0521086 -0.0325578 0.105802 -0.0301071 0.0334735 0.0873333 -0.0203818 0.123456 0.0820767 -0.085833 0.128131 0.102416 0.0797296 0.11012 -0.105156 0.083327 0.0447457 0.131826 0.143215 0.130197 0.127785 0.127209 0.119828 0.134649 0.132332 0.133071 0.131797
internal_weight=4576.37 3388.1 3149.94 1188.27 1882.7 1142.58 1267.23 1624.21 1514.85 353.11 1087.74 1048.34 39.4062 258.495 189.914 109.355 789.473 163.66 780.189 96.5898 331.18 163.196 111.833 179.491 161.905 51.3635 45.6843 32.4054 10.433 26.2545 6.96496 238.164 24.175 147.085 213.989 26.8885 14.1945 21.1547 449.008 10.1108 9.2841 187.101 23.4203 163.68 12.6939 35.2513 14.4435 11.0439 20.8078 7.8167 16.8285
internal_count=31258 18616 17324 12642 9282 12386 8042 7100 6566 2872 6112 5923 189 2182 1197 534 9514 1079 9474 637 3733 1675 1245 1930 1545 430 256 282 66 118 49 1292 140 1648 1152 131 65 110 5741 51 40 1021 121 900 66 190 77 59 113 42 92
is_linear=0
shrinkage=0.1


Tree=12
num_leaves=48
num_cat=0
split_feature=5 10 4 10 5 4 12 4 0 11 6 6 7 0 2 12 12 5 0 11 4 11 10 0 9 6 10 0 5 10 12 1 11 11 10 12 0 0 2 0 11 12 12 1 1 4 0
split_gain=584.212 236.719 171.971 122.347 116.607 91.1526 63.9013 60.4146 40.3712 38.3187 33.4899 26.9383 20.7711 16.3931 13.5142 13.4558 12.9163 10.596 8.79974 8.73807 6.58146 6.51839 6.50129 5.76549 5.31652 5.31049 5.30868 4.66488 4.17943 11.812 2.95063 4.22182 2.62531 13.5281 2.17327 2.13998 1.70955 0.897891 1.98407 0.704272 0.58509 0.252596 0.142207 0.202844 0.0846942 0.00416666 0.00167875
threshold=1.0000000180025095e-35 0.52131253480911266 0.93928512930870067 0.47259169816970831 -1.4034662842750547 0.55100518465042125 -0.47030833363533014 -1.0021144449710844 -0.81484332680702198 4.4148993492126474 -0.72400152683258046 -0.48790702223777765 1.0000000180025095e-35 -0.37846271693706507 -0.88335973024368275 0.33878475427627569 0.50060339272022258 -0.74035353958606709 0.20337810367345813 5.2450463771820077 -0.61383455991744984 4.4148993492126474 0.88612297177314769 0.42156840860843664 1.0000000180025095e-35 0.69256556034088146 0.49344368278980261 -0.16027240455150601 -1.4034662842750547 0.88612297177314769 1.0000000180025095e-35 1.1129009425640108 5.6539616584777841 4.6538438796997079 0.78861510753631603 -1.2794014215469358 -1.0330336093902586 1.6579800844192507 0.51302289962768566 1.1488693952560427 5.2844600677490243 2.7660641670227055 -0.2275804057717323 1.1129009425640108 0.43031994625926023 0.93928512930870067 1.1488693952560427
decision_type=2 2 2 2 2 2 2 2 2 2 2 2 2 2 2 2 2 2 2 2 2 2 2 2 2 2 2 2 2 2 2 2 2 2 2 2 2 2 2 2 2 2 2 2 2 2 2
left_child=1 2 4 5 16 13 21 -8 19 10 17 -12 14 30 -10 25 24 -4 -18 36 -17 -6 26 -14 -1 -15 -5 -28 29 34 40 -32 33 -11 -3 -30 -7 41 -39 45 -2 -37 -24 46 -34 -31 -44
right_child=3 28 9 22 6 8 7 -9 12 32 11 -13 23 15 -16 20 18 -19 -20 -21 -22 -23 42 -25 -26 -27 27 -29 35 39 31 -33 44 -35 -36 37 -38 38 -40 -41 -42 -43 43 -45 -46 -47 -48
leaf_value=-0.083345139239512617 -0.10501915395140898 -0.11283354960491768 -0.086418319899542739 0.13620265321207653 -0.058871560544314083 -0.10289120364480048 -0.042601738935626486 0.018191823448298117 -0.046588112384643179 0.12955440800783097 0.076671035785699032 0.036747218865881934 -0.077687082063452262 -0.08942971974849788 0.022202919463389037 -0.10584452839304732 -0.061881917982159064 0.0038788848470472123 0.01368883485239699 0.14220203568028206 -0.0084081715757822802 0.070350107130708023 0.10424954037238394 -0.013679152996947958 -0.052044039492612174 -0.048038704705576779 -0.12052243141938127 0.048317190379686216 0.071203534416169556 0.13091338473143799 -0.08969870977297871 0.0034589327350957608 0.17229418329521765 -0.0027994792643895043 0.014499507283346483 0.12882670747758226 -0.075373792778970189 0.12108043226944504 0.043528319543736163 0.079924733595785599 -0.043916198934302181 0.10371093080443448 0.12805896009508455 0.10341092786133826 0.15458712150843773 0.12740642050510417 0.13035677929790834
leaf_weight=151.49854101985693 401.43273070454597 2.7675441130995777 14.763617888092993 3.2565549910068494 150.86171172559261 44.593629226088524 183.38436061888933 1504.9865178614855 35.114236891269684 51.227231994271278 244.74563786387444 546.14118741452694 42.856582634150982 162.57140579074621 152.94744413346052 8.2658060565590841 28.395220786333084 108.50802746415138 33.690748006105423 1.6654004156589497 42.971902564167976 4.0073294565081587 3.6341930031776419 20.952332198619843 84.546299338340759 38.299706667661667 2.7205878794193268 4.1063187718391418 7.4616430699825278 6.1167579442262667 70.6490568369627 5.2245307788252822 5.1978011131286603 9.0934420228004438 2.599298283457756 166.75496254861355 45.72882129997015 17.767057836055759 4.0510856360197058 3.7226332128047934 1.5732481479644764 4.1028805524110785 21.878448054194457 3.7228798270225516 5.6238728165626526 7.5937960594892502 3.72007231414318
leaf_count=1830 5698 30 109 17 986 565 1327 7263 229 295 1050 2406 353 1967 1026 75 287 448 254 8 395 20 20 142 962 467 26 23 39 34 845 60 23 39 11 977 549 92 20 20 7 24 128 21 25 45 21
internal_value=-0.00131924 0.0195715 0.012473 -0.063916 -0.00343535 -0.0705359 0.00594953 0.0115887 -0.0280763 0.0470469 0.0415454 0.0491019 -0.00736902 -0.090509 0.00935849 -0.0698698 -0.0614588 -0.00693555 -0.0208737 -0.0847745 -0.0241269 -0.0555279 0.10141 -0.0566694 -0.0721337 -0.0815378 0.0311466 -0.018967 0.119128 0.0785618 -0.101375 -0.083284 0.117738 0.109602 -0.0511629 0.123749 -0.0889596 0.125784 0.106681 0.118498 -0.104781 0.128224 0.122908 0.125221 0.163092 0.128971 0.128393
internal_weight=4467.5 3349.61 3126.67 1117.89 2141.37 1074.85 1843.24 1688.37 343.858 985.301 914.158 790.887 251.871 730.988 188.062 252.109 298.131 123.272 62.086 91.9879 51.2377 154.869 43.0391 63.8089 236.045 200.871 10.0835 6.82691 222.938 22.8 478.88 75.8736 71.1423 60.3207 5.36684 200.138 90.3225 192.676 21.8181 17.4332 403.006 170.858 32.9556 29.3214 10.8217 13.7106 25.5985
internal_count=31258 18616 17324 12642 12929 12386 9596 8590 2872 4395 4013 3456 1750 9514 1255 2904 3333 557 541 1122 470 1006 256 495 2792 2434 66 49 1292 140 6610 905 382 334 41 1152 1114 1113 112 99 5705 1001 190 170 48 79 149
is_linear=0
shrinkage=0.1


Tree=13
num_leaves=49
num_cat=0
split_feature=5 10 4 4 5 10 5 10 0 10 12 0 10 10 12 12 0 9 11 1 6 0 2 10 12 11 11 0 5 10 12 0 12 0 0 10 10 10 12 10 0 11 12 4 1 0 4 9
split_gain=500.157 211.134 144.266 111.818 81.7649 56.8279 55.7718 50.6831 44.4781 40.8558 35.3559 33.2839 27.8941 23.2861 19.7575 19.4213 17.1309 13.8975 12.8773 11.4799 10.2615 8.81784 8.1261 7.72702 7.47307 6.51729 6.18097 5.15171 3.7951 10.3494 3.13999 3.97593 3.0699 2.73489 2.33384 1.98828 1.68591 2.90177 1.52924 0.986542 0.707531 0.632368 0.243844 0.247751 0.215769 0.184489 0.00282683 0.000560457
threshold=1.0000000180025095e-35 0.52131253480911266 -0.22555463947355744 0.55100518465042125 -1.4034662842750547 0.26758025586605078 -1.4034662842750547 0.24970713257789615 -0.74211320281028736 0.50297603011131298 1.0000000180025095e-35 -0.16027240455150601 0.88612297177314769 0.41632442176342016 0.25787544995546346 0.74333134293556224 -0.37846271693706507 1.0000000180025095e-35 5.2450463771820077 1.1129009425640108 0.69256556034088146 -0.5966530144214629 -0.99747401475906361 0.90532004833221447 0.50060339272022258 5.2450463771820077 5.2450463771820077 0.9306791126728059 -1.4034662842750547 0.88612297177314769 1.0000000180025095e-35 -0.96030351519584645 0.74333134293556224 0.130647998303175 1.6579800844192507 0.78861510753631603 1.2559643983840945 0.74750691652297985 -1.0000000180025095e-35 1.3295752406120303 1.1488693952560427 5.2844600677490243 2.7660641670227055 -1.0021144449710844 0.43031994625926023 1.8761703968048098 0.93928512930870067 1.0000000180025095e-35
decision_type=2 2 2 2 2 2 2 2 2 2 2 2 2 2 2 2 2 2 2 2 2 2 2 2 2 2 2 2 2 2 2 2 2 2 2 2 2 2 2 2 2 2 2 2 2 2 2 2
left_child=1 2 6 9 14 7 24 -6 23 16 11 -8 15 -7 25 17 30 -10 20 -12 -18 -16 -17 26 33 -4 32 -26 29 35 41 -32 -5 -1 42 -3 37 -36 39 -11 46 -2 43 -30 47 -38 -31 -14
right_child=3 28 4 8 5 13 10 -9 12 38 19 -13 44 -15 21 22 18 -19 -20 -21 -22 -23 -24 -25 27 -27 -28 -29 34 40 31 -33 -34 -35 36 -37 45 -39 -40 -41 -42 -43 -44 -45 -46 -47 -48 -49
leaf_value=-0.098033050880757144 -0.10377468819791498 -0.11149907742775822 -0.04985385700680052 -0.088555489130061171 0.038179639649198738 -0.16751472621252622 -0.052794323799833412 0.22404795088117502 -0.04869809671582527 0.024975910145912213 0.027615437959969277 -0.0057700250860336331 0.12555877197304297 -0.010897265874577039 -0.11458417270093135 -0.035063547216947016 -0.081444271039441726 0.008666870233589339 0.071127433418161232 -0.017134990539371776 -0.030270610228157968 0.017893614382733552 0.054819353471909228 0.12538184950907766 -0.048342958112525973 0.11304205807592378 0.10287747288071425 0.048409548721182083 0.097120592231249303 0.12712561939980058 -0.10364621844408413 -0.056271797949454784 -0.04405707392792077 -0.068526469523653738 0.134333077690071 0.013089886644937113 0.10044087912419615 0.034399281633631665 0.13952452030665083 0.10161167216729866 0.07511117128445155 -0.039931595619420286 0.09943787453469051 0.12542890306331864 0.097024089624155693 0.1281423525220087 0.12412882625432278 0.12438478003735327
leaf_weight=53.540151447057724 367.65940065681934 2.532611399888995 148.94752245396376 78.52500182390213 1567.1057681441307 17.709238447248936 214.35766714811325 14.809404924511908 91.617357477545738 3.0425901301205158 286.70493773370981 505.40508829057217 8.2401054352521932 20.462493203580379 5.315552555024623 12.088935226202009 182.62254545092583 78.347593773156404 6.6056899875402442 71.651180945336819 49.889687947928905 91.699052818119526 59.882596790790558 1.9363388270139683 24.020314633846287 2.4972845613956443 1.8885699957609166 7.1389673054218283 3.1545115262269965 5.6909932196140307 36.3045349791646 34.598047360777855 19.317713901400566 76.005599357187748 4.3084425032138851 2.5917082130908966 3.4793577492237073 8.9238902032375318 5.1537995450198633 3.750259056687355 3.5730204582214347 1.55803883075714 3.8637429773807517 155.09132972359657 3.3253087848424903 7.7799645364284515 7.0431604832410812 8.0283165574073792
leaf_count=712 5703 30 1534 1060 6869 80 1422 63 697 22 1496 2832 51 88 52 67 2287 566 28 362 593 585 321 12 230 11 9 52 19 34 477 428 189 936 23 11 20 42 32 22 20 7 24 978 20 46 45 51
internal_value=-0.00127545 0.0178035 0.011274 -0.0612673 0.0288184 0.0370104 -0.0151886 0.0399197 -0.0163429 -0.0848738 -0.00699675 -0.0197747 0.00547598 -0.0835577 -0.0245978 -0.00381802 -0.0880981 -0.022255 -0.0665525 0.0186679 -0.070464 0.010635 0.0397219 -0.0724698 -0.0701454 -0.0471677 -0.0763112 -0.0261758 0.115334 0.0754798 -0.0998039 -0.0805291 -0.0797699 -0.0807213 0.119912 -0.0484862 0.0911394 0.0669377 0.0984496 0.0672857 0.114435 -0.103505 0.124259 0.124865 0.120235 0.119582 0.125468 0.124979
internal_weight=4369.79 3315.4 3107.37 1054.38 1868.55 1620.09 1238.82 1581.92 363.198 691.185 1078.12 719.763 261.53 38.1717 248.459 241.936 679.238 169.965 239.118 358.356 232.512 97.0146 71.9715 101.668 160.705 151.445 99.7313 31.1593 208.033 21.4315 440.12 70.9026 97.8427 129.546 186.601 5.12432 24.4917 13.2323 11.9466 6.79285 16.3072 369.217 162.11 158.246 19.5937 11.2593 12.7342 16.2684
internal_count=31258 18616 17324 12642 9282 7100 8042 6932 3043 9599 6112 4254 1773 168 2182 1651 9523 1263 2908 1858 2880 637 388 1270 1930 1545 1258 282 1292 140 6615 905 1249 1648 1152 41 131 65 76 44 99 5710 1021 997 122 66 79 102
is_linear=0
shrinkage=0.1


Tree=14
num_leaves=46
num_cat=0
split_feature=0 10 12 5 5 6 1 7 0 4 4 4 4 5 1 0 5 10 4 12 7 10 12 4 7 10 10 2 11 12 7 8 12 7 0 10 12 5 4 5 0 10 2 3 0
split_gain=442.993 221.266 163.635 103.818 82.4258 64.0989 47.9806 56.5617 44.2212 36.8936 32.67 28.5604 20.2222 17.6687 14.1309 11.5704 10.959 10.1421 9.37678 8.52751 6.56002 6.44139 6.32605 4.8312 4.40142 4.21662 18.1376 4.16756 4.1338 4.12439 3.2071 2.16375 2.09273 3.34543 0.76029 1.32786 2.14251 0.761847 1.41331 0.525923 0.491213 0.253676 0.220779 0.207567 0.0895581
threshold=-0.74211320281028736 0.52131253480911266 1.0000000180025095e-35 1.0000000180025095e-35 -1.4034662842750547 0.69256556034088146 1.1129009425640108 -0.58852967619895924 -1.0330336093902586 -0.22555463947355744 1.7158449888229372 0.55100518465042125 -0.22555463947355744 1.0000000180025095e-35 1.7954819202423098 0.42156840860843664 -0.74035353958606709 0.78861510753631603 1.0000000180025095e-35 0.74333134293556224 1.0000000180025095e-35 0.90532004833221447 -1.0366735160350797 1.0000000180025095e-35 -0.58852967619895924 0.78861510753631603 0.72341129183769237 0.58171465992927562 4.4148993492126474 1.1478778719902041 1.2832281589508059 -2.5623200535774227 0.41969406604766851 -0.58852967619895924 1.6579800844192507 1.2559643983840945 0.33878475427627569 -1.4034662842750547 0.93928512930870067 1.2489846348762514 -1.1057637333869932 3.367178320884705 1.2112474441528323 -0.20260532572865483 -0.81484332680702198
decision_type=2 2 2 2 2 2 2 2 2 2 2 2 2 2 2 2 2 2 2 2 2 2 2 2 2 2 2 2 2 2 2 2 2 2 2 2 2 2 2 2 2 2 2 2 2
left_child=8 2 3 4 18 -6 7 12 17 -9 14 20 -4 16 -8 -13 42 28 -2 22 -5 23 -18 31 -21 26 30 -12 32 -25 43 -15 40 -34 37 36 -36 38 -27 -39 -1 -37 44 -3 -10
right_child=1 25 6 11 5 -7 10 9 13 -11 27 15 -14 21 -16 -17 19 -19 -20 24 -22 -23 -24 29 -26 34 -28 -29 -30 -31 -32 -33 33 -35 35 41 -38 39 -40 -41 -42 -43 -44 -45 -46
leaf_value=-0.10539477677791534 -0.070314576062812384 0.14125301166826509 0.034436428199357556 -0.064550845015962685 -0.0068069386708550714 0.037101832632447956 -0.030547831110975639 -0.050965020897207128 -0.11165737757674783 0.027823561877228949 0.079166743717863572 -0.044597432871896513 0.069120139870218464 -0.015730676126148962 0.042975361929363812 0.015919978177496023 -0.11133593244416309 0.089668108847982181 -0.02862150496324788 0.0077623941623006041 -0.09862502529382669 0.12216163273428041 -0.026006440517968094 -0.066090613825549469 0.10773764662718016 0.064395945863819595 -0.15141574945493885 0.1759936086797412 -0.00091235363290143858 0.016244028018621959 0.032498208354034032 -0.098866103875055053 -0.028025831109897027 -0.096498119878786981 0.025384978786280672 0.12623890173886734 0.11892844570307692 0.12102032957007738 0.12529312129431069 0.086703064203991154 -0.094726348412022265 0.094110676328210463 -0.069655976119444171 0.11772342707601682 -0.095573362093346825
leaf_weight=273.50804553553462 151.91089379787445 6.4771450944244906 249.60682865977287 115.54084481671453 973.92570956796408 504.78339941054583 177.41566932946444 81.101985462009907 10.486211027950048 222.43849584460258 18.850175693631176 91.551105789840221 514.82541511952877 3.2800826020538798 30.658283159136772 48.239097490906715 9.4126527756452543 2.8410214036703101 83.642374686896801 36.943907514214516 110.57128839194775 1.6330942809581745 112.89875794947147 52.395629838109016 4.9995262995362273 7.2056948542594901 3.1798738949000827 5.8169110640883437 4.1619331985712043 6.8833561241626731 4.604387253522872 68.719654399901628 9.6613247096538526 27.292845867574215 5.0648954212665576 10.56092096865177 4.7397976368665695 150.09808145463467 8.0895162969827634 4.602720618247985 51.245047751814127 3.2029045969247809 1.8318467140197743 8.9015996232628822 5.1681099012494096
leaf_count=4280 2057 42 1250 1654 4976 2374 909 786 140 1422 85 742 2200 53 153 336 56 18 733 197 1601 11 670 697 27 43 23 26 33 70 36 1113 56 363 25 65 24 1027 53 30 635 20 23 59 65
internal_value=-0.00123519 0.0127848 0.00650572 -0.0108909 -0.000569682 0.00818209 0.0343273 0.0432933 -0.0750441 0.0067723 -0.00681473 -0.0592462 0.057795 -0.0475071 -0.0197147 -0.023714 -0.0272423 -0.0985438 -0.0555098 -0.0192302 -0.0812135 -0.0752167 -0.0325731 -0.0776721 0.0196791 0.110736 0.0704138 0.102 -0.100005 -0.0565301 0.105713 -0.0950787 -0.101145 -0.0785967 0.115561 0.098729 0.0706059 0.117894 0.096604 0.119999 -0.103711 0.118763 -0.102504 0.127634 -0.106347
internal_weight=4280.97 3597.61 3380.88 2080.16 1714.26 1478.71 1300.71 1067.97 683.363 303.54 232.741 365.902 764.432 314.653 208.074 139.79 181.741 368.71 235.553 164.255 226.112 132.912 122.311 131.279 41.9434 216.728 23.163 24.6671 365.869 59.279 19.9831 71.9997 361.707 36.9542 193.565 23.5685 9.80469 169.996 15.2952 154.701 324.753 13.7638 17.4862 15.3787 15.6543
internal_count=31258 22751 21304 14473 10140 7350 6831 5658 8507 2208 1173 4333 3450 3122 1062 1078 1178 5385 2790 950 3255 1944 726 1933 224 1447 160 111 5367 767 137 1166 5334 419 1287 134 49 1153 96 1057 4915 85 228 101 205
is_linear=0
shrinkage=0.1


Tree=15
num_leaves=46
num_cat=0
split_feature=0 10 12 5 5 11 4 1 7 0 4 11 0 5 10 10 6 12 0 2 7 6 12 0 10 10 11 10 11 2 10 0 12 12 7 2 2 0 1 3 5 4 0 5 7
split_gain=383.229 203.725 138.576 96.3494 70.8126 54.0573 40.2099 46.0423 47.9436 28.6822 28.1972 12.8545 11.4387 10.5274 9.37238 9.01188 6.80264 7.75054 6.29814 6.16645 6.0957 5.19306 7.66479 5.03284 4.41113 18.7565 4.26078 4.15782 4.00129 3.41103 3.0413 8.60946 2.44565 2.21272 3.27554 2.07339 1.99207 0.864596 1.39937 1.23129 0.792103 1.2979 0.610667 0.555858 0.427563
threshold=-0.81484332680702198 0.52131253480911266 1.0000000180025095e-35 1.0000000180025095e-35 -1.4034662842750547 4.1870398521423349 1.7158449888229372 1.1129009425640108 -0.58852967619895924 -1.0330336093902586 0.55100518465042125 4.4148993492126474 -0.30573260784149164 1.0000000180025095e-35 0.47259169816970831 0.78861510753631603 0.69256556034088146 -0.2275804057717323 -0.4511928111314773 -0.35064600408077234 1.0000000180025095e-35 -0.48790702223777765 0.90514996647834789 1.1488693952560427 0.78861510753631603 0.74750691652297985 3.5662771463394169 0.75584769248962413 4.4148993492126474 -0.063717212527990327 0.55838271975517284 1.6579800844192507 1.1478778719902041 0.41969406604766851 -0.58852967619895924 1.2112474441528323 -0.07089268788695334 1.6579800844192507 1.1129009425640108 1.0893239080905917 -1.4034662842750547 0.93928512930870067 -1.1057637333869932 1.2489846348762514 0.65930889546871196
decision_type=2 2 2 2 2 2 2 2 2 2 2 2 2 2 2 2 2 2 2 2 2 2 2 2 2 2 2 2 2 2 2 2 2 2 2 2 2 2 2 2 2 2 2 2 2
left_child=9 2 3 4 14 -6 7 8 -4 15 20 -9 -12 16 -2 28 21 -18 29 -19 -5 22 -11 -20 25 30 27 32 33 -8 44 -32 -15 42 -35 -23 -28 40 39 -39 41 -26 -1 -42 -3
right_child=1 24 6 10 5 -7 18 11 -10 13 12 -13 -14 26 -16 -17 17 19 23 -21 -22 35 -24 -25 37 -27 36 -29 -30 -31 31 -33 -34 34 -36 -37 -38 38 -40 -41 43 -43 -44 -45 -46
leaf_value=-0.1042640351432095 -0.055168876321948591 0.11891008024219728 0.047766552168425347 -0.063765735700547499 0.0024735211486071654 0.095010261672260315 0.085464007591024696 -0.022476456560751742 0.00026198392800266162 -0.042579159402826298 -0.063863392956841805 0.096817730502414767 -0.0034084164357033112 -0.087332075911459472 0.15621668007085918 0.085545224260260733 -0.13011584928538697 -0.047234116775156834 0.11668214591955083 0.040732051761638285 -0.096737073163062862 -0.093374244750947341 0.083676525386560244 0.047182708501668467 0.0631479577592578 -0.18234152397710379 -0.036212222880482668 0.089534506972077155 -0.00082140062379990281 -0.039351667659686604 -0.10046778572257083 0.1274780389837831 -0.026604509782514912 -0.02562622388207883 -0.094486756866543897 -0.0103139497904342 0.10517531838929031 0.12080292575581193 0.046636563671576994 0.054832983570570065 0.1185531088478852 0.12242394589773249 -0.091918525946077939 0.082352447688451069 0.16246334539119625
leaf_weight=250.02816265076399 226.40927229449153 9.6148112416267448 739.99038112163544 115.30609331652522 1444.4236408174038 66.013747788965702 3.9575282335281372 201.4123148471117 298.01008729636669 44.178510572761297 46.278938833624125 9.4568026363849622 96.682328008115292 81.28793989866972 2.1171002835035315 2.6881757229566565 4.0487431436777106 11.211926218122242 64.483876407146454 27.551660869270563 109.15285299345851 24.08481872826815 5.3956377059221259 12.427712514996527 7.2955974489450437 2.6844772845506659 2.2972777225077152 1.4295854382216919 4.1605873554944983 4.9009906128048879 2.5451389923691741 4.7481504753232002 7.2207352668046942 9.5172721669077855 25.194737017154694 3.4338169544935218 1.75993301719427 13.914767593145376 4.8425869494676581 3.5513102710247031 140.76837199926376 7.4823653548955917 47.712914653122425 4.3733869493007651 2.9442506581544867
leaf_count=4280 2831 72 3338 1761 7186 344 20 1040 2258 309 459 48 690 1355 10 18 32 68 291 156 1735 186 29 54 45 22 24 12 33 29 29 30 92 56 363 27 19 86 29 19 1042 53 635 30 13
internal_value=-0.0011898 0.0105782 0.00481173 -0.0111623 -0.00133138 0.00651784 0.0300225 0.0254738 0.034128 -0.0787449 -0.0576908 -0.0171265 -0.0229787 -0.0500668 -0.0532106 -0.096824 -0.0304246 0.00153798 0.0962556 0.0152888 -0.0797995 -0.0481746 -0.0288375 0.105452 0.107482 0.0657466 -0.0751232 -0.0796452 -0.0982804 0.0164095 0.0992936 0.0479318 -0.0823778 -0.0995001 -0.0756067 -0.0830099 0.0251187 0.112644 0.0942017 0.10739 0.115217 0.0931605 -0.102286 0.117462 0.12912
internal_weight=4198.99 3645.79 3441.02 2106.38 1738.96 1510.44 1334.64 1248.87 1038 553.202 367.42 210.869 142.961 213.901 228.526 339.302 119.905 42.8123 85.7701 38.7636 224.459 77.0928 49.5741 76.9116 204.765 22.5368 93.9955 89.9383 336.614 8.85852 19.8524 7.29329 88.5087 332.453 34.712 27.5186 4.05721 182.228 22.3087 17.4661 159.92 14.778 297.741 145.142 12.5591
internal_count=31258 23564 22094 15016 10371 7530 7078 6684 5596 7694 4645 1088 1149 2309 2841 5385 807 256 394 224 3496 551 338 345 1470 166 1502 1459 5367 49 144 59 1447 5334 419 213 43 1304 134 105 1170 98 4915 1072 85
is_linear=0
shrinkage=0.1


Tree=16
num_leaves=46
num_cat=0
split_feature=0 10 4 5 12 11 4 12 4 0 7 11 0 11 5 10 5 6 12 6 11 7 11 10 10 11 7 7 7 2 12 4 7 0 10 12 5 4 13 5 3 7 2 10 4
split_gain=332.418 181.185 125.829 73.4057 65.0068 47.8465 37.3755 35.7758 33.7091 28.5825 17.3329 15.7483 12.4711 10.3518 10.0077 8.08073 6.50019 6.05732 6.30294 5.93928 5.0397 4.41311 4.93774 4.06419 14.0958 3.88389 3.01604 2.87582 2.67527 4.23162 2.34026 2.09429 2.08518 0.971845 1.48705 1.98973 0.854681 1.29574 0.647959 0.587421 0.40397 0.396546 0.367672 0.279346 0.0375667
threshold=-0.81484332680702198 0.52131253480911266 -0.22555463947355744 0.58587190508842479 -0.2275804057717323 4.4148993492126474 1.3275650739669802 -0.47030833363533014 -1.0021144449710844 -1.0330336093902586 1.9071474671363833 5.2450463771820077 1.0034092366695406 4.6538438796997079 1.0000000180025095e-35 0.48166064918041235 -0.74035353958606709 0.69256556034088146 -0.065761788748204694 -0.48790702223777765 5.3275685310363778 1.0000000180025095e-35 3.5662771463394169 0.78861510753631603 0.72341129183769237 4.4148993492126474 1.0000000180025095e-35 1.2832281589508059 -0.58852967619895924 0.043701218441128738 0.33878475427627569 1.3275650739669802 1.9071474671363833 1.6579800844192507 1.2559643983840945 0.33878475427627569 -1.4034662842750547 0.93928512930870067 -3.7486054897308345 1.2489846348762514 -0.46099117398262018 1.9071474671363833 1.1243629455566408 3.367178320884705 0.93928512930870067
decision_type=2 2 2 2 2 2 2 2 2 2 2 2 2 2 2 2 2 2 2 2 2 2 2 2 2 2 2 2 2 2 2 2 2 2 2 2 2 2 2 2 2 2 2 2 2
left_child=9 2 3 7 10 6 -6 32 -9 15 11 -4 -12 -7 16 25 42 19 -19 -18 26 22 30 24 27 28 -5 40 29 -1 -16 38 -2 36 35 -35 37 -25 -23 -38 -3 -30 44 -36 -11
right_child=1 23 4 20 5 13 -8 8 -10 14 12 -13 -14 -15 21 -17 17 18 -20 -21 -22 31 -24 33 -26 -27 -28 -29 41 -31 -32 -33 -34 34 43 -37 39 -39 -40 -41 -42 -43 -44 -45 -46
leaf_value=-0.10608213281762978 -0.076737924963824311 0.15579408262401534 -0.041485598362189437 -0.069850291542423962 0.015447993859493331 0.12200383841928071 0.052443257542146432 -0.043515904775078759 0.0032231276173577289 -0.10772053627089986 0.041575247645280033 0.18275995764491959 -0.083342920632137468 0.051855374611745789 -0.07668506524770978 0.066555347190127553 -0.017050478137858437 -0.10946106250248407 0.023627708285101148 -0.079173385717206668 0.029480170353219839 -0.03310387350110313 0.072061481430113414 0.058970397931339173 -0.13332594341818846 -0.00073948564032187073 -0.096250481989631778 0.026486952199415822 -0.10260022015321076 -0.042630716943717596 -0.027547885400393237 0.014713793346226807 -0.04054244485781671 0.015228407021809845 0.12124068286113965 0.10895110682747218 0.11634102263915298 0.11993082074569004 -0.1031966475636617 0.078159118804469283 0.11157808594480932 -0.08357547605065542 -0.054920862186762488 0.085270408136913237 -0.12537537824270617
leaf_weight=21.187314786016941 75.41609974950552 2.5373433306813267 216.95219814404845 92.635293006896973 1382.6091839149594 58.850148692727089 340.29611909389496 188.16609079018235 857.56444596126676 7.6705954149365407 51.25706185400486 3.1776089817285529 9.4682708829641324 32.740205958485603 28.586917147040367 3.0612044334411612 43.773256950080395 3.9525732025504103 35.686465695500374 23.734066970646381 4.1381111443042746 1.3655284047126759 3.028337772935628 7.0446261614561063 3.1090819910168639 4.159375697374343 81.20996455103159 4.3568314202129832 251.57321071997285 20.857292987406254 14.66500912606716 1.6336492262780655 20.173563189804554 4.82246381044388 9.225372798740862 4.2716706916689873 129.66947370022535 6.9037966132164001 38.596948593854904 4.1585692465305319 11.129992656409742 11.454967834055422 1.3696480728685845 2.8186668306589118 1.4299210384488104
leaf_count=152 763 18 1584 1389 7901 371 1580 1510 5090 124 221 14 40 152 515 22 261 26 190 174 18 25 28 45 26 33 1337 36 4935 151 206 25 124 25 65 24 1042 53 703 30 86 92 17 20 15
internal_value=-0.00113584 0.00962641 0.00433727 -0.0198548 0.0195694 0.0264991 0.022755 -0.0105398 -0.00518697 -0.07606 -0.0252007 -0.0382486 0.0220981 0.0969283 -0.047096 -0.0951186 -0.0280208 -0.020672 0.0103569 -0.0388915 -0.0795867 -0.072627 -0.0513816 0.104658 0.0633146 -0.0967191 -0.0821829 0.0972342 -0.0980277 -0.0746055 -0.0600246 -0.0962648 -0.0690991 0.109831 0.0897751 0.0592516 0.112699 0.0891429 -0.100802 0.115155 0.119787 -0.101772 -0.103225 0.112823 -0.110495
internal_weight=4122.49 3604.7 3414.65 1319.3 2095.35 1814.5 1722.91 1141.32 1045.73 517.786 280.855 220.13 60.7253 91.5904 205.493 312.293 117.617 107.146 39.639 67.5073 177.983 87.8764 46.2803 190.048 21.1332 309.232 173.845 18.0242 305.073 42.0446 43.2519 41.5961 95.5897 168.915 21.1382 9.09413 147.776 13.9484 39.9625 133.828 13.6673 263.028 10.4702 12.044 9.10052
internal_count=31258 23564 22094 10231 11863 10004 9481 7487 6600 7694 1859 1598 261 523 2309 5385 807 651 216 435 2744 1502 749 1470 166 5363 2726 140 5330 303 721 753 887 1304 134 49 1170 98 728 1072 104 5027 156 85 139
is_linear=0
shrinkage=0.1


Tree=17
num_leaves=50
num_cat=0
split_feature=0 10 4 5 11 12 0 5 1 4 5 7 5 11 11 10 12 12 1 4 11 0 2 11 10 10 12 7 7 2 10 0 8 2 4 0 10 12 11 5 0 5 2 7 2 10 7 2 2
split_gain=290.264 155.286 100.633 62.1869 56.6802 52.3094 40.1539 34.1817 33.4114 29.6429 13.7553 12.5199 9.35655 9.30388 47.6621 7.25369 6.99697 6.8386 6.76469 6.10215 4.7246 6.38807 3.98662 3.7463 3.66412 11.7074 3.4602 3.38084 3.07559 3.94304 2.89174 7.2867 2.39196 2.42323 1.30952 1.04647 1.47975 1.79103 1.03063 0.955474 1.48502 0.620154 0.537125 0.477653 0.438614 0.282636 0.26898 0.245068 0.0981913
threshold=-0.74211320281028736 0.52131253480911266 -0.22555463947355744 0.58587190508842479 4.4148993492126474 -0.065761788748204694 -1.0330336093902586 -1.4034662842750547 1.1129009425640108 -1.778674244880676 1.0000000180025095e-35 1.9071474671363833 -0.74035353958606709 4.6538438796997079 5.0492105484008798 0.78861510753631603 0.50060339272022258 -1.0366735160350797 1.0000000180025095e-35 1.0000000180025095e-35 1.3541938662528994 1.0000000180025095e-35 -1.37000036239624 4.4148993492126474 0.78861510753631603 0.72341129183769237 1.5524244308471682 1.0000000180025095e-35 -0.58852967619895924 0.043701218441128738 0.55838271975517284 1.6579800844192507 -2.5623200535774227 -0.3234542161226272 0.55100518465042125 1.6579800844192507 1.2559643983840945 0.33878475427627569 3.5662771463394169 -1.4034662842750547 0.20337810367345813 1.2489846348762514 -1.4729026556015012 1.9071474671363833 -1.013111889362335 3.367178320884705 0.65930889546871196 1.2112474441528323 -0.65697371959686268
decision_type=2 2 2 2 2 2 2 2 2 2 2 2 2 2 2 2 2 2 2 2 2 2 2 2 2 2 2 2 2 2 2 2 2 2 2 2 2 2 2 2 2 2 2 2 2 2 2 2 2
left_child=6 2 3 7 5 11 15 16 -7 -9 12 -4 47 44 -15 23 -2 34 -19 32 27 -22 42 28 25 30 -24 -5 29 -1 46 -32 33 -12 -14 39 37 -37 -34 40 -26 -41 -21 -30 -6 -38 -3 48 -8
right_child=1 24 4 20 13 8 10 9 -10 -11 19 -13 17 14 -16 -17 -18 18 -20 22 21 -23 26 -25 35 -27 -28 -29 43 -31 31 -33 38 -35 -36 36 45 -39 -40 41 -42 -43 -44 -45 -46 -47 -48 -49 -50
leaf_value=-0.10246018664210446 -0.070134971909716834 0.11487475674857972 -0.034597903796851695 -0.066212511825838191 0.092888811924643086 0.027875915619283705 -0.091246887254324893 -0.053423192133756237 -0.011775271685488614 0.0033537951057134338 0.079604801585505536 0.017684361063072078 -0.13978751462244215 -0.18153909485751055 0.10927109797092752 0.078470334442517803 -0.013011279285537337 0.056155175860678877 -0.0175883917151325 0.11261295003499135 -0.12245028156038361 0.064275085912926785 -0.058249917974491673 -0.00066572238546590376 0.036796059644470941 -0.12776710424949356 0.034054764554656357 -0.096427181288892189 -0.10152528034781411 -0.039831263188752318 -0.099084155091784171 0.12442492810275921 -0.097535296144097963 -0.10652957917380063 -0.062046820786414852 0.013804358753310125 0.11883250217054241 0.10426877994314993 -0.025286946108479442 0.11434518115810322 0.10864456097206175 0.074101145944113073 0.027043661315079327 -0.080009728861253904 0.12208044082013284 0.081499005117937159 0.15105374574955607 -0.063217737149654951 -0.10978660857976118
leaf_weight=19.814009666442871 99.145334027707577 7.8767338544130379 231.63187225535512 80.748173892498016 5.7109361812472335 1403.2884441949427 4.2232960611581793 102.65227323025465 250.43694036826491 882.41278699785471 1.6168233864009383 57.091996237635612 4.4804006181657297 6.9265537858009329 30.242679849267006 2.4342329874634734 27.359838202595711 13.682062096893786 136.96176545321941 1.4708646200597288 2.8252873532474023 5.2121891230344772 45.446148134768009 4.158284716308116 4.3452161476016036 2.808645397424697 4.4597249813377848 68.40532573312521 229.90491482615471 20.405347295105457 2.3742318004369727 3.7822500094771385 53.366215575486422 1.2326692640781391 4.1960363611578941 4.7897538244724291 8.507887087762354 4.0297593846917152 2.050307434052228 117.33470464497805 8.5120977610349637 3.9582704156637183 1.4634205996990193 10.803135998547075 52.137437537312508 2.662396788597106 2.7803451716899872 1.6806916296482075 8.8284031786024553
leaf_count=152 1494 70 1696 1269 36 7646 64 811 1282 4751 31 242 34 34 139 18 258 77 817 21 34 44 690 33 31 23 46 1216 4938 152 28 26 1086 22 22 25 65 24 28 1027 65 30 20 92 352 20 13 23 141
internal_value=-0.00107785 0.00977871 0.00493601 -0.0171724 0.0187033 0.0150144 -0.0670498 -0.00884705 0.0218712 -0.00256286 -0.040461 -0.0242597 -0.0229133 0.0941158 0.0550781 -0.0934203 -0.0577806 -0.0158628 -0.0108907 -0.0679502 -0.0760452 -0.00136154 -0.043341 -0.094888 0.101922 0.0612227 -0.0500013 -0.0800697 -0.0962826 -0.0706853 0.0927928 0.0382292 -0.0902678 -0.000915543 -0.102191 0.107104 0.0857584 0.0551388 -0.0948622 0.110284 0.0843629 0.113032 0.0699368 -0.10056 0.119199 0.109934 0.124314 -0.0991592 -0.103787
internal_weight=4052.67 3479.99 3306.23 1268.76 2037.47 1942.45 572.679 1111.57 1653.73 985.065 285.159 288.724 174.053 95.0176 37.1692 287.52 126.505 159.32 150.644 111.106 157.191 8.03748 52.8402 285.086 173.762 19.6222 49.9059 149.153 280.927 40.2194 16.8136 6.15648 58.266 2.84949 8.67644 154.14 19.9898 8.81951 55.4165 134.15 12.8573 121.293 2.93429 240.708 57.8484 11.1703 10.6571 14.7324 13.0517
internal_count=31258 22751 21304 9877 11427 10866 8507 7314 8928 5562 3122 1938 1178 561 173 5385 1752 950 894 1944 2563 78 777 5367 1447 160 736 2485 5334 304 137 54 1167 53 56 1287 134 49 1114 1153 96 1057 41 5030 388 85 83 228 205
is_linear=0
shrinkage=0.1


Tree=18
num_leaves=47
num_cat=0
split_feature=0 10 12 6 6 6 11 11 11 0 0 0 11 6 11 11 7 7 5 10 12 8 7 11 2 6 10 10 2 2 2 10 0 13 4 6 0 1 4 5 4 5 4 7 2 7
split_gain=249.874 143.884 94.6796 72.1097 132.075 69.7628 30.1818 29.8421 31.0469 28.663 27.9836 23.4243 12.7972 12.45 9.59465 32.276 9.30548 10.9526 8.97628 6.5804 5.76096 7.49591 3.98446 4.92484 4.26616 9.34305 3.59494 13.0473 2.96437 3.01713 4.67197 2.622 6.47003 2.2636 2.31471 1.56975 1.14896 1.54007 1.29683 0.97921 1.36448 0.66033 0.658432 0.579464 0.265876 0.184394
threshold=-0.81484332680702198 0.52131253480911266 1.0000000180025095e-35 0.69256556034088146 -0.48790702223777765 -0.72400152683258046 4.4148993492126474 3.6438724994659428 3.3692096471786503 -0.23300249874591825 -1.0330336093902586 1.512519955635071 4.0860428810119638 1.6369436383247378 4.6538438796997079 5.1748409271240243 1.9071474671363833 1.0000000180025095e-35 1.0000000180025095e-35 0.48166064918041235 -0.3084897100925445 -2.5623200535774227 -0.58852967619895924 5.2450463771820077 0.043701218441128738 0.69256556034088146 0.78861510753631603 0.74750691652297985 -0.75754910707473744 0.018527696840465072 0.51302289962768566 0.55838271975517284 1.6579800844192507 -3.7486054897308345 1.3275650739669802 -0.48790702223777765 1.6579800844192507 1.1129009425640108 1.0000000180025095e-35 -1.4034662842750547 0.93928512930870067 1.2489846348762514 1.0000000180025095e-35 1.9071474671363833 0.84796229004859935 0.65930889546871196
decision_type=2 2 2 2 2 2 2 2 2 2 2 2 2 2 2 2 2 2 2 2 2 2 2 2 2 2 2 2 2 2 2 2 2 2 2 2 2 2 2 2 2 2 2 2 2 2
left_child=10 2 3 4 5 -2 7 8 -4 13 19 -11 -9 -5 42 -16 17 20 -6 22 44 -22 24 43 35 -26 27 31 -18 -30 -31 45 -33 -19 -35 -1 39 38 -38 40 -28 -41 -8 -24 -12 -3
right_child=1 26 6 9 18 -7 14 12 -10 11 16 -13 -14 -15 15 -17 28 33 -20 -21 21 -23 23 -25 25 -27 36 -29 29 30 -32 32 -34 34 -36 -37 37 -39 -40 41 -42 -43 -44 -45 -46 -47
leaf_value=-0.058398863791141203 -0.019490696298513289 0.11338177665735201 0.021646560984620745 -0.0096119885733560294 -0.063113834938549648 0.041996020434754769 0.13815054739556559 -0.15522136262187208 0.23783230725438004 0.036452017202675921 -0.11023378440636121 -0.020872407234954374 0.023821665976975107 -0.091797501632351119 -0.13730077065018439 0.11120506166922497 -0.046745494711940644 0.028804170578327272 -0.10045985071525002 0.060137917876157188 0.10596571252056014 -0.032684840207271297 -0.10092998676346554 0.081042522630910663 -0.069892514572251471 0.089318863305219154 0.050117390407958512 -0.1632349714799218 0.096398951359841348 -0.067353817169814437 0.070051021809346678 -0.096254781954589974 0.11477396182943447 -0.1018785049155841 0.023658549962221182 -0.11852887134529161 0.057812453546614379 0.028448351076810902 0.11956428120670103 0.11271644423552551 0.11630156636194409 0.070163509462239398 0.11152249834890111 -0.076521966860465626 -0.074762093403099791 0.14417257277025775
leaf_weight=6.6007773652672794 665.27180137485266 7.4707493036985451 1233.7943498194218 149.77730835229158 338.64561569690704 255.35634620860219 15.029728561639784 13.598788600414993 6.6789642199873915 448.63864381238818 8.8293723389506322 84.748944912105799 5.6510019898414603 21.01887534558773 7.1717740260064629 19.268146105110645 4.9443050771951702 1.4747259877622116 79.459912609308958 2.8232398182153693 4.0401714779436579 111.79047383740544 210.51436698809266 1.5161897540092457 15.655571639537813 4.8208777382969847 6.5089820474386197 2.3268116377294055 6.2174284234643009 4.5328837260603887 5.4494683519005775 2.2620164640247813 4.0614929609000683 40.000444922596216 1.524754375219344 12.685046207159756 5.3364202231168774 4.1903009563684455 9.3760084733366948 109.59997153282166 5.973928764462471 3.7722302898764601 24.299339585006237 10.197788689285515 2.7778977043926707 2.6295004338026047
leaf_count=55 5111 72 6540 1113 2392 1561 72 77 32 2701 139 548 33 190 39 92 26 28 1400 22 40 1115 4954 7 122 32 45 22 30 22 28 29 30 816 24 101 32 29 73 1042 53 30 193 92 41 13
internal_value=-0.0010235 0.00797419 0.00352727 -0.00997724 -0.0236032 -0.00243601 0.0243411 0.0208932 0.0228105 0.0159273 -0.0706541 0.0273438 -0.102661 -0.0197261 0.0903817 0.0437984 -0.0415419 -0.0493045 -0.0702114 -0.0917155 -0.0345793 -0.0278487 -0.0933519 -0.0985684 -0.0641974 -0.0324085 0.0995844 0.0583852 0.0210302 0.0417158 0.00765689 0.0897829 0.0392857 -0.0929451 -0.0972689 -0.0979487 0.104921 0.0819328 0.097166 0.108374 0.0817911 0.111301 0.121698 -0.0998022 -0.101745 0.121398
internal_weight=3988.31 3531.92 3368.41 2042.92 1338.73 920.628 1325.49 1259.72 1240.47 704.184 456.396 533.388 19.2498 170.796 65.769 26.4399 191.582 170.438 418.106 264.814 127.438 115.831 261.991 222.228 39.7623 20.4764 163.508 18.7506 21.1441 16.1998 9.98235 16.4238 6.32351 42.9999 41.5252 19.2858 144.758 18.9027 14.7124 125.855 12.4829 113.372 39.3291 220.712 11.6073 10.1002
internal_count=31258 23564 22094 15016 10464 6672 7078 6682 6572 4552 7694 3249 110 1303 396 131 2309 2203 3792 5385 1335 1155 5363 5053 310 154 1470 166 106 80 50 144 59 868 840 156 1304 134 105 1170 98 1072 265 5046 180 85
is_linear=0
shrinkage=0.1


Tree=19
num_leaves=50
num_cat=0
split_feature=5 10 4 4 5 12 0 6 6 6 10 10 12 0 1 4 9 0 7 6 7 6 5 0 0 11 11 0 0 10 11 5 10 12 6 0 0 9 4 6 10 2 6 12 0 0 5 3 0
split_gain=226.047 107.234 76.3609 65.7549 53.4207 37.3249 35.4671 24.8435 24.2425 56.6678 22.47 22.2924 19.2985 15.4957 14.7097 14.1513 11.6634 15.4854 9.90521 9.33501 8.65087 7.70194 6.87107 5.19308 4.50901 4.27158 4.02469 3.65538 3.41262 3.58148 3.39213 3.35232 9.12676 3.12631 1.73564 1.69811 1.45308 1.45278 1.11819 0.719 0.629844 1.92408 0.545486 0.348724 0.104562 0.00182916 0.00160339 0.00056081 0.000175966
threshold=0.58587190508842479 0.52131253480911266 0.93928512930870067 0.55100518465042125 -1.4034662842750547 -0.47030833363533014 -0.23300249874591825 -0.72400152683258046 -0.48790702223777765 0.69256556034088146 0.47259169816970831 0.88612297177314769 -0.065761788748204694 -0.37846271693706507 0.43031994625926023 1.7158449888229372 1.0000000180025095e-35 0.057917897589504726 1.0000000180025095e-35 0.69256556034088146 1.0000000180025095e-35 -0.48790702223777765 -0.74035353958606709 -0.4511928111314773 -0.23300249874591825 4.1870398521423349 5.7648119926452646 -0.30573260784149164 1.8761703968048098 1.2559643983840945 5.2450463771820077 -1.4034662842750547 0.90532004833221447 1.0000000180025095e-35 0.22037653252482417 -0.16027240455150601 2.1670908927917485 1.0000000180025095e-35 -0.22555463947355744 1.1647546291351321 3.9536155462265019 0.20036496967077258 -0.48790702223777765 1.5524244308471682 1.6579800844192507 -0.66938310861587513 1.2489846348762514 -1.0000000180025095e-35 0.63975870609283458
decision_type=2 2 2 2 2 2 2 2 2 2 2 2 2 2 2 2 2 2 2 2 2 2 2 2 2 2 2 2 2 2 2 2 2 2 2 2 2 2 2 2 2 2 2 2 2 2 2 2 2
left_child=1 2 4 10 16 25 -7 22 14 -10 13 12 27 26 -9 18 30 -18 -14 21 -21 -15 37 -17 -24 -6 33 39 31 36 -1 32 -3 -2 -29 38 -30 -4 -12 -5 44 -42 -37 -34 -33 -13 48 -31 -47
right_child=3 28 7 11 5 6 -8 8 9 -11 35 45 15 19 -16 23 17 -19 -20 20 -22 -23 24 -25 -26 -27 -28 34 29 47 -32 40 43 -35 -36 42 -38 -39 -40 -41 41 -43 -44 -45 -46 46 -48 -49 -50
leaf_value=-0.068484905730240839 -0.098536489452297246 -0.077536426692588534 -0.10406986597582198 -0.10778603746136189 -0.050049185386633388 -0.016952094552633537 0.015158377878028121 0.075188874597796052 -0.077698597200202224 0.034727912270553628 -0.024763753420957532 0.1163363472391261 -0.0039015537419462443 -0.046252777224716699 0.019109925094484718 -0.024701416360349837 -0.071689114196061748 0.0082846181264141783 -0.05340752677883627 0.025119908381320485 -0.069915533794675758 -0.095358854584442765 -0.036879587333790959 0.082872995127888607 0.0086260654132531683 0.048165520896893299 0.11256418904677556 -0.081472156651637179 -0.028128679212497777 0.11425724265049245 0.094594613395349247 0.11315256941605281 0.11549805821930464 -0.070635920469173233 -0.031237420985965353 0.13989797451891831 0.052623110856211679 -0.033155519747080364 0.07855672869899788 -0.064806356576575949 0.11246006303855852 0.021477167289295475 0.077210683229981994 0.071326549334079462 0.096987531767854115 0.11219413944533224 0.11526808882666451 0.11626740941498059 0.11327076615196799
leaf_weight=137.6354573071003 218.90534890815616 3.6813663765788069 8.5492563694715482 21.558683421462778 139.46489948406816 479.35119803994894 1218.0338188372552 197.96866746246815 49.053580224514008 521.09061111137271 2.0791047662496567 2.2117618694901457 159.54599629528821 75.05561662837863 61.244192689657211 5.6789245419204262 39.347638189792633 62.942063689231873 54.126700468361378 24.4869454652071 15.7320409566164 55.59997646510601 29.357741847634315 21.390369459986687 84.299435049295425 4.5734980925917617 0.95194797217845817 10.638871580362322 4.3801717236638051 2.8794584050774574 1.2874120771884907 90.077012173831463 8.0825483053922635 49.184665787965059 19.455443106591702 3.0599428564310074 4.5360012650489807 4.3632868453860274 2.1110233962535858 4.7498136200010768 8.6216133162379247 3.182307355105876 2.5406528487801534 2.2947388067841521 4.1875026896595946 5.99984312802553 2.7397176772356024 2.6792659610509864 2.0323135182261467
leaf_count=2039 5608 38 75 396 1043 2937 5903 919 232 2450 21 19 1340 1169 279 44 567 720 612 325 242 986 135 93 358 23 4 85 28 27 7 917 72 887 144 25 27 34 19 91 88 31 18 21 31 62 24 23 20
internal_value=-0.000975974 0.0107555 0.00688634 -0.0499678 -0.00385373 0.00194284 0.0060902 0.0302853 0.036583 0.0250551 -0.0743971 -0.0145438 -0.0201481 -0.0777318 0.0619391 -0.0078127 -0.0481049 -0.0224788 -0.0164422 -0.0541818 -0.0120541 -0.0671497 -0.0109814 0.0603047 -0.00312808 -0.0469307 -0.0926889 -0.0727987 0.0980986 0.0522284 -0.0669736 0.103626 0.0577406 -0.0934178 -0.0489963 0.0754381 0.0129529 -0.0801071 0.02729 -0.100026 0.109708 0.0879313 0.111461 0.10573 0.112434 0.113717 0.113179 0.115226 0.112467
internal_weight=3933 3173.16 3038.56 759.836 2082.64 1841.42 1697.39 955.927 829.357 570.144 449.707 310.128 297.145 439.917 259.213 240.742 241.213 102.29 213.673 170.875 40.219 130.656 126.57 27.0693 113.657 144.038 269.042 56.4028 134.602 14.4749 138.923 120.127 14.0587 268.09 30.0943 9.79072 8.91617 12.9125 4.19013 26.3085 106.068 11.8039 5.6006 10.3773 94.2645 12.9836 10.7719 5.55872 8.03216
internal_count=31258 19024 17721 12234 13239 9906 8840 4482 3880 2682 9304 2930 2805 9221 1198 2089 3333 1287 1952 2722 567 2155 602 137 493 1066 6499 716 1303 105 2046 1198 131 6495 229 83 55 109 40 487 1067 119 43 93 948 125 106 50 82
is_linear=0
shrinkage=0.1


Tree=20
num_leaves=42
num_cat=0
split_feature=0 10 5 11 11 5 11 11 4 7 6 5 0 12 10 11 11 11 2 10 4 10 10 6 2 10 5 10 0 0 10 12 12 3 5 4 4 5 10 13 7
split_gain=197.089 117.422 80.3491 65.5303 66.5154 57.2333 35.7081 41.9901 30.4831 18.8809 16.1526 10.3254 8.56215 6.72125 6.32716 5.47509 4.85881 4.70013 4.51725 3.90673 3.50728 3.44154 11.6015 3.03797 2.43434 2.38538 2.41495 2.19721 5.29075 1.30664 1.55796 1.68934 1.02508 2.13768 1.01718 1.44248 0.918554 0.730002 0.345922 0.341535 0.138128
threshold=-0.96030351519584645 0.52131253480911266 0.58587190508842479 4.0860428810119638 3.6438724994659428 -1.4034662842750547 4.6538438796997079 5.0492105484008798 -0.22555463947355744 1.0000000180025095e-35 -0.72400152683258046 -0.74035353958606709 -1.1057637333869932 1.1478778719902041 0.36455856263637548 3.5662771463394169 4.4148993492126474 5.7648119926452646 0.091659609228372588 0.78861510753631603 -1.0021144449710844 0.78861510753631603 0.74750691652297985 -0.48790702223777765 0.63792648911476146 0.51297172904014599 1.0000000180025095e-35 0.55838271975517284 1.6579800844192507 1.6579800844192507 1.2559643983840945 0.33878475427627569 0.41969406604766851 -0.46099117398262018 -1.4034662842750547 0.93928512930870067 0.55100518465042125 1.2489846348762514 3.367178320884705 -4.6462395191192618 0.65930889546871196
decision_type=2 2 2 2 2 2 2 2 2 2 2 2 2 2 2 2 2 2 2 2 2 2 2 2 2 2 2 2 2 2 2 2 2 2 2 2 2 2 2 2 2
left_child=12 2 3 4 5 -2 11 -8 17 10 -10 -5 16 15 -11 25 19 20 23 32 -4 22 27 -15 -20 26 -14 40 -29 34 31 -31 39 -34 35 -23 -6 -36 -32 -1 -3
right_child=1 21 8 6 36 -7 7 -9 9 14 -12 -13 13 18 -16 -17 -18 -19 24 -21 -22 29 -24 -25 -26 -27 -28 28 -30 30 38 -33 33 -35 37 -37 -38 -39 -40 -41 -42
leaf_value=-0.057598248745472938 -0.032361672083770179 0.10827802665782074 -0.10056309940312025 -0.063342680724767536 -0.13754248689974055 0.011778552922411943 -0.14743812688487629 0.068700068624365201 -0.058330577800849819 -0.059302742612780485 0.0075277884464056699 0.12204879093106764 -0.05647832612886286 0.036209154568836881 0.13991033872920297 0.062322034492622705 0.025265534217074948 0.053459901305437277 0.18366484568669555 0.056537885636985953 -0.065473114027564547 0.041993705134512692 -0.15341629518766459 -0.11886475469626523 0.027178948934449096 0.065369663904396844 -0.089871330756725584 -0.093264969593406924 0.10590405192153565 0.001518567906740454 0.11394751518265388 0.094446225997667679 -0.011126239190589006 -0.093893508153558056 0.1090482718201084 0.114223536409039 -0.18073063199002895 0.061460876701508363 0.067959096273456074 -0.10027249904497521 0.13569643155391928
leaf_weight=1.8975772447884072 333.88418823853135 6.4911399334669131 37.800532940775156 3.1178182438015929 22.140563536435369 2443.847734156996 12.89701961353421 29.658709608018398 45.350430238991976 96.042352348566055 208.26169338449836 82.423920780420303 45.874036833643913 2.6462604627013206 1.6212236918508995 3.2293879948556414 3.3703643940389147 2.9429980367422095 1.967193126678467 1.6655314415693272 115.57320955768228 5.9624713957309705 2.3616700470447531 2.4172851629555208 2.0096726007759571 1.278148304671048 41.024407304823399 2.0282594673335543 3.8950896561145782 4.4851480573415783 6.79360683262348 3.4695615842938423 4.1046298705041435 13.015157401561735 93.97441353648901 5.1555803567171097 6.3333623334765425 3.338098779320716 2.1542762666940689 160.75003872066736 2.5627899914979935
leaf_count=46 3858 74 789 26 142 12075 74 149 534 1240 1815 538 376 21 11 34 27 12 19 14 2288 45 25 30 22 11 1033 30 30 25 65 24 75 242 1055 53 33 30 20 4234 14
internal_value=-0.000929029 0.00543717 0.00175225 0.00810698 0.00491412 0.00647288 0.0780522 0.00319682 -0.0349833 -0.0186358 -0.00424888 0.115292 -0.0809294 -0.0574294 -0.0559958 -0.0655646 -0.0937023 -0.0717194 0.0248234 -0.0959123 -0.0741214 0.094334 0.0525771 -0.0378216 0.104586 -0.0702483 -0.072243 0.0850588 0.0377051 0.100111 0.0742499 0.0420503 -0.0973247 -0.0740493 0.104142 0.0754876 -0.147149 0.107416 0.102875 -0.0997746 0.116039
internal_weight=3869.82 3584.57 3441.9 2934.3 2806.21 2777.73 128.097 42.5557 507.592 351.276 253.612 85.5417 285.25 100.446 97.6636 91.406 184.803 156.317 9.04041 181.433 153.374 142.672 17.3389 5.06355 3.97687 88.1766 86.8984 14.9773 5.92335 125.333 16.9026 7.95471 179.767 17.1198 108.431 11.1181 28.4739 97.3125 8.94788 162.648 9.05393
internal_count=31258 25074 23584 16895 16108 15933 787 223 6689 3600 2349 564 6184 1546 1251 1454 4638 3089 92 4611 3077 1490 173 51 41 1420 1409 148 60 1317 134 49 4597 317 1183 98 175 1085 85 4280 88
is_linear=0
shrinkage=0.1


Tree=21
num_leaves=44
num_cat=0
split_feature=0 10 12 5 5 4 2 6 4 1 7 4 0 5 4 10 12 11 0 12 10 2 6 0 10 10 4 11 10 0 2 2 12 0 1 4 5 4 1 5 2 13 7
split_gain=172.523 104.334 73.0489 58.4391 41.9377 37.8095 28.6172 21.4196 20.0787 23.366 13.9548 12.8855 12.3061 9.1357 8.6338 7.90919 6.54117 5.5666 5.42013 5.10735 4.54251 4.16722 5.43648 3.2219 3.17055 10.1158 2.24101 2.06447 2.06085 4.50288 1.55874 1.55873 1.48506 1.37282 1.66607 1.39715 1.08373 1.42254 0.948449 0.766333 0.575078 0.534373 0.103958
threshold=-0.96030351519584645 0.52131253480911266 1.0000000180025095e-35 1.0000000180025095e-35 -1.4034662842750547 -1.778674244880676 -0.90838605165481556 0.69256556034088146 1.7158449888229372 1.1129009425640108 1.0000000180025095e-35 2.1041248440742497 0.78521892428398143 1.0000000180025095e-35 1.0000000180025095e-35 0.47259169816970831 0.41969406604766851 5.7648119926452646 -0.4511928111314773 1.9569709897041323 0.90532004833221447 0.071586322039365782 -0.48790702223777765 -1.1057637333869932 0.78861510753631603 0.74750691652297985 1.0000000180025095e-35 5.2450463771820077 0.55838271975517284 1.6579800844192507 -1.3173121809959409 0.62138158082962047 -0.47030833363533014 1.6579800844192507 1.1129009425640108 1.0000000180025095e-35 -1.4034662842750547 0.93928512930870067 0.43031994625926023 1.2489846348762514 0.35052283108234411 -4.6462395191192618 0.65930889546871196
decision_type=2 2 2 2 2 2 2 2 2 2 2 2 2 2 2 2 2 2 2 2 2 2 2 2 2 2 2 2 2 2 2 2 2 2 2 2 2 2 2 2 2 2 2
left_child=13 2 3 4 15 -6 12 11 9 -8 -9 -5 14 16 -4 -2 23 20 -10 -14 26 22 -18 38 25 28 41 -28 42 -30 -25 -23 -32 36 35 -35 37 -26 40 -38 -1 -15 -3
right_child=1 24 6 7 5 -7 8 10 18 -11 -12 -13 19 17 -16 -17 21 -19 -20 -21 -22 31 -24 30 33 -27 27 -29 29 -31 32 -33 -34 34 -36 -37 39 -39 -40 -41 -42 -43 -44
leaf_value=-0.11105814711696715 -0.047577490805850428 0.10663645148234827 -0.04720776004472834 -0.071756396136671868 -0.069206017147073084 0.0062126304138135054 0.029164675250903591 0.0072255524114233794 0.0049222460854554872 -0.012264698993560919 -0.062416055896748535 0.14877539182804231 0.041107144635458705 -0.042622881858961008 -0.0031997777066463794 0.14605583371849895 0.050709066534065365 0.1952679566962201 0.089560835839700079 -0.042409958493437989 0.062773366320850177 0.098050924709490409 -0.11518786264027642 -0.12707178577836867 0.038855852721577627 -0.14804886893975475 -0.075390686640354754 0.080530958063394692 -0.090204651661717525 0.098830278747675818 -0.1141077836211853 0.013865732454962377 -0.037460553050399671 0.046123325555158405 0.011657846905507958 0.1151607022699138 0.10770532287902422 0.11275828519292963 -0.027124323838163628 0.057857969509478392 -0.078328791343741863 -0.1000455657903796 0.13131452813370167
leaf_weight=14.7418753951788 201.43149301037192 5.959264241158964 88.472548823803663 201.22765344753861 69.650863401591778 1456.7972492352128 892.06057558581233 83.990683857351542 8.6666518114507181 160.65103980526328 43.766106676310301 2.6848186664283267 48.172008525580168 1.639299988746642 89.857761096209288 2.1317874044179908 3.3390487022697926 0.67632703483104606 59.58226877450943 8.6347534433007223 1.8730529844760884 3.9740293696522695 4.8366124927997607 2.3393479101359835 5.807944789528845 2.2104045506566754 35.782726980745792 0.86981607973575492 1.894364908337592 3.7635958790779114 2.7233920581638804 4.9251447841525078 35.205309670418501 4.7884533330798167 3.6714096143841735 7.5586621016263962 86.037689067423344 4.7224713414907455 1.9854192174971093 3.1988008618354788 8.4432205781340581 142.11994727700949 2.392252691090107
leaf_count=185 2917 74 536 3758 609 7208 5010 904 50 860 668 14 245 49 458 10 25 3 293 44 16 28 34 22 45 25 887 4 30 30 35 37 291 32 29 73 1055 53 22 30 103 4443 14
internal_value=-0.000875305 0.00494 0.00157073 -0.0102861 -0.00291441 0.00277133 0.0195968 -0.0487376 0.02625 0.0228423 -0.0166318 -0.0688528 -0.012121 -0.0786344 -0.0250328 -0.0455497 -0.051011 -0.0910922 0.0788129 0.0284124 -0.0921547 0.00410833 -0.0474334 -0.0653933 0.0921745 0.0507674 -0.0937632 -0.0716904 0.0821365 0.0355387 -0.0478502 0.0514596 -0.042964 0.0979751 0.0708006 0.0883867 0.102338 0.0719981 -0.0934588 0.105918 -0.0991392 -0.0993908 0.113705
internal_weight=3815.26 3549.78 3417.78 2061.68 1730.01 1526.45 1356.1 331.669 1120.96 1052.71 127.757 203.912 235.137 265.475 178.33 203.563 82.5134 182.961 68.2489 56.8068 182.285 17.0748 8.17566 65.4386 132.005 16.2199 180.412 36.6525 14.0095 5.65796 40.268 8.89917 37.9287 115.785 16.0185 12.3471 99.7669 10.5304 25.1705 89.2365 23.1851 143.759 8.35152
internal_count=31258 25074 23584 16088 10744 7817 7496 5344 6213 5870 1572 3772 1283 6184 994 2927 782 5402 343 289 5399 124 59 658 1490 173 5383 891 148 60 348 65 326 1317 134 105 1183 98 310 1085 288 4492 88
is_linear=0
shrinkage=0.1


Tree=22
num_leaves=49
num_cat=0
split_feature=0 10 4 12 11 11 0 7 11 7 4 12 1 13 0 5 1 4 2 11 2 6 7 10 2 12 11 2 6 2 6 2 5 10 0 6 5 1 2 10 12 4 13 0 7 12 2 4
split_gain=152.28 86.5082 63.4422 56.9224 49.0106 57.8034 30.9169 14.689 13.7111 13.2544 9.75708 8.96203 8.40436 7.85402 6.9733 6.3677 5.20871 5.12221 4.84093 4.86931 4.785 4.74442 4.72792 4.51487 4.49002 4.03967 3.90035 3.67465 4.3788 3.17026 3.20831 2.97685 2.69378 6.15246 2.98035 2.51147 2.33512 2.00671 1.6278 1.62177 2.90633 1.27423 1.27178 1.18068 0.847767 0.624058 0.364454 0.00551085
threshold=-0.74211320281028736 0.52131253480911266 -0.61383455991744984 -0.55121764540672291 4.0860428810119638 3.6438724994659428 -1.0330336093902586 1.9071474671363833 4.6538438796997079 -0.58852967619895924 2.1041248440742497 0.74333134293556224 1.0000000180025095e-35 -0.67100390791892994 -0.087542304769158349 1.0000000180025095e-35 0.43031994625926023 -0.22555463947355744 -1.4994106292724607 3.5662771463394169 -0.50270813703536976 -0.48790702223777765 -0.58852967619895924 0.48166064918041235 0.91682502627372753 0.33878475427627569 5.2450463771820077 1.9863602519035342 -0.48790702223777765 0.043701218441128738 1.0000000180025095e-35 0.45550036430358892 -1.4034662842750547 0.88612297177314769 1.6579800844192507 0.69256556034088146 1.2489846348762514 0.43031994625926023 0.064581803977489485 1.2559643983840945 0.096056833863258376 -2.1669542193412776 -1.8251044750213621 1.1488693952560427 1.9071474671363833 2.7660641670227055 0.36095125973224645 0.93928512930870067
decision_type=2 2 2 2 2 2 2 2 2 2 2 2 2 2 2 2 2 2 2 2 2 2 2 2 2 2 2 2 2 2 2 2 2 2 2 2 2 2 2 2 2 2 2 2 2 2 2 2
left_child=6 2 9 7 5 -5 22 10 -6 13 -4 15 -9 42 -15 17 41 20 -17 -20 -8 -18 25 26 -19 37 44 28 31 -27 -31 -13 33 -3 36 -30 45 38 -1 40 -36 -11 -2 47 -24 -34 -41 -35
right_child=1 32 3 4 8 -7 11 12 -10 16 -12 27 -14 14 -16 18 21 24 19 -21 -22 -23 23 -25 -26 29 -28 -29 35 30 -32 -33 34 43 39 -37 -38 -39 -40 46 -42 -43 -44 -45 -46 -47 -48 -49
leaf_value=-0.11531881536033511 -0.05039456324101086 -0.064038165079130807 -0.054651015085105552 0.010450328410318436 0.10295477694010174 -0.14036222189509373 -0.0053964196903554182 -0.059204893455570597 0.03134332262572552 -0.10990218278571627 0.071906237552459673 0.012668226382412382 0.028638205139202334 -0.068400070428039486 -0.0094151887086106143 0.11206355792472847 0.090835084447622408 -0.024206339758479658 -0.079001165587270716 0.039555175657377532 -0.075056290467430897 -0.06764691073150074 -0.09790213150674143 0.050673866181149378 0.042433620183995151 -0.066744974560490111 0.06654663300278521 0.11430893262319693 -0.069471932650560106 -0.024109734261898382 0.10947852601054751 0.10590668885021921 0.10839351004205366 0.11438543878457746 -0.0052788213458449676 -0.010702499234828923 0.025919731741221454 0.018385104212511879 -0.058923585980986785 0.11105666435381339 0.097173887783601157 -0.080292564461341212 -0.09054235957236717 0.028088308667809116 -0.065358201712971437 0.050736006844658989 0.059113026736079877 0.1086916322818321
leaf_weight=10.032727852463728 13.290333218872545 3.5774519611150017 191.07195634022355 2560.5661023966968 70.991368316113949 25.669074870646 13.801755189895628 14.533075660467146 42.889653816819191 21.598773915320635 6.292420655488967 17.372324338182811 43.467212006449699 24.302242517471313 114.35221552848816 1.4556818548589934 3.1623278371989727 61.716947875916958 61.498128842562437 3.6711222603917113 34.535110743716359 4.6911190394312134 148.46794191375375 2.1679767817258826 12.091498184949158 5.055005878210066 1.4875009059905995 2.6872740462422362 9.576927397400139 3.968294657766819 3.2868850603699684 4.2649164907634249 81.324422491714358 3.5015092417597753 6.8279187157750147 30.206773493438959 3.7043879926204673 2.0004366040229788 10.448507826775311 5.1401743963360778 4.6575652882456779 44.432828279212117 19.41867757588625 2.2519984915852547 8.4606916010379773 1.9215683564543713 1.8322457298636434 3.3036790266633034
leaf_count=109 107 39 1893 15545 531 179 130 66 229 394 31 149 211 208 834 33 38 385 1573 46 334 76 4954 19 73 39 7 22 91 26 20 40 1093 32 44 246 37 17 102 59 35 793 169 20 92 25 18 45
internal_value=-0.000831549 0.00655762 0.00345709 0.00751268 0.0117806 0.00895347 -0.0555392 -0.0376145 0.0759846 -0.0454166 -0.0506161 -0.032455 0.00662745 -0.0301517 -0.0197536 -0.0434258 -0.0808211 -0.0298613 -0.068294 -0.0723226 -0.0551661 -0.00383136 -0.0854175 -0.0926583 -0.0132892 -0.0519971 -0.0946199 -0.00015094 -0.00515876 -0.00594852 0.0364111 0.0310465 0.0906283 0.046995 0.0958583 -0.0248498 0.103606 -0.0772117 -0.0865488 0.0593627 0.0362675 -0.0899778 -0.0742295 0.0908515 -0.0961475 0.107063 0.0974067 0.111621
internal_weight=3767.03 3318.77 3200.73 2955.48 2700.12 2586.24 448.254 255.365 113.881 245.249 197.364 252.878 58.0003 171.363 138.654 188.77 73.885 122.145 66.6249 65.1693 48.3369 7.85345 195.376 160.584 73.8084 34.7919 158.416 64.1082 61.4209 12.3102 7.25518 21.6372 118.043 12.6346 105.408 39.7837 86.9504 22.4817 20.4812 18.4579 11.4855 66.0316 32.709 9.05719 156.929 83.246 6.97242 6.80519
internal_count=31258 22751 21304 18685 16484 15724 8507 2201 760 2619 1924 3122 277 1318 1042 2574 1301 922 1652 1619 464 114 5385 5072 458 313 5053 548 526 85 46 189 1447 136 1311 337 1155 228 211 156 79 1187 276 97 5046 1118 77 77
is_linear=0
shrinkage=0.1


Tree=23
num_leaves=43
num_cat=0
split_feature=0 10 12 4 5 5 6 7 10 4 5 4 6 10 1 6 12 11 2 10 6 11 4 4 0 2 2 11 0 1 8 4 5 10 5 13 13 2 12 4 2 10
split_gain=132.121 82.6531 58.4468 52.6989 45.9968 38.0563 20.7009 13.6769 11.1452 11.4426 9.69472 8.4762 7.41199 7.31035 6.53933 5.70103 5.41795 4.62331 4.27337 3.79733 3.559 3.39894 2.63711 2.52476 2.19627 1.81946 2.63767 1.56967 1.52059 1.65279 1.50347 1.42409 1.17205 3.5809 0.803678 0.602258 0.567127 0.527576 0.429662 0.12658 0.0805483 0.0137745
threshold=-0.96030351519584645 0.78861510753631603 -0.55121764540672291 1.3275650739669802 0.58587190508842479 -1.4034662842750547 0.69256556034088146 1.9071474671363833 -0.079621847718954072 1.7158449888229372 1.0000000180025095e-35 2.1041248440742497 1.1647546291351321 0.41632442176342016 1.0000000180025095e-35 1.1647546291351321 0.17696614563465121 5.7648119926452646 0.043701218441128738 0.90532004833221447 -0.48790702223777765 3.6623475551605229 0.55100518465042125 1.0000000180025095e-35 -1.1057637333869932 0.51302289962768566 1.528920114040375 5.2450463771820077 1.6579800844192507 1.1129009425640108 -1.3802402615547178 1.0000000180025095e-35 -1.4034662842750547 0.90532004833221447 1.2489846348762514 -4.6462395191192618 -0.15807029232382772 -1.4142024517059324 1.5524244308471682 -0.22555463947355744 0.25234560668468481 1.1088089346885683
decision_type=2 2 2 2 2 2 2 2 2 2 2 2 2 2 2 2 2 2 2 2 2 2 2 2 2 2 2 2 2 2 2 2 2 2 2 2 2 2 2 2 2 2
left_child=10 2 7 4 5 -4 -6 11 9 -5 16 12 -2 -10 22 -16 21 19 20 23 -18 24 -9 35 37 40 -27 -25 32 31 -26 -30 33 -3 36 -12 -34 -1 -35 -22 -20 -33
right_child=1 28 3 8 6 -7 -8 14 13 -11 17 -13 -14 -15 15 -17 18 -19 25 -21 39 -23 -24 27 30 26 -28 -29 29 -31 -32 41 34 38 -36 -37 -38 -39 -40 -41 -42 -43
leaf_value=-0.032347560121913227 -0.064707225706323909 -0.053203255913689254 -0.030519681541109275 0.031000604613157276 -0.053438945319797905 0.0099707653561984782 -0.0027967705923394228 -0.097928258754390929 -0.12819724953940081 0.068245125494950501 -0.03367516455854299 0.059576032585729924 -0.019027671346459593 0.014340562114171791 0.033008326271165622 -0.053946296550994859 0.020268047885615467 0.17812319230474152 0.083549557559289278 0.057245320378932429 -0.084271083093534913 0.070390184119014335 -0.017014969135556605 -0.070087832122528101 0.017827594384649707 -0.040932092576063665 0.082752500144850361 0.063301028975929902 0.03990264779112581 0.0037738396721048542 -0.05836278032053064 0.11877495962398221 0.075724830962410616 0.11126306892075022 0.052757810603389604 -0.098754446458240511 0.10809776392292164 -0.098301036031564329 0.054894352637426341 -0.11189827484046118 0.060037942040841875 0.10931208866971709
leaf_weight=1.2978734280914093 180.13617618195713 1.9900936782360057 260.73701084963977 241.10167820751667 208.12420611456037 2115.2902247644961 131.85424317419529 7.8211021497845676 6.1411309018731108 125.38958879187703 1.4392734207212914 6.5652455650269976 44.246552309021354 8.6892307028174383 40.848677299916744 9.246728762984274 4.0575503781437874 0.64755347371101279 3.2039015404880029 1.7400361299514759 3.1981031820178032 1.8389628194272507 8.305385470390318 30.895043903961781 2.8545524217188385 5.3018707446753979 2.5551667772233486 0.90813478827476402 4.5240781605243665 3.4556808769702902 27.943243216723207 2.4851650148630142 5.8923213034868231 5.6661505922675133 3.0147756934165946 118.4201316088438 66.31425566971302 18.515938615426418 1.7760994955897329 3.4446705058217066 2.6725664511322975 4.0371678285300732
leaf_count=18 2140 10 3255 1224 3559 10482 1567 45 32 629 49 34 450 52 208 46 32 3 21 16 30 12 34 887 27 38 20 4 32 29 272 20 82 67 30 4443 973 271 21 22 19 53
internal_value=-0.000785565 0.00405672 0.0014279 0.00549235 0.00060484 0.00552748 -0.0337983 -0.0409348 0.0403042 0.0437433 -0.0740413 -0.0524226 -0.0556996 -0.0446832 -0.00087136 0.016958 -0.0450388 -0.088516 -0.00614525 -0.0896416 -0.0535238 -0.0631572 -0.0562567 -0.0913268 -0.0680096 0.0307693 -0.000708947 -0.0662789 0.0940517 0.0641322 -0.0513009 0.0830142 0.0991773 0.0659488 0.103344 -0.097973 0.105456 -0.0939809 0.0978106 -0.0985974 0.0728567 0.112918
internal_weight=3724.59 3493.65 3394.5 3097.33 2716.01 2376.03 339.978 297.17 381.322 366.491 230.935 230.948 224.383 14.8304 66.2219 50.0954 76.8844 154.05 24.4338 153.403 10.7003 52.4506 16.1265 151.663 50.6116 13.7335 7.85704 31.8032 99.1558 14.5021 30.7978 11.0464 84.6537 9.43234 75.2214 119.859 72.2066 19.8138 7.44225 6.64277 5.87647 6.52233
internal_count=31258 25074 23757 20800 18863 13737 5126 2957 1937 1853 6184 2624 2590 84 333 254 782 5402 182 5399 84 600 79 5383 588 98 58 891 1317 134 299 105 1183 98 1085 4492 1055 289 88 52 40 73
is_linear=0
shrinkage=0.1


Tree=24
num_leaves=49
num_cat=0
split_feature=0 10 0 4 1 12 6 6 12 6 4 0 6 5 11 11 6 5 6 0 10 2 2 7 7 5 10 6 12 11 1 7 2 2 6 0 10 5 10 12 2 7 5 6 12 12 10 4
split_gain=116.912 55.2729 51.2591 48.0326 34.9241 30.0868 28.1807 27.9483 26.1374 21.6067 21.2647 17.0889 16.8412 14.3394 12.0321 11.7248 10.3118 9.10298 9.01754 7.91003 6.88737 6.41393 5.50343 5.14661 4.97207 4.41078 3.8692 3.78314 3.29627 3.24151 2.70694 8.45361 3.48571 1.92255 3.25439 1.52141 1.67818 1.44184 2.95137 1.40301 1.24986 0.995775 0.893834 0.669641 0.661282 0.464424 0.452401 0.00172557
threshold=-0.37846271693706507 0.78861510753631603 -1.0330336093902586 -0.22555463947355744 1.1129009425640108 0.74333134293556224 -1.1961905956268308 -0.48790702223777765 -0.47030833363533014 0.69256556034088146 -1.0021144449710844 0.56702861189842235 -0.48790702223777765 1.0000000180025095e-35 4.3274507522583017 4.7105007171630868 0.9286600947380067 -1.4034662842750547 -0.48790702223777765 1.2215995192527773 0.90532004833221447 -1.5213027000427244 -0.89439600706100453 -0.58852967619895924 1.0000000180025095e-35 0.58587190508842479 0.48166064918041235 -0.48790702223777765 0.5815127193927766 5.2450463771820077 0.43031994625926023 1.9071474671363833 0.24254879355430606 0.043701218441128738 0.69256556034088146 1.6579800844192507 1.2559643983840945 -1.4034662842750547 0.90532004833221447 -1.0000000180025095e-35 0.38586358726024633 1.9071474671363833 1.2489846348762514 -0.48790702223777765 2.7660641670227055 1.2287871837615969 3.367178320884705 0.93928512930870067
decision_type=2 2 2 2 2 2 2 2 2 2 2 2 2 2 2 2 2 2 2 2 2 2 2 2 2 2 2 2 2 2 2 2 2 2 2 2 2 2 2 2 2 2 2 2 2 2 2 2
left_child=2 3 23 8 6 13 19 -8 30 12 18 -12 -6 14 17 -16 -11 -4 -10 -5 24 -7 27 28 -15 -24 29 -23 33 41 32 -32 -2 43 -35 37 39 38 -3 -37 -30 -25 44 -1 -39 -40 47 -38
right_child=1 35 5 4 9 21 7 -9 10 16 11 -13 -14 20 15 -17 -18 -19 -20 -21 -22 22 25 26 -26 -27 -28 -29 40 -31 31 -33 -34 34 -36 36 46 42 45 -41 -42 -43 -44 -45 -46 -47 -48 -49
leaf_value=-0.06391491162814586 -0.058355197334193365 -0.046907010958933987 -0.077615235562042431 0.0010479691507713561 -0.020714321583680334 0.18364672133700896 0.049372454038938411 0.017802783091838369 -0.0069451314986568816 0.033170980635960863 -0.012141322234331273 0.0176008231208525 -0.097856952531284333 -0.048244144849476811 0.13223587727618269 -0.059014443707312771 -0.021312597282813286 -0.022063324183039475 -0.05522765253115313 -0.044771940171300234 0.11001623582982507 0.022290330944593099 0.025094851643539313 -0.096290741840620198 -0.087197458057792165 -0.011929908462394313 0.04642374001030386 -0.057378168002481501 -0.027617620532257487 0.055701767373054711 -0.058914435608492167 0.12014846086085643 -0.11080565094530888 -0.069575568780969876 0.047298204920549494 -0.010239535978044187 0.11261322115533988 0.10704103662767778 0.10959498064834799 0.081378467128440449 0.047550457035741671 -0.059159918335865584 0.047562619269522925 -0.11487721648147325 0.038230019185214792 0.045723688253208515 0.050339762268976795 0.10888560819150223
leaf_weight=4.0962212607264501 54.295702850446105 2.0292637497186652 32.241613142192364 124.32696452364326 105.77835362032056 2.1471508946269742 451.89219416119158 739.03494208678603 61.143381943926215 93.565659713000059 409.08003437705338 366.0429996214807 38.636575724929571 83.077585572376847 9.372796989977358 4.8716498017311087 55.250439874827862 346.58100990578532 105.29801113903522 54.058451507240534 2.3234045766293994 8.7726273387670535 135.8913288898766 124.1352698225528 54.110408790409565 42.15788091532886 2.035734497010707 18.59367586299777 5.0106812268495542 1.4598934203386296 14.929163262248041 3.2019966691732398 16.527289394289255 8.9299438856542093 3.2494729720056048 4.2014739066362381 2.0478654801845551 54.826361380517483 4.3571077771484852 2.7757480219006521 3.9604775905609131 7.6687645912170401 2.8166744634509078 6.9581821449101007 1.433101288974284 1.5410703867673872 1.6558846458792684 3.1552557572722435
leaf_count=48 769 10 617 901 581 18 2370 4127 559 494 2901 2367 212 1540 61 25 294 2021 1086 364 31 66 764 4954 1480 457 19 136 36 7 190 19 257 96 25 25 21 895 58 24 25 92 29 83 21 19 20 44
internal_value=-0.000739772 0.00945382 -0.0318929 0.00700813 0.0175226 -0.0205876 0.0242296 0.0297818 -0.0099549 -0.0137975 -0.0050598 0.00190407 -0.041353 -0.0331743 -0.0233987 0.0668276 0.0129431 -0.0267914 -0.0374907 -0.0128374 -0.0607168 0.0117084 0.00991116 -0.081847 -0.0636083 0.0163283 -0.0903989 -0.0318394 -0.0459189 -0.092489 -0.0617687 -0.0272916 -0.0705951 -0.0657988 -0.0383936 0.0909282 0.0607391 0.0971623 0.0571173 0.0262089 0.00556666 -0.0941304 0.102536 -0.0959931 0.105288 0.0929068 0.0958645 0.110353
internal_weight=3681.55 2773.9 907.646 2693.06 1662.54 740.141 1369.31 1190.93 1030.52 293.231 941.564 775.123 144.415 532.578 393.067 14.2444 148.816 378.823 166.441 178.385 139.511 207.563 205.416 167.505 137.188 178.049 135.3 27.3663 32.205 133.264 88.9542 18.1312 70.823 23.2338 12.1794 80.8398 13.8362 67.0036 7.92744 6.97722 8.97116 131.804 59.0761 11.0544 56.2595 5.89818 6.85901 5.20312
internal_count=31258 18657 12601 17491 9343 7216 7762 6497 8148 1581 6913 5268 793 5775 2724 86 788 2638 1645 1265 3051 1441 1423 5385 3020 1221 5072 202 313 5053 1235 209 1026 252 121 1166 134 1032 87 49 61 5046 945 131 916 77 85 65
is_linear=0
shrinkage=0.1


Tree=25
num_leaves=41
num_cat=0
split_feature=0 10 11 6 6 6 10 11 11 6 11 0 5 7 10 12 11 5 10 0 5 11 11 1 2 6 2 6 6 2 6 0 7 2 12 13 4 4 4 4
split_gain=101.706 68.4685 53.7271 50.9242 197.332 116.389 27.322 26.3004 43.3883 23.536 8.93231 8.67481 6.67544 5.28315 3.51734 2.99364 2.96017 2.56498 4.69474 2.96873 2.48387 2.12208 2.14738 1.91616 1.91233 2.5498 1.73121 3.29778 1.70678 1.92769 1.35512 1.33068 1.06864 1.04838 0.68124 0.60352 0.586677 0.492128 0.013294 0.00330715
threshold=-1.0330336093902586 0.52131253480911266 4.4148993492126474 0.69256556034088146 -0.48790702223777765 -0.72400152683258046 0.51297172904014599 4.6538438796997079 5.2450463771820077 1.6369436383247378 5.6539616584777841 1.5852500200271609 1.0000000180025095e-35 -0.58852967619895924 0.48166064918041235 0.33878475427627569 5.2450463771820077 -1.4034662842750547 0.88612297177314769 1.6579800844192507 1.2489846348762514 4.4469227790832528 4.6464538574218759 0.43031994625926023 0.043701218441128738 1.0000000180025095e-35 0.064581803977489485 0.69256556034088146 -0.48790702223777765 0.54903799295425426 -0.72400152683258046 1.1488693952560427 1.9071474671363833 0.36095125973224645 2.7660641670227055 -4.6462395191192618 -0.22555463947355744 0.55100518465042125 1.0000000180025095e-35 0.93928512930870067
decision_type=2 2 2 2 2 2 2 2 2 2 2 2 2 2 2 2 2 2 2 2 2 2 2 2 2 2 2 2 2 2 2 2 2 2 2 2 2 2 2 2
left_child=13 2 3 4 5 -2 9 21 11 -5 -10 -9 -6 15 16 23 32 18 37 20 34 36 -23 26 -17 -26 38 -28 30 -30 -21 39 35 -34 -19 -15 -4 -3 -1 -20
right_child=1 17 7 6 12 -7 -8 8 10 -11 -12 -13 -14 14 -16 24 -18 19 31 28 -22 22 -24 -25 25 -27 27 -29 29 -31 -32 -33 33 -35 -36 -37 -38 -39 -40 -41
leaf_value=-0.10961184112979822 -0.014195930910907385 -0.088756146553511911 0.15681016015508575 0.020587599355907097 -0.057332787485869091 0.044779979456466321 -0.16556661286652585 -0.13755838146625582 0.016630882478465697 -0.017688810128300463 0.11745379501545122 0.050540483449968344 -0.08763929553544568 -0.029214358860522795 0.042974942119869908 -0.055488294094944095 0.049859616198978253 0.10435576929318149 0.11143929756607265 0.044083558384770474 0.016129048468612163 0.079257237486792254 0.123601516300404 0.029062785108420253 -0.027248978589299946 0.089361637380625067 -0.082710148659604313 0.057033888113549758 0.049141886913462197 -0.057672929649837883 0.12878987770778802 0.013871317179380152 -0.030196185966873897 -0.11158095436860033 0.039476591627810094 -0.096228164934416605 0.12184271504849793 -0.015910257401545284 -0.11881825555064834 0.10657385298771734
leaf_weight=5.8963448591530412 896.47659891285002 1.8797638919204458 8.2733820825815219 1071.9232550449669 480.97800800204277 533.92788931913674 8.4499656930565816 15.841771613806488 14.364050030708311 188.96632984280586 22.632132984697819 2.9007638841867438 85.616025805473328 1.3602192569524039 1.9821035712957371 4.526554659008978 1.4674242436885823 67.403178237378597 3.0424656495451927 3.767703041434288 3.4730444028973571 26.965078424662352 18.352816745638847 1.8439911864697922 4.0506253838539124 3.4913380593061447 6.874941058456896 2.238579548895359 6.6255435161292535 2.2678860574960709 3.7868525274097946 1.9792468920350073 4.9957769922912112 2.316893357783556 1.6582287289202202 111.93177213892341 11.422667622566221 1.8304963670670984 2.1368799284100533 2.5831883400678635
leaf_count=89 7094 22 42 6647 3353 3098 38 115 69 1277 114 16 2043 53 19 39 7 1136 34 33 38 215 165 17 26 20 83 19 68 17 38 20 65 27 25 4901 92 19 20 45
internal_value=-0.000702605 0.00282149 0.000410327 -0.00201127 -0.011966 0.00781804 0.0136502 0.065914 0.0155108 0.0148512 0.0783085 -0.108447 -0.0619123 -0.0799343 -0.0891687 -0.0430508 -0.0913144 0.0842476 0.0394021 0.0899502 0.0986481 0.109126 0.0972158 -0.0677999 -0.0041061 0.0267326 -0.0782167 -0.0483844 0.0515928 0.0219034 0.0865441 0.0843936 -0.0930321 -0.0559815 0.102798 -0.0954236 0.136531 -0.0528169 -0.112061 0.109205
internal_weight=3642.5 3487.39 3387.09 3266.34 1997 1430.4 1269.34 120.753 55.7387 1260.89 36.9962 18.7425 566.594 155.113 124.054 31.0593 122.072 100.298 11.3152 88.9824 72.5345 65.0139 45.3179 18.9907 12.0685 7.54196 17.1467 9.11352 16.448 8.89343 7.55456 7.6049 120.605 7.31267 69.0614 113.292 19.696 3.71026 8.03322 5.62565
internal_count=31258 25873 24378 23550 15588 10192 7962 828 314 7924 183 131 5396 5385 5072 313 5053 1495 140 1355 1199 514 380 228 85 46 211 102 156 85 71 99 5046 92 1161 4954 134 41 109 79
is_linear=0
shrinkage=0.1


Tree=26
num_leaves=51
num_cat=0
split_feature=5 10 7 11 11 10 10 11 11 10 0 4 11 0 9 7 5 11 2 10 0 0 11 5 10 4 11 10 12 4 10 6 3 13 13 1 3 4 0 10 4 6 11 4 4 10 0 5 4 0
split_gain=94.028 49.408 43.762 42.9046 50.4412 41.387 39.2991 27.7827 30.9848 14.4641 14.432 11.1374 10.7531 9.56246 14.5836 10.0953 9.43058 7.01298 6.48023 6.14468 3.79118 3.74574 3.43649 3.41442 4.92955 3.33041 2.8137 2.13058 2.04451 1.82205 1.58797 1.38381 1.06685 0.681475 1.96519 0.659161 1.41133 0.629245 0.503297 0.502349 0.408612 0.399391 0.352499 0.257635 0.0834704 0.0187371 0.00242384 0.00192009 0.00117927 0.000584424
threshold=0.58587190508842479 0.52131253480911266 1.0000000180025095e-35 4.0860428810119638 3.6438724994659428 0.51297172904014599 0.41632442176342016 4.6538438796997079 5.0492105484008798 0.88612297177314769 -1.0330336093902586 -0.22555463947355744 3.5662771463394169 0.27610819786787039 1.0000000180025095e-35 1.2832281589508059 -0.74035353958606709 5.6539616584777841 0.2316359877586365 0.47259169816970831 1.6579800844192507 0.20337810367345813 3.716541171073914 -1.4034662842750547 0.90532004833221447 1.3275650739669802 5.2450463771820077 1.2559643983840945 -0.065761788748204694 0.55100518465042125 0.90532004833221447 1.6369436383247378 -0.20260532572865483 -0.15807029232382772 -1.6968711018562315 1.7954819202423098 -0.20260532572865483 0.55100518465042125 0.85794901847839367 3.367178320884705 0.55100518465042125 0.22037653252482417 5.4716739654541025 -0.22555463947355744 -0.22555463947355744 0.78861510753631603 -0.81484332680702198 1.2489846348762514 0.93928512930870067 0.85794901847839367
decision_type=2 2 2 2 2 2 2 2 2 2 2 2 2 2 2 2 2 2 2 2 2 2 2 2 2 2 2 2 2 2 2 2 2 2 2 2 2 2 2 2 2 2 2 2 2 2 2 2 2 2
left_child=1 3 9 4 5 6 -1 16 40 10 35 21 -13 19 22 32 -5 -10 -17 25 23 -12 29 24 -3 26 -4 30 -27 -15 41 -18 -16 34 -25 42 -37 44 -26 48 -9 -22 -2 -7 -6 -35 -11 49 -29 -48
right_child=2 20 13 7 37 43 -8 8 17 46 11 12 -14 14 15 18 31 -19 -20 -21 27 -23 -24 33 38 28 -28 39 -30 -31 -32 -33 -34 45 -36 36 -38 -39 -40 -41 -42 -43 -44 -45 -46 -47 47 -49 -50 -51
leaf_value=0.0030834563818995693 -0.094422953603374993 -0.061109055193183381 -0.089846313175096226 -0.066700738095808093 -0.12418876774197683 -0.13949215555893457 0.13280527079810045 -0.12634059183016585 0.0039919481087860899 0.11175305669691254 -0.068707710352550577 -0.0083720889560915755 0.077779533947098453 -0.08990589138128785 0.0084232891837998005 0.078946804215405286 0.11421759456339592 0.10271094061281277 0.29158791721751848 0.056358487007184488 0.01718730188742856 -0.023103554747877477 0.10595659456373308 0.10783695154117526 0.10842222538897664 -0.11326676738094364 0.010534893801346465 0.11107263876786067 0.0013254188121224542 -0.044285292578945187 -0.035076268277512 0.053585690834676937 -0.078125417470627553 0.11199122247652604 -0.033551148235583354 0.12649797579266633 -0.10245873762887946 -0.16650276560189647 0.040609962711149306 0.038896808868163338 -0.16669536801257023 0.072059083934504609 -0.025996784921492218 -0.16452117517744738 -0.13761396282484759 0.1060660215902038 0.10588023596880668 0.10989446244007957 0.10741485519569421 0.10844292698686367
leaf_weight=2753.5808525308967 25.080232603475459 3.2602926641702634 162.67477653734386 3.1366350241005412 12.069568645209078 7.2936194762587574 23.553501732647419 7.9093347601592523 14.059228263795378 1.5807095319032667 38.89765932969749 238.36775526404381 15.425455020740626 20.532188566401601 2.5251247752457857 5.275032352656126 63.974097486585379 14.741616815328596 1.9677885770797727 3.1331811416894189 2.4676601737737638 33.540894998237491 1.1393971443176258 3.4394383877515793 4.4955818727612495 2.0211427751928568 2.8411384895443907 1.3986293487250798 6.7793722301721555 15.262251317501066 4.2817437425255775 3.9995570853352538 3.2668019346892816 6.0465889871120444 1.3764832541346539 0.43679569847881794 0.70179564878344425 5.9376157931983462 1.4466840028762815 1.4136045090854166 3.6749368719756603 2.8683450594544411 0.77615773677825828 9.4295956939458829 7.5145706720650205 45.477005373686552 4.2318810857832414 2.2602861970663071 2.3834265880286694 1.1268440522253511
leaf_count=16532 1147 38 5815 27 100 39 121 58 69 17 933 2411 109 479 36 77 525 83 27 34 22 679 10 59 68 28 14 16 58 123 28 22 55 82 21 19 32 35 20 19 18 22 4 42 50 869 81 28 39 18
internal_value=-0.000663898 0.0064878 -0.0371742 0.00436682 0.00196077 0.00323918 0.00418366 0.0652086 -0.00103048 -0.0155976 -0.0188217 -0.0130071 -0.00313583 -0.0715598 -0.0329177 0.0580203 0.102827 0.0545209 0.136719 -0.0824412 0.083848 -0.0475918 -0.0650117 0.0941744 0.0377001 -0.084936 -0.0881232 0.038159 -0.024992 -0.0704539 0.0102846 0.11065 -0.0403925 0.103399 0.0674255 -0.0890898 -0.0146245 -0.137986 0.0919129 0.0897575 -0.139143 0.0466834 -0.0923689 -0.153605 -0.12934 0.106761 0.108189 0.10745 0.108768 0.106419
internal_weight=3601.07 3011.23 589.845 2930.87 2819.38 2793.86 2777.13 111.495 40.3851 362.426 353.227 326.232 253.793 227.418 49.9686 13.0347 71.1103 28.8008 7.24282 177.45 80.3555 72.4386 36.9338 65.5421 9.20256 174.316 165.516 14.8134 8.80052 35.7944 9.61775 67.9737 5.79193 56.3395 4.81592 26.995 1.13859 25.5218 5.94227 5.19566 11.5843 5.33601 25.8564 16.7232 19.5841 51.5236 9.19972 7.61901 3.78206 5.35873
internal_count=31258 19024 12234 17721 16919 16734 16653 802 228 5478 5334 4132 2520 6756 807 195 574 152 104 5949 1303 1612 612 1157 126 5915 5829 146 86 602 72 547 91 1031 80 1202 51 185 88 74 76 44 1151 81 150 951 144 127 55 99
is_linear=0
shrinkage=0.1


Tree=27
num_leaves=50
num_cat=0
split_feature=0 10 12 6 6 6 1 5 6 9 10 7 1 0 2 12 10 4 3 6 6 4 2 2 0 2 5 11 10 10 7 2 12 2 11 4 7 2 0 1 0 2 4 6 0 10 5 13 10
split_gain=83.4899 39.2892 39.1277 37.0437 147.961 72.3698 31.2559 28.2163 21.1062 22.4734 18.2142 14.3642 12.8982 10.5303 12.8355 9.70153 7.44774 7.37503 7.25773 7.10453 14.6149 6.88837 6.57539 6.55618 5.92412 7.7201 6.27771 5.5255 5.18967 6.28081 4.50052 4.44084 4.25945 3.52704 3.4219 3.14039 2.67682 1.85767 1.82272 1.80977 1.7252 3.64748 1.50054 1.16002 0.902103 0.81513 0.292131 0.287419 0.0543393
threshold=-0.37846271693706507 0.78861510753631603 1.0000000180025095e-35 0.69256556034088146 -0.48790702223777765 -0.72400152683258046 1.1129009425640108 1.0000000180025095e-35 1.6369436383247378 1.0000000180025095e-35 0.26758025586605078 1.9071474671363833 -2.3000039458274837 0.56702861189842235 1.1543137431144717 -0.71303626894950856 0.41632442176342016 -0.22555463947355744 1.0000000180025095e-35 0.22037653252482417 -0.25181249529123301 1.0000000180025095e-35 0.098630882799625411 -0.88335973024368275 -0.5966530144214629 -0.73049029707908619 -1.4034662842750547 4.3274507522583017 0.43717640638351446 0.52131253480911266 1.9071474671363833 -1.5213027000427244 -0.065761788748204694 -0.63495817780494679 5.7648119926452646 1.7158449888229372 1.9071474671363833 -1.5513817667961118 1.6579800844192507 1.1129009425640108 -0.16027240455150601 0.20036496967077258 -1.0000000180025095e-35 1.1647546291351321 -0.52392290532588948 0.48166064918041235 1.2489846348762514 0.2266299054026604 0.8561358153820039
decision_type=2 2 2 2 2 2 2 2 2 2 2 2 2 2 2 2 2 2 2 2 2 2 2 2 2 2 2 2 2 2 2 2 2 2 2 2 2 2 2 2 2 2 2 2 2 2 2 2 2
left_child=2 3 7 4 5 12 -7 15 9 11 -11 -5 -2 14 -10 36 23 27 -15 20 -6 34 -19 31 26 -26 -25 -17 -18 -30 -21 -4 43 -34 45 -33 47 -3 40 42 41 -39 -40 -23 -38 -9 -42 -1 -31
right_child=1 37 16 8 19 6 -8 21 13 10 -12 -13 -14 18 -16 17 28 22 -20 30 -22 32 -24 24 25 -27 -28 -29 29 48 -32 35 33 -35 -36 -37 44 38 39 -41 46 -43 -44 -45 -46 -47 -48 -49 -50
leaf_value=-0.13249705836776723 -0.036989446136620842 -0.045931163511785313 0.080120558885048113 -0.021224923411047727 -0.078206552510181854 0.057638915532502714 -0.0097971596392873658 -0.093081963275240154 -0.053719302856886676 0.038646069953740501 -0.053375008700198526 0.036714297284789456 0.0006140568760444878 -0.032855866458678024 0.060203413198452863 -0.043748701174064569 0.23989547572030948 -0.025179249714608321 0.034790283407611165 -0.079424152325991704 -0.029843004710430561 -0.105432641397256 0.013701786506532211 -0.11119010928329334 0.11753162699731201 0.013228305705438531 -0.005880488056109091 0.094400503869655775 -0.088729822925962334 0.088554705870721895 -0.02769386135176263 -0.051787053026523013 0.010100843586339593 -0.051368555390687923 0.18647047993167634 0.070487100932946106 -0.062593958755275556 0.10524262425554265 0.029150326514060455 -0.014413627446202965 0.10400881846832488 -0.061899293225137313 0.11046923952581943 -0.040750390765814548 -0.0056021077984761075 -0.018856723952298551 0.067146749873078282 -0.10017227392101238 0.10768816610031956
leaf_weight=3.4354190286248913 106.99624667875469 1.0627302862703789 2.9953421745449296 134.24883134290576 90.031682414934039 383.13641869276762 83.754929140210152 115.06460607424378 70.31498271599412 653.95081784576178 22.241348918527365 62.808539263904095 618.48968685884029 22.802087049931288 11.508591074496506 126.28908222541213 1.7326153218746174 106.29004473425448 52.098634868860245 118.91801386605948 204.19781309179962 14.228965612128379 73.62365285307169 5.882849693298339 7.6261550001800051 102.11821917444468 149.8552038539201 2.9631053358316413 2.3709464669227582 2.2623734772205353 19.588218547403812 42.110134353861213 12.574071828275917 36.231354974210262 0.44254428148269553 2.2107341513037673 12.236962653696535 3.5250352658331385 4.0459451377391806 3.0227514356374732 43.111702360212803 2.0737201236188412 5.1671003624796858 3.44367342442274 3.592781573534011 1.4988012518733729 2.2627412788569918 13.80121389962733 4.315994706004858
leaf_count=37 861 14 30 1246 585 2128 450 5493 445 3307 129 296 4337 174 72 1264 8 669 283 1431 1624 438 447 81 48 620 1502 15 16 39 123 391 232 747 2 12 80 75 32 29 885 30 73 105 19 18 28 217 71
internal_value=-0.000619733 0.00792782 -0.0279913 0.00605768 -0.00334581 0.0148318 0.0455417 -0.0448292 0.0208947 0.0269591 0.0356193 -0.00275783 -0.00493179 -0.0128957 -0.0376959 -0.0278658 -0.000626671 -0.0223595 0.0141967 -0.053433 -0.0446418 -0.0764691 -0.00926849 -0.00343069 0.00268127 0.0204764 -0.00985845 -0.0405816 0.0814832 0.0508141 -0.0721082 -0.0377237 -0.0507637 -0.0355318 -0.0910738 -0.045688 -0.0793485 0.085184 0.0873884 0.0527287 0.0957082 0.043335 0.0747577 -0.0928287 -0.0496589 -0.0921276 0.102171 -0.106615 0.101108
internal_weight=3568.56 2719.36 849.197 2655.09 1625.11 1192.38 466.891 525.716 1029.97 873.25 676.192 197.057 725.486 156.724 81.8236 342.232 323.481 309.166 74.9007 432.736 294.229 183.484 179.914 312.799 265.482 109.744 155.738 129.252 10.6819 8.94931 138.506 47.3162 66.4781 48.8054 117.006 44.3209 33.0664 64.2717 63.209 12.2358 50.9732 5.59876 9.21305 17.6726 15.8297 116.563 45.3744 17.2366 6.57837
internal_count=31258 18657 12601 17491 11539 7776 2578 9783 5952 4978 3436 1542 5198 974 517 2748 2818 2395 457 3763 2209 7035 1116 2684 2251 668 1583 1279 134 126 1554 433 1522 979 5513 403 353 1166 1152 134 1018 105 105 543 99 5511 913 254 110
is_linear=0
shrinkage=0.1


Tree=28
num_leaves=43
num_cat=0
split_feature=0 10 12 0 0 6 2 5 1 7 0 6 5 11 4 10 9 7 10 11 2 6 0 0 5 10 5 2 10 10 12 2 12 7 2 13 0 10 3 4 3 4
split_gain=73.6331 47.9515 38.5728 37.2026 29.5773 23.5245 20.4251 18.3854 12.4105 17.621 11.7245 11.5307 11.3981 8.96401 8.32859 7.42675 5.2753 4.82953 2.61415 2.66473 2.58655 5.6481 3.03988 2.46882 2.85927 4.1327 2.60384 2.18246 1.66653 2.66359 1.47828 1.38241 1.23414 1.09543 1.04504 0.71714 0.685116 0.529425 0.504891 0.486852 0.0184563 0.000761089
threshold=-1.0330336093902586 0.52131253480911266 0.25787544995546346 1.0000000180025095e-35 1.512519955635071 0.69256556034088146 -0.83148831129074086 1.0000000180025095e-35 1.1129009425640108 -0.58852967619895924 0.78521892428398143 0.69256556034088146 -1.4034662842750547 3.5662771463394169 1.3275650739669802 -0.11139629781246184 1.0000000180025095e-35 -0.58852967619895924 0.48166064918041235 5.2450463771820077 0.043701218441128738 0.69256556034088146 -1.1057637333869932 1.6579800844192507 -1.4034662842750547 0.90532004833221447 1.2489846348762514 -1.37000036239624 1.2559643983840945 0.74750691652297985 0.33878475427627569 0.56504628062248241 3.0897014141082768 1.9071474671363833 0.36095125973224645 -4.6462395191192618 0.9306791126728059 3.367178320884705 -0.71937701106071461 0.93928512930870067 1.0893239080905917 0.93928512930870067
decision_type=2 2 2 2 2 2 2 2 2 2 2 2 2 2 2 2 2 2 2 2 2 2 2 2 2 2 2 2 2 2 2 2 2 2 2 2 2 2 2 2 2 2
left_child=17 2 3 7 5 -5 10 12 9 -8 13 -10 -2 -4 -9 -6 -12 20 19 33 27 22 38 24 25 -3 32 -1 29 -25 -31 -24 -26 35 -35 -19 -27 41 -22 40 -29 -30
right_child=1 23 6 4 15 -7 8 14 11 -11 16 -13 -14 -15 -16 -17 -18 18 -20 -21 21 -23 31 28 26 36 -28 39 37 30 -32 -33 -34 34 -36 -37 -38 -39 -40 -41 -42 -43
leaf_value=0.015111343815012238 -0.061062008282578462 -0.05802492928877221 -0.027639702335854773 -0.0021026412816696348 -0.024595154037001202 0.02897325042599292 0.034160979464955096 -0.065825757730976361 -0.029877401489526612 0.0026508859896874144 -0.053036045905327546 0.022844913427176719 -0.013501338647735537 0.090074757010425582 0.0037429398198755037 -0.09467201897719614 0.035365107395424089 -0.013751347564085789 0.033922185940585312 0.046863198423696233 -0.053998620743076979 0.075067856597268168 0.049320231910496545 0.09286760283218623 0.10159541137190511 0.10698678269033386 0.0054425517357389206 -0.10893872172139729 0.10942075242472371 -0.044216778373583718 0.04831937466274816 -0.048550984898376837 -0.01424597460956825 -0.025422108877799207 -0.11032795249634063 -0.093937508427106201 0.017821453167926465 0.035442793235439904 -0.11714257318800031 -0.053786216145287662 -0.097639072180191036 0.10659726516580158
leaf_weight=2.2301989085972336 55.745310110971332 3.1733284471556527 187.15666332654655 665.89948690123856 230.99141172133386 384.11325842514634 612.40106865763664 134.44860713370144 87.228783778846264 249.89093113131821 7.6299682073295108 79.099121749401093 524.42083892598748 6.7006938792765132 19.734405227005482 16.18293509632349 58.56007793545723 1.1297563202679146 1.7943721637129773 1.4455273449420918 1.7585334666073329 5.0021557286381713 2.9261523187160501 3.5451192557811755 53.104808257892728 3.9553707912564278 3.1065542194992295 5.8640528451651317 1.603007968515157 4.969093918800354 2.645452655851841 2.8477288968861103 0.93588470295071502 4.7457395419478408 2.0871737897396088 87.371008571237326 1.1017675921320913 1.3606257326900957 4.5238361433148384 2.3000120408833027 1.9183603599667547 2.3605526871979237
leaf_count=24 1050 38 1066 5090 1892 2327 2902 3412 492 2040 50 426 2960 54 184 145 288 53 19 7 29 34 24 31 1144 71 38 88 21 29 25 25 17 65 27 4901 17 20 44 15 30 44
internal_value=-0.000594717 0.00220612 0.000341945 -0.00824258 0.00193921 0.00926547 0.0138751 -0.0262282 0.0202052 0.0250294 -0.0111636 -0.00480471 -0.0180712 -0.0235709 -0.0569214 -0.0291832 0.0251748 -0.0750694 -0.0856747 -0.0878921 -0.0394766 -0.0142647 -0.0513289 0.0778149 0.0865349 0.031429 0.0944714 -0.0744063 0.0432297 0.0212673 -0.0120678 0.00104929 0.0995893 -0.0899354 -0.0513573 -0.0929139 0.0875609 0.0892634 -0.0994676 -0.0942073 -0.106153 0.107739
internal_weight=3530.01 3402.07 3320.2 2031.54 1297.19 1050.01 1288.67 734.349 1028.62 862.292 260.047 166.328 580.166 193.857 154.183 247.174 66.19 127.945 98.5736 96.7792 29.371 17.0584 12.0563 81.8616 65.3777 8.23047 57.1472 12.3126 16.4839 11.1597 7.61455 5.77388 54.0407 95.3337 6.83291 88.5008 5.05714 5.32419 6.28237 10.0824 7.78241 3.96356
internal_count=31258 25873 24378 17060 9454 7417 7318 7606 5860 4942 1458 918 4010 1120 3596 2037 338 5385 5072 5053 313 156 122 1495 1325 126 1199 157 170 85 54 49 1161 5046 92 4954 88 85 73 133 118 65
is_linear=0
shrinkage=0.1


Tree=29
num_leaves=40
num_cat=0
split_feature=0 10 11 12 4 0 11 11 7 11 7 13 0 7 12 4 7 11 10 11 11 4 10 2 1 10 2 2 6 5 13 2 2 6 4 0 4 4 4
split_gain=64.6264 42.8559 36.8179 36.8637 29.0706 28.7718 20.6942 32.6563 12.2122 9.64068 9.34082 8.49178 8.02013 4.82015 2.5437 2.4527 3.28698 2.61131 2.34997 2.15232 2.50042 2.0175 1.80355 1.67607 1.72909 3.68795 1.56265 2.49406 2.381 0.891229 0.818387 1.44374 0.811476 0.784154 1.1294 0.365938 0.352867 0.343338 0.0135853
threshold=-1.0330336093902586 0.78861510753631603 4.4148993492126474 -0.2275804057717323 -0.61383455991744984 0.27610819786787039 4.6538438796997079 5.0492105484008798 1.9071474671363833 5.6539616584777841 0.65930889546871196 -0.92747068405151356 1.0034092366695406 -0.58852967619895924 0.5815127193927766 0.55100518465042125 1.2832281589508059 5.2450463771820077 0.48166064918041235 4.4469227790832528 4.6464538574218759 -1.778674244880676 9.2087130546569842 -1.5513817667961118 1.1129009425640108 3.9536155462265019 0.043701218441128738 1.3106735944747927 0.22037653252482417 1.2489846348762514 -4.6462395191192618 -0.25077819824218744 0.38586358726024633 -0.48790702223777765 -0.22555463947355744 -1.3966841101646421 -0.22555463947355744 0.93928512930870067 0.93928512930870067
decision_type=2 2 2 2 2 2 2 2 2 2 2 2 2 2 2 2 2 2 2 2 2 2 2 2 2 2 2 2 2 2 2 2 2 2 2 2 2 2 2
left_child=13 2 3 8 11 -6 19 37 10 -9 -2 -5 -10 14 26 22 17 18 -17 36 -21 -3 30 -23 29 -26 33 28 -28 -25 31 -15 -16 34 -1 -32 -4 -8 -35
right_child=1 21 6 4 5 -7 7 9 12 -11 -12 -13 -14 15 32 16 -18 -19 -20 20 -22 23 -24 24 25 -27 27 -29 -30 -31 35 -33 -34 38 -36 -37 -38 -39 -40
leaf_value=-0.10740452810190154 -0.03249501375339716 -0.047711844105612244 0.14670557278145988 -0.077950804844169219 -0.004526714393443502 0.016449519718418012 -0.1229450949600869 0.0043313711752199094 0.017189788862961172 0.10166903511577255 -0.08204710563887678 -0.024777079645518618 -0.061694157294006749 0.14115971585620149 -0.020006358803001226 -0.085020161005444128 0.090622774531002245 0.10216749782458318 0.12163433371056494 0.067149634605584207 0.1192931217093538 -0.037051428955745071 0.11096948561627917 0.098098595146465711 0.074759933094096703 -0.097402552300100184 -0.05065839711448366 -0.11551306305758879 0.057532940246289868 0.037204541769786048 -0.10396975178682329 -0.10228214750015502 0.041428790433676935 -0.10912650917245159 0.0094509126350745074 -0.08898177707234553 0.11750684563399721 -0.16149494399744502 -0.12086918112081844
leaf_weight=1.6876745950430634 258.69748842902482 1.156851191073655 7.3476865440607098 37.2924959436059 1407.2003378523514 1221.5161025822163 8.7165072541683895 19.41106110624969 70.733047500252724 21.38558141887188 44.600318716838956 154.2921788636595 15.760299228131769 0.41096951812505722 4.6863248720765096 11.571622353047125 1.557640919461847 0.89100439846515733 0.57773973792791444 23.659583663567901 15.043620888143776 1.0953968800604332 0.43775212019681831 49.067460093647242 8.5390307120978797 1.4564802944660193 4.7951938658952695 2.6903121303766957 3.5326418355107307 2.5272692367434493 24.018715666607015 0.59822010062634834 3.9725783467292786 4.1104203443974292 1.6219621635973469 50.624802335165448 9.477428086102007 3.1435598731040946 1.2958237454295156
leaf_count=28 2643 12 42 510 10402 6888 82 101 358 114 1093 1748 83 20 36 562 25 4 6 215 165 15 5 1072 163 25 59 32 30 33 1546 28 25 73 20 2876 92 17 10
internal_value=-0.00055841 0.00199091 0.000429524 -0.00150421 0.00247969 0.00522056 0.0578079 0.012895 -0.0303294 0.0553557 -0.0397817 -0.0351275 0.00281603 -0.0729635 -0.0370068 -0.0842209 -0.0466748 -0.0630746 -0.0751931 0.100398 0.0874174 0.0831453 -0.0914241 0.0855603 0.087741 0.0496735 -0.0568336 -0.0318057 -0.00476397 0.0951158 -0.0925952 -0.00314599 0.00817919 -0.0884725 -0.0501369 -0.0938046 0.130258 -0.133163 -0.111941
internal_weight=3501.2 3382.12 3318.28 3210.09 2820.3 2628.72 108.185 52.6567 389.791 40.7966 303.298 191.585 86.4933 119.081 28.3929 90.6885 14.598 13.0404 12.1494 55.5283 38.7032 63.8425 76.0905 62.6856 61.5902 9.99551 19.734 11.0181 8.32784 51.5947 75.6527 1.00919 8.6589 8.71588 3.30964 74.6435 16.8251 11.8601 5.40624
internal_count=31258 25873 24553 23725 19548 17290 828 314 4177 215 3736 2258 441 5385 313 5072 597 572 568 514 380 1320 4475 1308 1293 188 252 121 89 1105 4470 48 61 131 48 4422 134 99 83
is_linear=0
shrinkage=0.1


end of trees

feature_importances:
Column_0=256
Column_10=215
Column_4=161
Column_11=156
Column_12=150
Column_2=92
Column_6=92
Column_5=91
Column_7=80
Column_1=35
Column_13=29
Column_3=20
Column_9=16
Column_8=5

parameters:
[boosting: gbdt]
[objective: binary]
[metric: binary_logloss]
[tree_learner: serial]
[device_type: cpu]
[data_sample_strategy: bagging]
[data: ]
[valid: ]
[num_iterations: 30]
[learning_rate: 0.1]
[num_leaves: 64]
[num_threads: 4]
[seed: 0]
[deterministic: 1]
[force_col_wise: 1]
[force_row_wise: 0]
[histogram_pool_size: -1]
[max_depth: 6]
[min_data_in_leaf: 20]
[min_sum_hessian_in_leaf: 0.001]
[bagging_fraction: 1]
[pos_bagging_fraction: 1]
[neg_bagging_fraction: 1]
[bagging_freq: 0]
[bagging_seed: 7719]
[bagging_by_query: 0]
[feature_fraction: 1]
[feature_fraction_bynode: 1]
[feature_fraction_seed: 2437]
[extra_trees: 0]
[extra_seed: 11797]
[early_stopping_round: 0]
[early_stopping_min_delta: 0]
[first_metric_only: 0]
[max_delta_step: 0]
[lambda_l1: 0]
[lambda_l2: 0]
[linear_lambda: 0]
[min_gain_to_split: 0]
[drop_rate: 0.1]
[max_drop: 50]
[skip_drop: 0.5]
[xgboost_dart_mode: 0]
[uniform_drop: 0]
[drop_seed: 21238]
[top_rate: 0.2]
[other_rate: 0.1]
[min_data_per_group: 100]
[max_cat_threshold: 32]
[cat_l2: 10]
[cat_smooth: 10]
[max_cat_to_onehot: 4]
[top_k: 20]
[monotone_constraints: ]
[monotone_constraints_method: basic]
[monotone_penalty: 0]
[feature_contri: ]
[forcedsplits_filename: ]
[refit_decay_rate: 0.9]
[cegb_tradeoff: 1]
[cegb_penalty_split: 0]
[cegb_penalty_feature_lazy: ]
[cegb_penalty_feature_coupled: ]
[path_smooth: 0]
[interaction_constraints: ]
[verbosity: -1]
[saved_feature_importance_type: 0]
[use_quantized_grad: 0]
[num_grad_quant_bins: 4]
[quant_train_renew_leaf: 0]
[stochastic_rounding: 1]
[linear_tree: 0]
[max_bin: 255]
[max_bin_by_feature: ]
[min_data_in_bin: 3]
[bin_construct_sample_cnt: 200000]
[data_random_seed: 38]
[is_enable_sparse: 1]
[enable_bundle: 1]
[use_missing: 1]
[zero_as_missing: 0]
[feature_pre_filter: 1]
[pre_partition: 0]
[two_round: 0]
[header: 0]
[label_column: ]
[weight_column: ]
[group_column: ]
[ignore_column: ]
[categorical_feature: ]
[forcedbins_filename: ]
[precise_float_parser: 0]
[parser_config_file: ]
[objective_seed: 8855]
[num_class: 1]
[is_unbalance: 0]
[scale_pos_weight: 1]
[sigmoid: 1]
[boost_from_average: 1]
[reg_sqrt: 0]
[alpha: 0.9]
[fair_c: 1]
[poisson_max_delta_step: 0.7]
[tweedie_variance_power: 1.5]
[lambdarank_truncation_level: 30]
[lambdarank_norm: 1]
[label_gain: ]
[lambdarank_position_bias_regularization: 0]
[eval_at: ]
[multi_error_top_k: 1]
[auc_mu_weights: ]
[num_machines: 1]
[local_listen_port: 12400]
[time_out: 120]
[machine_list_filename: ]
[machines: ]
[gpu_platform_id: -1]
[gpu_device_id: -1]
[gpu_device_id_list: ]
[gpu_use_dp: 0]
[num_gpu: 1]

end of parameters

pandas_categorical:null
