tree
version=v4
num_class=1
num_tree_per_iteration=1
label_index=0
max_feature_idx=15
objective=binary sigmoid:1
feature_names=Column_0 Column_1 Column_2 Column_3 Column_4 Column_5 Column_6 Column_7 Column_8 Column_9 Column_10 Column_11 Column_12 Column_13 Column_14 Column_15
feature_infos=[-2.1607763767242432:5.082160472869873] [-1.3352620601654053:2.0240447521209717] [-1.9235999584197998:1.3586694002151489] [-1.6472808122634888:2.3728289604187012] [-0.1342170387506485:7.4506187438964844] [-3.0727932453155518:33.021633148193359] [-1.1151087284088135:0.89677351713180542] [-0.44027704000473022:2.2712972164154053] [-0.70998471975326538:1.5229172706604004] [-1.7708500623703003:1.820339560508728] [-1.8340463638305664:1.8287985324859619] [-0.99204069375991821:17.917732238769531] [-0.57353568077087402:15.73284912109375] [-0.4108198881149292:8.303654670715332] [-0.23138101398944855:109.38838958740234] [-2.5897226333618164:0.44465959072113037]
tree_sizes=6432 6530 6333 6369 6243 5548 6052 5146 5668 5447 5256 5355 5274 5145 5588 5174 5167 4807 5593 5459 5712 6094 5386 4929 5688 6116 5809 6140 6311 6109

Tree=0
num_leaves=61
num_cat=0
split_feature=11 10 11 13 15 11 0 11 8 13 8 15 15 11 13 15 0 11 11 10 8 6 6 9 11 10 5 5 11 9 11 9 5 9 0 9 11 11 5 2 9 5 13 9 0 0 0 11 0 5 14 5 13 11 13 0 12 0 1 0
split_gain=3614.82 844.526 550.557 557.639 889.06 373.896 296.75 271.056 185.259 152.929 137.007 103.866 422.91 112.86 62.9024 73.5605 56.1054 51.754 49.0996 46.9751 41.4009 34.764 32.3378 30.201 29.0442 27.9811 27.1817 25.4097 25.3199 31.8173 24.5744 22.9089 20.803 19.6279 19.2699 18.5982 18.1784 17.7287 16.7848 16.752 15.6109 14.7787 13.6628 13.3756 13.2956 16.8945 13.1065 11.9627 11.6201 10.7537 10.6884 9.61031 9.1389 8.90118 8.51444 7.54891 5.31778 1.35393 2.02374 1.77636e-15
threshold=1.0015984773635866 1.3293195962905886 -0.1672854349017143 -0.30588643252849573 -1.0725315809249876 2.0397518873214726 1.8369485735893252 -0.47104145586490626 0.96469175815582286 3.3817752599716191 0.96469175815582286 1.0000000180025095e-35 -1.0725315809249876 -0.49795652925968165 -0.31588008999824518 -1.0725315809249876 1.8369485735893252 -0.19804553687572476 1.3630297183990481 -1.6675534248352049 1.0000000180025095e-35 1.0000000180025095e-35 1.0000000180025095e-35 1.0000000180025095e-35 1.4591550230979922 1.0000000180025095e-35 -0.19119644910097119 -0.49333235621452326 -0.65175706148147572 0.56342315673828136 -0.50564655661582936 -0.87305268645286549 -0.29442074894905085 0.44371683895587927 3.3419743776321416 -0.15481476858258245 1.8052061796188357 3.1817207336425786 0.082102194428443923 1.0000000180025095e-35 1.1619547605514529 -0.33603817224502558 2.6122632026672368 -0.99275901913642872 1.6488203406333926 0.23785860091447833 0.049730377271771438 1.8052061796188357 -0.51465432345867146 -0.44516101479530329 0.76516234874725353 -0.42189458012580866 0.57355594635009777 3.4047315120697026 0.56356227397918712 -0.23246196657419202 -1.0000000180025095e-35 0.23785860091447833 1.0000000180025095e-35 -0.98497489094734181
decision_type=2 2 2 2 2 2 2 2 2 2 2 2 2 2 2 2 2 2 2 2 2 2 2 2 2 2 2 2 2 2 2 2 2 2 2 2 2 2 2 2 2 2 2 2 2 2 2 2 2 2 2 2 2 2 2 2 2 2 2 2
left_child=1 2 11 6 9 10 8 28 -4 -5 14 12 22 -14 18 36 19 43 25 -13 23 -6 -1 31 51 -2 33 -20 57 52 -18 53 41 49 -8 -34 -16 38 -25 40 -26 -19 -33 -9 45 -28 -35 -41 -39 -22 -45 55 -30 -7 -17 -12 -53 59 -59 -3
right_child=5 7 3 4 21 20 34 17 -10 -11 24 16 13 -15 15 54 30 32 27 -21 26 -23 -24 37 39 -27 44 -29 29 -31 -32 42 35 46 -36 -37 -38 48 -40 47 -42 -43 -44 50 -46 -47 -48 -49 -50 -51 -52 56 -54 -55 -56 -57 -58 58 -60 -61
leaf_value=-2.0318709394504295 -1.9123247761966908 -2.1344933232391359 -2.0134625855587767 -1.9874522957209895 -1.3467522719703624 -1.5911530102648246 -1.6463464363003326 -1.9342133029989022 -2.1198555342548713 -1.403100360435912 -1.819323989062644 -2.0244486493049547 -1.9310688099274973 -1.5617903334247851 -1.7482160726636211 -1.2381784178430282 -2.067733316492391 -1.5813389816232524 -1.4084782498682888 -2.1199019259328029 -1.5873515288147302 -1.5520405525122416 -2.1136239015612563 -1.6958592164109156 -1.9521127250976669 -1.7541997133782159 -1.5220724450215508 -1.7352060038578263 -2.0826351037126467 -1.6635646269985862 -1.8431474685531 -1.3798539996637036 -1.5721197425963209 -1.6897273323452835 -1.3348245467726954 -1.3951393902525515 -1.4891465913539383 -1.4123195994628439 -1.5231122088215803 -1.827560121488859 -1.7269059136274321 -1.870487842013373 -1.6504832743252376 -1.7513187011822997 -1.342476879561848 -1.7339332827586684 -1.3864777930994754 -1.5608517837856271 -1.5813389816232524 -1.8162401403916411 -1.5411906826350026 -2.0672697053344278 -1.8674532962521575 -1.4554344486435176 -1.4475113183290871 -2.0171575538054634 -1.9570229719707064 -1.9962047378351648 -2.1344933232391359 -2.1344933232391354
leaf_weight=65.287901163101196 31.507610529661179 2.5825910270214081 442.86270931363106 122.41481468081474 25.515999346971512 16.012064367532734 12.086526006460188 2.995805591344836 259.60205003619194 4.6486638486385337 4.4420565664768219 53.614589720964432 14.255902469158171 19.730995446443558 21.487157344818119 2.789198309183119 8.9874167740345019 7.9543803632259369 2.4792873859405509 1343.2572449743748 2.3759837448596999 12.189829647541044 186.87628671526909 19.834299087524418 14.255902469158178 17.355011701583862 10.123756825923925 59.606200903654099 5.7850039005279523 3.8222347199916831 10.6402750313282 19.21447724103928 10.846882313489914 3.8222347199916831 2.3759837448596945 13.119562417268753 3.0991092324256888 6.508129388093951 7.8510767221450797 4.2354492843151084 3.9255383610725394 2.2726801037788373 2.0660728216171256 9.9171495437622053 2.2726801037788382 5.9916111826896659 2.2726801037788391 2.7891983091831207 10.846882313489912 15.082331597805023 3.2024128735065451 14.875724315643314 2.9958055913448334 6.9213439524173728 6.404825747013092 3.4090201556682613 6.1982184648513767 2.1693764626979828 2.0660728216171265 4.855271130800249
leaf_count=632 305 25 4287 1185 247 155 117 29 2513 45 43 519 138 191 208 27 87 77 24 13003 23 118 1809 192 138 168 98 577 56 37 103 186 105 37 23 127 30 63 76 41 38 22 20 96 22 58 22 27 105 146 31 144 29 67 62 33 60 21 20 47
internal_value=-2.02124 -2.05999 -2.06956 -2.00542 -1.83954 -1.70911 -2.04355 -1.72825 -2.05278 -1.96607 -1.79556 -2.10278 -2.04783 -1.71669 -1.7448 -1.62532 -2.11388 -1.59582 -1.78118 -2.11624 -1.57807 -1.41312 -2.09246 -1.53956 -1.93128 -1.85616 -1.66002 -1.72216 -2.00268 -1.90439 -1.94598 -1.48085 -1.52619 -1.73115 -1.59517 -1.47524 -1.71556 -1.5972 -1.64687 -1.85282 -1.90349 -1.64559 -1.40613 -1.74356 -1.56891 -1.60084 -1.57665 -1.72166 -1.51796 -1.78509 -1.70003 -1.99966 -2.00922 -1.55019 -1.38401 -1.90523 -2.03484 -2.10879 -2.06366 -2.13449
internal_weight=2988.99 2658.93 2584.35 881.697 164.769 330.055 716.927 74.5852 702.465 127.063 198.86 1702.65 286.151 33.9869 144.728 33.7803 1416.5 50.3089 110.948 1396.87 131.196 37.7058 252.164 89.2543 54.1311 48.8626 41.9413 62.0855 24.2764 12.603 19.6277 44.214 34.1935 23.5532 14.4625 23.9664 24.5863 45.0404 27.6854 25.2061 18.1814 10.2271 21.2806 16.1154 18.388 16.1154 6.09491 7.02465 17.355 17.4583 13.1196 28.925 8.78081 22.9334 9.19402 7.85108 21.0739 11.6733 4.23545 7.43786
internal_count=28934 25739 25017 8535 1595 3195 6940 722 6800 1230 1925 16482 2770 329 1401 327 13712 487 1074 13522 1270 365 2441 864 524 473 406 601 235 122 190 428 331 228 140 232 238 436 268 244 176 99 206 156 178 156 59 68 168 169 127 280 85 222 89 76 204 113 41 72
is_linear=0
shrinkage=1


Tree=1
num_leaves=61
num_cat=0
split_feature=11 13 15 11 0 10 6 11 8 11 8 11 13 11 11 12 10 11 13 8 11 6 7 0 13 8 6 10 13 14 9 0 2 11 10 13 1 10 14 11 5 5 14 10 0 11 9 13 5 0 3 5 9 10 10 2 9 3 3 11
split_gain=2427.69 551.436 881.34 260.73 231.558 180.808 178.491 155.399 136.076 111.111 122.991 96.8781 61.5215 56.7205 54.8025 52.7444 48.6352 42.1012 39.2761 36.8362 32.8711 28.4494 44.1651 27.4274 27.4031 23.0999 20.7725 19.5394 18.4853 17.3607 17.2073 16.1572 15.2388 14.3564 13.693 13.3938 16.2375 12.4437 14.294 12.3276 12.3203 11.1557 9.98602 9.83205 9.36728 9.02178 8.03651 7.73058 7.45835 7.44972 6.04952 5.85303 5.59826 6.48751 5.01572 5.90256 3.98111 6.32486 0.80338 0.343233
threshold=0.6863074302673341 -0.19595613330602643 -1.0725315809249876 1.5091401338577273 1.8369485735893252 1.3293195962905886 1.0000000180025095e-35 -0.35569106042385096 0.96469175815582286 -0.13652533292770383 0.96469175815582286 -0.35569106042385096 3.3817752599716191 -0.50564655661582936 -0.5171816051006316 -0.41047183424234385 -1.6675534248352049 2.3665779829025273 0.59354323148727428 1.0000000180025095e-35 -0.35184605419635767 1.0000000180025095e-35 1.0000000180025095e-35 1.5547562241554262 0.60353690385818493 -1.0000000180025095e-35 1.0000000180025095e-35 -1.0015816390514372 2.9620413780212407 0.76516234874725353 1.0000000180025095e-35 -0.98497489094734181 1.0000000180025095e-35 0.94007825851440441 1.0000000180025095e-35 2.5922758579254155 -0.57178324460983265 0.66334784030914318 0.36654499173164373 -0.45950640738010401 -0.23740161210298535 -0.41927301883697504 0.36654499173164373 0.33036196231842047 0.23785860091447833 0.52866187691688549 1.1619547605514529 2.2924660444259648 -0.027676037512719628 0.14379449188709262 -0.97726249694824208 -0.304579347372055 -1.4715842604637144 0.66334784030914318 0.66334784030914318 1.0000000180025095e-35 -0.15481476858258245 -0.97726249694824208 1.0000000180025095e-35 -0.60177189111709584
decision_type=2 2 2 2 2 2 2 2 2 2 2 2 2 2 2 2 2 2 2 2 2 2 2 2 2 2 2 2 2 2 2 2 2 2 2 2 2 2 2 2 2 2 2 2 2 2 2 2 2 2 2 2 2 2 2 2 2 2 2 2
left_child=1 4 6 8 5 9 7 39 15 16 -11 26 24 56 44 21 -1 19 -9 28 -14 22 -2 29 -8 43 27 -4 31 -17 -16 -5 46 54 -23 45 -37 47 50 -3 -27 -34 -25 -15 -7 -13 -21 51 -40 -28 -39 -19 -35 -54 55 -10 59 -58 -56 -6
right_child=3 2 11 17 13 14 12 18 33 10 -12 35 20 25 30 23 -18 37 -20 32 -22 34 -24 42 -26 40 49 -29 -30 -31 -32 -33 41 52 -36 36 -38 38 48 -41 -42 -43 -44 -45 -46 -47 -48 -49 -50 -51 -52 -53 53 -55 58 -57 57 -59 -60 -61
leaf_value=-1.8210486153351964e-05 0.31301321138855892 -0.069967965411490571 0.054412919792272654 0.33059584149236454 -0.1125944747800845 -0.098139850973325296 0.061828902911894162 0.32783056124497417 -0.05053440589346974 -0.004032571705467977 -0.10231481484769388 0.38079054003246465 -0.021885354377563004 0.22445702341283191 0.15338882773341339 0.085269922700853928 -0.095495777082403088 0.29574846979374447 0.14326999067931473 0.075425736626363593 0.39955609406496084 0.090786806502723444 0.010956986784011226 0.20568409158671219 -0.083592005084717258 -0.00058863541295310574 -0.029691884800327868 0.27470758240914867 0.47195158420606015 0.21121397353890092 0.32882433842969827 0.22387717637148616 0.061561105329345993 -0.11376529414155874 0.21286087878722126 0.048133620988497376 0.33806284892328908 0.31713487931596784 0.30402656591794425 0.045360623958812622 0.19526617218194997 0.29035920903118595 0.41501335627396163 0.36082496009616916 0.12818844990648331 0.24643696562078068 0.20350000744483165 0.17858355483782445 0.51284684211424036 0.15226645253733861 0.22397690878845569 0.349575694726597 0.09896274127395005 0.0087470339202365202 -0.11200489137852487 0.14924467193295946 0.143968517603973 -0.078085608069229831 -0.059754978716228029 -0.062289301377402101
leaf_weight=55.657665260136127 38.979950577020645 41.488054260611534 5.8323040008544966 17.568716645240784 4.2703903540968895 6.9443100392818469 13.707600273191927 15.111218892037867 6.5071878135204333 363.14311074465513 196.07687985152006 67.249215357005596 3.29661013931036 15.150623366236685 10.299425914883615 91.243209265172482 1287.7035718336701 35.019542992115021 48.661639921367168 23.487555190920833 4.2196006327867499 16.980869174003601 5.5270129293203345 8.0694264322519285 237.03212212026119 5.9376744851469994 6.9091883003711718 13.0023078918457 3.7160101234912863 12.436703249812124 12.229293815791605 73.698752909898758 2.7888479381799689 2.5326563566923133 20.023852847516537 2.939766138792038 5.6331472620367986 8.4542616978287679 3.9974566549062729 11.934589013457297 6.9963269829750079 9.0346868410706502 3.1758480370044699 8.1211794093251211 2.4823621511459351 5.399245858192443 6.1907768547534934 3.6753266006708136 2.9895401298999777 3.3367163240909576 39.725833661854267 47.740565523505211 12.233055830001829 22.878661416471004 12.727293811738493 1.9138787686824796 2.3332013040781021 2.8490430414676648 3.8277575373649588 1.9876153767108915
leaf_count=540 315 401 48 132 43 71 135 134 68 3494 2049 443 33 116 80 805 13433 247 432 200 30 150 48 68 2383 46 58 105 27 98 87 548 22 24 167 20 37 61 28 113 53 68 24 61 24 35 46 26 20 27 282 329 117 219 133 20 23 28 40 20
internal_value=-0.00128978 -0.043222 0.0522651 0.191369 -0.066622 -0.0719859 -0.0207442 0.0816089 0.119185 -0.075948 -0.0384928 0.300778 -0.0671917 0.151166 0.16391 0.160105 -0.09154 0.258614 0.187002 0.218982 0.214712 0.221634 0.275503 0.116466 -0.075642 0.212497 0.144155 0.206491 0.253322 0.100377 0.248621 0.24442 0.140388 -0.00917972 0.156843 0.356856 0.238642 0.296814 0.259708 -0.0442036 0.105354 0.236392 0.264802 0.272045 -0.0385399 0.370805 0.102141 0.320497 0.393375 0.0295653 0.240324 0.326799 0.0298214 0.0401785 -0.0679628 -0.00513007 -0.0429354 0.0218898 -0.099924 -0.096617
internal_weight=3005.08 2467.94 485.753 537.145 1982.18 1934.54 375.451 117.196 259.057 1902.58 559.22 110.302 258.256 47.6461 31.9554 196.437 1343.36 278.088 63.7729 136.485 7.51621 81.5117 44.507 114.925 250.74 36.2058 29.0805 18.8346 94.9835 103.68 22.5287 91.2675 41.5019 62.6205 37.0047 81.2214 8.57291 141.603 55.1671 53.4226 12.934 11.8235 11.2453 23.2718 9.42667 72.6485 29.6783 86.4354 6.987 10.2459 48.1801 82.7601 37.6444 35.1117 24.9761 8.42107 11.4403 5.18224 16.5551 6.25801
internal_count=28934 24602 4434 4332 20168 19778 3661 1080 2296 19516 5543 773 2581 390 262 1675 13973 2036 566 1043 63 680 363 995 2518 276 238 153 707 903 167 680 336 621 317 535 57 993 391 514 99 90 92 177 95 478 246 602 48 85 343 576 360 336 261 88 114 51 173 63
is_linear=0
shrinkage=0.1


Tree=2
num_leaves=59
num_cat=0
split_feature=11 15 15 11 0 8 10 6 11 10 6 6 10 13 8 11 13 11 11 11 13 13 10 0 12 11 11 11 8 5 0 8 1 11 12 13 9 8 2 5 0 9 9 0 6 5 13 0 5 11 11 6 9 0 10 9 1 3
split_gain=1816.15 413.483 560.022 226.082 153.629 146.067 122.807 109.975 92.5371 91.7376 160.065 67.4715 67.4871 68.7046 57.7182 47.3571 36.0531 31.1613 31.0437 29.6853 23.2088 22.3739 23.6932 18.206 16.2755 15.5624 15.2044 13.5755 13.5632 13.8435 12.6639 12.3337 11.6418 11.3762 10.3573 9.62192 9.52177 8.47002 8.42299 8.13687 7.67317 7.24879 7.62207 6.96932 14.0806 6.35027 5.39708 5.38182 4.31881 4.17487 6.20483 3.82584 3.5335 5.2843 3.51734 2.81827 0.984321 0.363443
threshold=0.47483171522617346 1.0000000180025095e-35 -1.0725315809249876 1.3630297183990481 1.8369485735893252 0.96469175815582286 1.3293195962905886 1.0000000180025095e-35 -0.34415602684020991 -1.6675534248352049 1.0000000180025095e-35 1.0000000180025095e-35 -1.6675534248352049 -0.081029012799262987 0.96469175815582286 -0.37107111513614649 3.3817752599716191 -0.5171816051006316 -0.50564655661582936 2.1474123001098637 0.60353690385818493 3.2918323278427128 1.0000000180025095e-35 -1.1731031537055967 0.24178354069590571 -0.68636217713356007 -0.35184605419635767 0.94007825851440441 1.0000000180025095e-35 -0.52577430009841908 -1.4552955031394956 1.0000000180025095e-35 -0.57178324460983265 -0.45950640738010401 1.0000000180025095e-35 3.0719717741012578 1.2816610932350161 1.0000000180025095e-35 -1.1030326187610624 -0.31178864836692805 0.23785860091447833 1.0000000180025095e-35 -1.4715842604637144 -0.23246196657419202 1.0000000180025095e-35 -0.55526694655418385 0.3836763203144074 -1.267167270183563 -0.43270856142044062 1.2745944261550906 1.2284542322158816 1.0000000180025095e-35 -0.15481476858258245 2.6835255622863774 0.66334784030914318 -0.15481476858258245 -1.0000000180025095e-35 1.0000000180025095e-35
decision_type=2 2 2 2 2 2 2 2 2 2 2 2 2 2 2 2 2 2 2 2 2 2 2 2 2 2 2 2 2 2 2 2 2 2 2 2 2 2 2 2 2 2 2 2 2 2 2 2 2 2 2 2 2 2 2 2 2 2
left_child=1 2 7 5 6 11 9 8 33 10 -3 12 36 -14 -11 25 20 40 52 28 -9 22 -13 -10 34 55 -18 45 29 -5 -31 -19 -27 -1 -20 46 -2 41 51 -40 -8 42 -21 48 -45 -7 -17 -43 -30 50 -29 -39 57 -54 -47 -4 -51 -6
right_child=3 4 15 19 18 27 17 16 23 14 -12 21 13 -15 -16 35 26 31 24 37 -22 -23 -24 -25 -26 32 -28 49 43 30 -32 -33 -34 -35 -36 -37 -38 38 39 -41 -42 47 -44 44 -46 54 -48 -49 -50 56 -52 -53 53 -55 -56 -57 -58 -59
leaf_value=-0.068947651087990711 0.30061438670109702 0.22714305390697134 0.030320682795467437 0.35297002112684894 -0.11138614876549452 0.11468256653185567 -0.095815844366833769 0.039191142582883393 0.27378042208568248 -0.067811828092773571 -0.071293267287976803 0.00644234784367424 0.099176845734599617 0.2550799994925631 -0.10701088671285196 0.14714544797221668 -0.020052173591345705 0.13566101013551635 0.15045176982745667 0.15607429235824644 -0.082111971512113857 0.33631564271549225 0.0955566519668338 0.11354573863382936 -0.044233661895301854 0.032522915155395099 0.26329468867610956 0.013337170104134016 0.077931490374823498 0.37381819865145521 0.16582876475376326 0.29744178702384888 0.18653826347568633 0.032966136992883782 0.31247134903554508 0.12930385106725373 0.49099290188753503 0.20352601618439278 0.12159141100624511 0.20278286984169558 0.10423191738265286 0.30116140212605325 0.26357982017027415 0.17155647009103706 0.018830944595308693 -0.04171563939513559 0.27232235093596419 0.19862726888844567 0.17825645981057189 -0.029675974657117906 0.17132901299878781 0.34657208091801417 -0.076535068359984096 0.12373863691445397 -0.098030340442346875 -0.11575755941671036 -0.1136002994041747 -0.057738818145277149
leaf_weight=41.400235950946808 4.9942199066281301 26.73491458594799 2.7289383858442307 4.3544400334358206 3.9435981065034866 1.7731120139360417 6.428140349686144 17.032105028629303 8.1285548433661443 1025.8333914801478 54.829560533165932 59.865418769419193 110.9850330427289 37.92618802189827 592.63857977092266 3.5972689390182486 3.2412178739905357 16.527573697268966 29.209963157773018 7.3516461402177802 213.33160905539989 2.8103146180510512 59.476821295917034 55.547010503709316 3.8674243986606589 6.5586668327450814 4.5555169582366934 22.022865384817131 5.6289884820580509 3.0065312236547461 111.24655975401402 6.5918588638305655 19.498911127448078 14.893092744052408 4.5617797225713721 5.3983155041933051 5.5428743734955788 3.3442388176918021 20.431522473692894 31.181210204958916 2.7323900461196899 5.572770044207572 64.072387829422951 9.9523837566375732 15.343215443193913 17.213820114731789 81.039430439472198 62.879211768507957 18.050213865935802 3.5519364029169083 2.8020406514406195 4.2405347973108292 2.7663333192467672 2.5154494866728783 31.181522771716118 2.5593866556882885 2.3040835633873931 1.857682019472122
leaf_count=423 38 259 23 25 43 20 71 166 61 11097 531 527 929 240 6691 21 33 108 195 42 2296 18 481 435 27 49 26 209 45 19 731 40 140 135 29 31 40 21 136 188 24 32 356 76 122 188 435 376 132 33 26 27 28 23 353 22 22 20
internal_value=-0.00190048 -0.0461648 0.0362604 0.135338 -0.0683562 0.0793312 -0.0732817 -0.0266553 0.0514224 -0.0769506 0.0265271 0.113346 0.15619 0.138884 -0.0821654 0.22189 -0.0659854 0.119942 0.10677 0.190703 -0.0731433 0.0574219 0.0508544 0.134001 0.150084 0.11603 0.145503 -0.0391448 0.159691 0.177972 0.171302 0.181788 0.147773 -0.0419851 0.172337 0.258746 0.40076 0.216809 0.185102 0.170642 -0.0361459 0.230228 0.252514 0.115418 0.0789198 -0.0711897 0.267002 0.206975 0.154407 0.0132539 0.03117 0.283501 -0.0403305 0.0188453 -0.0779997 -0.0403767 -0.0626965 -0.0942072
internal_weight=2989.66 2260.55 479.51 729.106 1781.04 362.45 1732.32 358.129 119.969 1700.04 81.5645 281.601 159.448 148.911 1618.47 121.381 238.16 32.28 48.7222 366.656 230.364 122.153 119.342 63.6756 37.6392 31.3459 7.79673 80.8494 167.582 118.608 114.253 23.1194 26.0576 56.2933 33.7717 90.035 10.5371 199.074 59.1975 51.6127 9.16053 139.876 71.424 48.9748 25.2956 50.1685 84.6367 68.452 23.6792 30.6809 24.8249 7.58477 11.0831 5.28178 48.3953 5.28833 5.85602 5.80128
internal_count=28934 23482 4296 5452 19186 3124 18821 3575 1054 18578 790 2273 1247 1169 17788 721 2521 243 365 2328 2462 1026 1008 496 251 234 59 851 1150 775 750 148 189 558 224 487 78 1178 372 324 95 806 398 375 198 561 456 408 177 290 235 48 114 51 541 45 55 63
is_linear=0
shrinkage=0.1


Tree=3
num_leaves=59
num_cat=0
split_feature=11 15 15 11 8 10 6 10 0 6 11 6 11 7 13 11 11 13 9 9 11 11 9 0 13 8 8 9 11 9 11 3 9 6 12 8 2 2 9 10 2 13 5 2 5 2 5 11 11 0 11 0 5 12 10 0 0 8
split_gain=1405.1 324.764 381.215 189.134 150.422 112.692 92.6642 161.674 120.019 88.3037 67.7389 61.5203 56.7387 49.0543 34.3631 29.0653 25.2834 23.3223 22.7806 55.6184 19.8922 16.9046 16.2105 15.636 12.1841 11.5311 11.0543 12.2222 11.0133 10.7596 11.8594 8.37309 8.33701 11.6534 9.38182 6.05249 6.0374 9.61157 6.53419 6.00642 8.98053 5.83684 5.69536 4.76171 8.92526 5.07687 6.82407 4.53858 4.28222 4.22059 3.27932 3.18045 2.92439 2.84936 2.29198 1.90389 1.13718 2.86315e-07
threshold=0.34025625884532934 1.0000000180025095e-35 -1.0725315809249876 1.3630297183990481 0.96469175815582286 1.3293195962905886 1.0000000180025095e-35 -1.6675534248352049 -1.4552955031394956 1.0000000180025095e-35 -0.45181639492511744 1.0000000180025095e-35 -0.45181639492511744 1.0000000180025095e-35 -0.081029012799262987 -0.36338108777999872 -0.62484195828437794 3.3318070173263554 0.68312945961952221 1.4013673663139345 2.2627626657485966 0.82088288664817821 -1.3518779873847959 -1.1731031537055967 3.441737294197083 1.0000000180025095e-35 1.0000000180025095e-35 -1.3518779873847959 -0.68636217713356007 0.56342315673828136 -0.30186088383197779 1.0000000180025095e-35 1.0000000180025095e-35 1.0000000180025095e-35 -0.41047183424234385 -1.0000000180025095e-35 -1.1030326187610624 1.0000000180025095e-35 -1.0000000180025095e-35 0.66334784030914318 -1.0000000180025095e-35 2.8121365308761601 -0.56853863596916188 -1.1030326187610624 -0.43401934206485743 1.0000000180025095e-35 -0.39830045402050013 -0.27110077440738672 2.3665779829025273 1.178499758243561 0.94007825851440441 1.7428844571113589 -0.21970602124929425 -0.41047183424234385 0.99633371829986583 -0.98497489094734181 0.23785860091447833 1.0000000180025095e-35
decision_type=2 2 2 2 2 2 2 2 2 2 2 2 2 2 2 2 2 2 2 2 2 2 2 2 2 2 2 2 2 2 2 2 2 2 2 2 2 2 2 2 2 2 2 2 2 2 2 2 2 2 2 2 2 2 2 2 2 2
left_child=1 2 9 4 11 6 7 12 -9 10 51 13 -3 14 -2 28 56 22 24 -20 25 42 -13 -12 -11 32 27 -8 53 30 -18 -30 34 -34 -5 -31 38 -38 -27 40 -23 47 -6 44 -22 48 -47 -17 -45 -15 -41 -1 -46 -4 -28 -44 57 -7
right_child=3 5 15 20 21 16 26 8 -10 18 23 17 -14 49 -16 41 29 -19 19 -21 43 39 -24 -25 -26 36 54 -29 31 35 -32 -33 33 -35 -36 -37 37 -39 -40 50 -42 -43 55 45 52 46 -48 -49 -50 -51 -52 -53 -54 -55 -56 -57 -58 -59
leaf_value=-0.07317341747461352 0.11269859946027075 0.012769418596048673 0.033873631584589732 0.21594821583364232 0.078585775281884651 -0.1097985626163684 -0.014298494115222733 0.2125233497816971 -0.063855465596245553 -0.082075059879462176 0.21459482367788985 0.14546805108095992 0.26459565723471307 0.0031264106218657594 0.20423157679903292 0.26789159443909577 -0.013044287852824639 0.3014517987381844 0.23686277996969385 -0.078542208898653945 0.10602869603482275 -5.8565276267351531e-05 0.026776410953239179 0.078898834264909012 0.092739884388411742 0.068869172548497781 -0.10792704489013619 -0.088167855811906393 0.062821487670942588 0.13986219656371288 0.13909269085208525 0.17008478796224169 0.16433533574851736 0.086285616645257676 0.14060432703012202 0.27133910878746276 0.048055646855028833 0.14139371878643944 0.25967484714044597 -0.093345351514216968 0.16724875461486521 0.11592266023259644 -0.048864467500551678 0.089367222059657747 0.28864824278268381 0.2577473130068843 0.17600318276426505 0.20269344554326996 0.16260971748139949 -0.11703345168041997 -0.0086041071335471366 0.024732288633019198 0.21204018608186948 -0.11518757375540956 -0.047406833571751752 -0.097288582183959985 -0.033369964847002644 -0.10974468102347855
leaf_weight=36.436641968786716 135.68266736716032 15.515805020928381 2.672213688492775 28.039115086197853 2.1045686826109877 1.6252071112394322 23.731465168297291 16.08257956802845 682.38847392052412 187.52415040135384 9.7150201722979528 12.522377900779246 21.133177377283573 19.185073092579845 58.783734768629074 12.5444158911705 8.4499677643179876 3.3927791416645041 8.1984881237149256 17.578263431787491 5.7769118845462826 10.553058676421641 141.88991279900074 67.43348566442728 4.073525294661521 3.152754120528698 408.44563815742731 398.77695120871067 13.404401689767838 9.1959714889526349 13.016900062561037 15.921761095523834 36.560961529612541 40.123589262366295 40.252801969647408 5.6541577130556098 32.122914284467697 16.803815215826035 4.1668270975351325 6.0096188634634045 4.6096889749169341 6.7751726061105719 9.8119313940405828 8.6257500201463682 9.1831270307302511 12.736496537923811 51.533015087246895 71.72348015755415 107.05365328490734 3.4486303478479376 19.018428780138493 3.6503783091902724 10.894532456994053 2.4656266793608657 6.3550043106079093 47.066310584545135 3.6860103979706764 2.5082002133131027
leaf_count=393 1064 131 23 161 23 20 266 184 7838 2139 64 105 164 161 323 63 68 17 77 192 30 101 1205 510 30 23 4997 4508 90 52 76 103 216 238 232 30 239 106 28 73 42 36 119 49 48 68 268 340 566 29 181 38 56 22 75 569 34 31
internal_value=-0.00224111 -0.0471362 0.0269883 0.103572 0.0606428 -0.068234 -0.0726574 -0.0467494 -0.0574917 -0.0287579 0.0411932 0.0896141 0.157982 0.124151 0.140367 0.175611 0.089359 0.0421005 -0.0664843 0.0217747 0.153574 -0.0488773 0.036402 0.0959865 -0.0783583 0.131217 -0.0954035 -0.0840188 0.0973956 0.124479 0.0792073 0.121057 0.146128 0.123497 0.171539 0.189922 0.0927846 0.0801125 0.177489 0.00113807 0.0508052 0.20522 -0.0829577 0.175434 0.215563 0.169668 0.192203 0.212399 0.157148 -0.015182 -0.0289518 -0.064258 0.247079 -0.0376602 -0.107 -0.0889351 -0.0737535 -0.109766
internal_weight=2957.79 2076.68 460.117 881.105 474.079 1616.57 1572.43 735.12 698.471 334.61 117.236 374.905 36.649 217.1 194.466 125.507 44.1364 157.805 217.374 25.7768 407.026 99.1736 154.412 77.1485 191.598 201.223 837.309 422.508 34.464 36.317 21.4669 29.3262 144.976 76.6846 68.2919 14.8501 56.2463 48.9267 7.31958 40.1908 15.1627 91.0431 58.9828 205.803 25.8546 179.949 64.2695 84.2679 115.679 22.6337 25.028 40.087 20.0777 5.13784 414.801 56.8782 7.81942 4.13341
internal_count=28934 22594 4120 6340 4012 18474 18163 8317 8022 3443 1005 2904 295 1577 1387 677 311 1327 2438 269 2328 1108 1310 574 2169 1243 9846 4774 238 226 144 193 847 454 393 82 396 345 51 397 143 439 711 1085 134 951 336 403 615 190 254 431 104 45 5072 688 85 51
is_linear=0
shrinkage=0.1


Tree=4
num_leaves=58
num_cat=0
split_feature=11 15 15 11 8 6 11 0 10 11 6 13 7 13 5 0 10 0 10 11 11 11 8 11 10 14 11 0 10 11 6 9 8 0 10 5 11 9 9 10 2 5 14 6 9 8 12 9 5 1 11 9 5 9 5 10 8
split_gain=1121.42 271.404 281.345 145.545 122.132 100.134 132.589 83.7921 68.3783 67.8751 55.4145 54.5279 40.8326 35.1113 32.2767 31.7414 31.5002 23.5989 23.3991 21.5077 19.955 19.1357 16.4873 14.424 14.3801 11.8453 11.8278 11.6964 10.3595 10.3019 9.3565 8.96834 8.9476 8.85622 7.4551 6.43431 5.64235 5.44974 5.09231 5.01715 7.10944 5.01306 4.491 7.77946 5.82236 3.8522 4.53005 3.79981 3.70001 3.68681 4.30699 3.90635 3.42023 3.40291 3.26914 1.8005 1.15367
threshold=0.29411610960960394 1.0000000180025095e-35 -1.0725315809249876 1.1823140382766726 0.96469175815582286 1.0000000180025095e-35 -0.40183122456073755 -1.4552955031394956 -1.6675534248352049 -0.33262099325656885 1.0000000180025095e-35 0.60353690385818493 1.0000000180025095e-35 3.3817752599716191 -0.42484384775161738 -1.4552955031394956 1.3293195962905886 1.2725638747215273 -1.6675534248352049 -0.65175706148147572 -0.35569106042385096 2.2627626657485966 0.96469175815582286 0.82088288664817821 1.3293195962905886 0.36654499173164373 -0.63637700676918019 1.8369485735893252 1.3293195962905886 -0.47873146831989283 1.0000000180025095e-35 -0.87305268645286549 1.0000000180025095e-35 -1.4552955031394956 -1.0015816390514372 0.082102194428443923 1.5629703402519228 0.68312945961952221 -1.1124653220176695 0.66334784030914318 1.0000000180025095e-35 -0.56853863596916188 1.1637797057628634 1.0000000180025095e-35 1.0422484278678896 1.0000000180025095e-35 0.89403894543647777 1.4013673663139345 -0.31867027282714838 0.64978291094303142 5.5117986202239999 -0.15481476858258245 0.12732427567243579 0.32401050627231603 -0.15547756105661389 0.66334784030914318 0.96469175815582286
decision_type=2 2 2 2 2 2 2 2 2 2 2 2 2 2 2 2 2 2 2 2 2 2 2 2 2 2 2 2 2 2 2 2 2 2 2 2 2 2 2 2 2 2 2 2 2 2 2 2 2 2 2 2 2 2 2 2 2
left_child=1 2 9 4 10 6 15 31 -9 26 12 25 14 -13 -2 19 27 24 -17 -3 30 22 33 41 -12 -11 56 32 -28 -18 34 -8 -7 -5 -4 -35 54 -38 -32 40 -25 -6 43 -22 -44 49 48 -41 -47 51 -51 -23 -19 -14 -24 -43 -1
right_child=3 5 20 21 23 16 7 8 -10 11 17 13 53 -15 -16 18 29 52 -20 -21 42 45 36 39 -26 -27 28 -29 -30 -31 38 -33 -34 35 -36 -37 37 -39 -40 47 -42 55 44 -45 -46 46 -48 -49 -50 50 -52 -53 -54 -55 -56 -57 -58
leaf_value=-0.10182675927514789 0.028200909714414205 -0.11203554511493528 0.034430743848814636 0.23197434690984717 0.060442485832284815 -0.08392802402843802 0.13330445059505766 0.18351318660328825 -0.014729344353777155 0.054462941386657797 0.009247079795485549 -0.020293866700811791 -0.0020154840738593875 0.169204190964933 0.13325747830549228 0.032761036114064598 -0.050368787546863962 0.13639635546867271 -0.088364440696476781 0.16070131037691324 0.17733216561526419 0.16393696582557249 0.044626078968667139 0.00080540432159774324 0.21826842275992109 0.21777552024078478 -0.057029751123061245 0.12249926931769989 0.058263503984451931 0.17534040466465434 0.12981988052831692 0.30731911347038776 -0.10565197625109723 0.10421594306134162 0.15264816494212807 0.14376760766472907 0.059162095068312173 0.14194636660254162 -0.024670872996225515 -0.055191983454123163 0.17297309533358088 -0.065137199173251989 0.22649982309586925 0.10222926035393953 0.10276154942093307 0.087013370521065211 0.2163727214415602 0.062189495514272913 0.13710804387204775 0.18604445088578864 0.085775365633086742 0.1252677709997525 0.26578843774533328 -0.087091060868497439 -0.038940748649900596 -0.10159838500932439 -0.033577374618877491
leaf_weight=73.451452910900116 35.197097264230251 4.244212605059146 7.5785134881734875 6.7352547198534003 2.3155229762196532 386.57025552541018 4.3735164254903784 18.50165843963623 291.94693131744862 6.2783930748701122 139.44881076365709 108.34676129370928 13.945818990468981 10.747636526823042 172.91569836437702 16.655410565435886 3.1230027750134468 6.2106631025671941 375.9173967987299 9.0711177438497526 48.520315751433372 49.351350009441376 17.297678552567962 7.8827635571360606 3.3709693998098365 15.178128711879252 94.485154874622822 2.4901724234223357 8.4940513893961889 5.7367787063121778 2.7696199938654891 9.1746872663497907 372.0899521112442 145.26334930211306 18.015277594327927 57.377872794866562 26.19414608925581 11.418541036546229 9.2907093465328199 14.084355317056181 3.4473813846707344 20.299761615693569 21.60495783388615 19.269902318716049 4.6149713397026053 23.71535487473011 5.0765085369348517 3.4292727410793296 38.976091265678406 45.063058912754059 4.733930528163909 55.506310746073723 3.0441906899213791 7.0926898568868628 6.4182839766144744 40.692805722355843 2.5631899610161772
leaf_count=897 259 45 51 35 24 4690 36 120 3238 48 1203 1090 119 57 1143 135 33 51 4684 84 215 227 143 77 18 104 1095 21 69 30 19 77 4975 835 105 325 178 67 69 153 28 258 96 90 20 131 26 35 194 214 22 271 21 63 54 539 28
internal_value=-0.00244332 -0.0460782 0.0219219 0.0856432 0.0460362 -0.0665344 -0.0399956 0.00770896 -0.00291478 -0.0287654 0.0710093 0.0232452 0.102068 -0.00319267 0.11549 -0.0780753 -0.0916903 0.0242085 -0.0832255 0.0737674 0.144938 0.123664 0.105808 -0.0572757 0.0141806 0.169989 -0.0696055 -0.0938725 -0.04752 0.0957797 0.0834245 0.251145 -0.0945827 0.119164 0.117643 0.115415 0.0602087 0.0842939 0.0108075 0.00133735 0.0531902 -0.0839804 0.169577 0.155984 0.204721 0.145396 0.125515 -0.032208 0.118158 0.154108 0.176512 0.143467 0.178957 -0.0306969 0.0220103 -0.0894632 -0.0995254
internal_weight=2917.61 1951.1 451.209 966.506 473.378 1499.9 729.885 323.997 310.449 319.545 381.226 140.551 229.151 119.094 208.113 405.888 770.01 152.075 392.573 13.3153 131.664 493.128 270.705 92.1519 142.82 21.4565 178.994 761.15 102.979 8.85978 37.6541 13.5482 758.66 209.376 25.5938 202.641 61.3286 37.6127 12.0603 28.8438 11.3301 63.3081 94.0101 67.7902 26.2199 222.423 67.768 17.5136 62.6914 154.655 49.797 104.858 9.25485 21.0385 23.716 60.9926 76.0146
internal_count=28934 22221 4053 6713 3991 18168 8419 3471 3358 3388 2877 1299 1584 1147 1402 4948 9749 1293 4819 129 665 2722 1637 1114 1221 152 2089 9686 1164 63 244 113 9665 1195 156 1160 442 245 88 293 105 821 421 305 116 1085 351 188 325 734 236 498 72 182 197 797 925
is_linear=0
shrinkage=0.1


Tree=5
num_leaves=51
num_cat=0
split_feature=11 11 8 6 10 10 10 13 11 6 13 0 10 10 11 15 8 14 11 13 0 0 0 15 9 13 13 11 10 5 11 11 0 11 3 5 2 2 10 0 11 5 11 9 0 10 0 11 13 6
split_gain=929.802 250.55 249.941 142.221 85.9073 97.6252 81.4622 77.2082 59.9571 71.7348 62.3712 44.6453 43.6103 32.0795 30.6456 26.1439 25.0074 24.4042 21.2154 16.1008 16.0676 19.6649 14.9716 13.3723 10.4748 9.86477 9.34684 9.26855 9.26412 8.44853 8.12245 7.81696 14.6138 6.50859 5.82537 11.4423 5.4137 6.0996 5.37021 5.25542 3.77998 4.84631 2.88971 2.1788 1.21739 0.884876 0.461849 0.405037 0.00174698 3.46766e-05
threshold=-0.19804553687572476 0.82088288664817821 0.96469175815582286 1.0000000180025095e-35 1.0000000180025095e-35 0.66334784030914318 1.3293195962905886 0.23377137631177905 -0.55563172698020924 1.0000000180025095e-35 -0.10101633891463278 -0.98497489094734181 1.3293195962905886 0.99633371829986583 1.8052061796188357 -2.0839923024177547 0.96469175815582286 0.76516234874725353 -0.65175706148147572 3.3418006896972661 1.6488203406333926 -0.70278257131576527 1.8369485735893252 1.0000000180025095e-35 -0.15481476858258245 0.58354958891868602 0.92333412170410167 -0.37491612136363978 0.99633371829986583 -0.16301457583904264 1.3630297183990481 -0.68636217713356007 -1.5493596196174619 -0.30186088383197779 1.7028107047080996 -0.24362784624099729 1.0000000180025095e-35 -1.1030326187610624 1.662305533885956 -1.1731031537055967 0.42100153863430029 -0.55526694655418385 -0.40183122456073755 -1.3518779873847959 0.23785860091447833 -0.66859573125839222 -1.3612313866615293 -0.71327725052833546 0.44363830983638769 1.0000000180025095e-35
decision_type=2 2 2 2 2 2 2 2 2 2 2 2 2 2 2 2 2 2 2 2 2 2 2 2 2 2 2 2 2 2 2 2 2 2 2 2 2 2 2 2 2 2 2 2 2 2 2 2 2 2
left_child=6 2 3 4 7 -6 8 -2 19 10 11 -10 17 40 16 -12 20 -5 44 31 21 -3 23 -11 26 27 33 -26 -22 30 -18 45 -33 -20 36 -36 37 -16 -14 -38 46 -42 -27 -31 48 -1 -4 -46 49 -8
right_child=1 14 13 12 5 -7 18 -9 9 22 15 -13 38 -15 34 -17 29 -19 24 -21 28 -23 -24 -25 25 42 -28 -29 -30 43 -32 32 -34 -35 35 -37 39 -39 -40 -41 41 -43 -44 -45 47 -47 -48 -49 -50 -51
leaf_value=-0.095629127064640773 0.013951398718095757 0.11942193455082586 -0.077561233314474343 -0.03254648152120098 0.28472253686488697 0.094224597576331282 -0.10800560512198898 0.13529463745787157 0.066574441762377992 -0.047050379857350152 -0.00047942631757073146 -0.055512679361231214 0.12352652495377464 0.30801073242622046 0.14761128153312306 0.12815570550066768 0.0078301700895480608 0.048689838402403124 0.018838320746176286 0.15565492163725672 0.19723042955978609 0.060157378801784615 0.16985729070812419 -0.094612440874092527 0.14527922957301195 0.26326673054880595 -0.12133784442788809 -0.0071880802891197615 0.04806619210446203 -0.11638179972811143 0.09063300367018684 0.076468882708914901 -0.084515984024559926 0.17339833802860824 -0.088520177872986369 0.11868593100064002 0.18030119106041589 0.10336615495156996 0.26246620238059776 0.12637369558869149 0.080175790013995163 -0.077059858454883695 0.15169228635598378 -0.019498361966533449 -0.066060428258045603 -0.10698065581034777 -0.10516527278504451 -0.0016975310204186862 -0.11214968809465009 -0.1086346114466622
leaf_weight=94.557540260255337 210.8522476926446 85.315031670033932 6.3584711179137221 243.84416848421097 34.682309448719025 119.91729284822941 2.4005421027541143 69.792999759316444 35.133990824222565 77.697607427835464 27.554243668913841 203.10874073207378 7.5631556883454305 1.988456830382346 37.796602040529251 37.037169769406319 27.029637575149536 43.590456731617451 9.2850979566574097 2.5945510417222968 19.362008064985279 162.88275877386332 2.3541936278343192 247.13823437690735 9.4719000011682528 4.8682105466723442 3.422709457576274 6.8854965567588833 5.3043043464422217 2.652453854680064 21.090188190340996 5.7655117884278289 256.77862528711557 3.8560090139508256 4.0211968570947647 7.9024877697229368 23.860624596476555 177.3981960862875 4.4004591628909111 74.47917976975441 2.0663100108504286 38.186968967318535 4.4368435293436033 18.588270701467991 2.115576840937138 250.83983624726534 129.62050477415323 1.8179093226790426 1.6323395073413847 1.3804637566208842
leaf_count=1231 1911 518 88 2547 233 777 35 363 391 910 242 2529 36 14 177 208 261 375 76 26 101 993 16 3481 62 32 27 36 27 23 145 60 3404 21 21 37 109 867 22 349 20 532 24 169 21 3473 1857 20 18 19
internal_value=-0.00255219 0.0488879 0.0148372 0.0406097 0.0771021 0.13696 -0.0654741 0.044128 -0.0705936 -0.048952 -0.0138781 -0.0375083 -0.0124404 -0.0913996 0.0954424 0.0732809 0.0745498 -0.0202267 0.0576723 -0.0929259 0.0881788 0.0805289 -0.081415 -0.0832361 0.0878478 0.127862 0.0258538 0.0810995 0.165154 0.0209337 0.0441214 -0.0939868 -0.0809807 0.064191 0.117411 0.0488068 0.12002 0.111137 0.174631 0.139458 -0.0959062 -0.0689885 0.210066 -0.0315968 -0.0786519 -0.103873 -0.103874 -0.0363143 -0.109416 -0.108235
internal_weight=2872.68 1580.55 912.864 734.643 435.245 154.6 1292.13 280.645 1240.56 630.024 302.834 238.243 299.398 178.221 667.683 64.5914 342.225 287.435 51.5731 610.536 272.864 248.198 327.19 324.836 42.2263 25.6625 16.5638 16.3574 24.6663 69.3606 48.1198 607.942 262.544 13.1411 325.458 11.9237 313.535 215.195 11.9636 98.3398 176.232 40.2533 9.30505 21.2407 9.34683 345.397 135.979 3.93349 5.41335 3.78101
internal_count=28934 12572 8775 6264 3284 1010 16362 2274 15971 7777 3370 2920 2980 2511 3797 450 2237 2922 391 8194 1639 1511 4407 4391 278 154 124 98 128 598 406 8168 3464 97 1560 58 1502 1044 58 458 2497 552 56 192 113 4704 1945 41 72 54
is_linear=0
shrinkage=0.1


Tree=6
num_leaves=56
num_cat=0
split_feature=11 11 8 6 5 15 15 7 0 10 0 6 10 11 10 9 10 6 13 15 11 11 2 9 12 3 10 11 9 5 11 0 9 9 5 9 13 10 11 8 3 5 9 9 11 5 10 10 13 0 11 9 1 0 5
split_gain=775.824 188.667 211.669 108.786 76.003 75.1082 107.452 51.6198 39.1321 33.6539 30.4913 26.221 25.3243 24.1731 23.8373 22.5276 22.4321 21.996 20.7683 21.3366 17.0207 16.9314 11.9109 11.2154 10.315 10.2606 9.99538 9.53581 9.13999 9.06191 8.76161 8.03789 7.71443 19.178 7.35287 6.40359 6.14262 4.48399 4.34984 4.29139 4.49808 6.73462 3.89271 6.13726 3.88747 4.45018 3.77748 3.51131 3.35811 3.06665 3.01422 2.43141 1.63929 0.486181 0.477656
threshold=-0.19804553687572476 0.82088288664817821 0.96469175815582286 1.0000000180025095e-35 -0.42320537567138666 1.0000000180025095e-35 -1.0725315809249876 1.0000000180025095e-35 1.8369485735893252 1.3293195962905886 -1.4552955031394956 1.0000000180025095e-35 0.99633371829986583 2.1474123001098637 1.3293195962905886 -1.3518779873847959 -1.6675534248352049 1.0000000180025095e-35 -0.31588008999824518 -1.0725315809249876 -0.65175706148147572 -0.45950640738010401 -1.1030326187610624 1.1619547605514529 -0.41047183424234385 1.0000000180025095e-35 1.0000000180025095e-35 1.3245795369148257 0.68312945961952221 1.2604977488517763 -0.68636217713356007 -1.267167270183563 0.68312945961952221 1.1619547605514529 -0.35406146943569178 -0.75334635376930226 0.58354958891868602 1.3293195962905886 -0.31724093854427332 1.0000000180025095e-35 -0.97726249694824208 -0.35406146943569178 1.0000000180025095e-35 -0.87305268645286549 0.42100153863430029 -0.56853863596916188 0.66334784030914318 1.662305533885956 1.4529983401298525 1.7428844571113589 2.7972193956375127 -0.15481476858258245 -1.1825662851333616 -1.3612313866615293 0.11552720889449121
decision_type=2 2 2 2 2 2 2 2 2 2 2 2 2 2 2 2 2 2 2 2 2 2 2 2 2 2 2 2 2 2 2 2 2 2 2 2 2 2 2 2 2 2 2 2 2 2 2 2 2 2 2 2 2 2 2
left_child=5 2 3 4 26 6 17 -6 10 15 11 20 44 18 16 -5 -12 21 24 25 -7 49 54 38 29 -20 -2 -26 -16 -3 51 -23 37 -34 35 -32 -36 -19 -24 42 41 -41 43 -15 53 -46 -42 -11 -21 -1 -44 -8 -13 -4 -10
right_child=1 13 12 9 7 8 30 -9 22 47 14 52 -14 39 28 -17 -18 32 19 48 -22 31 23 -25 27 -27 -28 -29 -30 -31 34 -33 33 -35 36 -37 -38 -39 -40 40 46 -43 50 -45 45 -47 -48 -49 -50 -51 -52 -53 -54 -55 -56
leaf_value=-0.067189270037734047 -0.042031132125803665 0.085323575227444312 -0.074775892006814185 0.073394231296784143 0.096634438369016681 -0.10982548356723412 0.029163485761741284 -0.042396297157101581 0.19935802319603474 0.10703899816955449 -0.016587995399741127 -0.010975265423883641 0.24466502825255665 0.10367026435222269 -0.032894132397218702 -0.027213762123603658 -0.088942591622067968 -0.088775534481547971 0.050611323349484066 0.20881979455566288 0.13050525942749172 0.19468445549980504 -0.051164415764013316 0.16298592964990088 0.018019473978940687 0.13807453079951923 0.038625778997267247 0.061357283422515889 0.10861139821812896 -0.012960459880748235 0.25371393755436977 0.026822133501973863 0.19548921900150915 -0.066958734030117095 0.13210809828516976 0.11303847226489128 0.058305260524707636 0.024359291436934397 0.072510312839034016 0.04620003569140968 0.10288641066133052 0.18694314606738957 0.078286221188392513 0.15485052281406897 0.075131057593974301 -0.07439575055438194 0.053872531478488112 0.21567942490189829 0.13521069499870997 0.032209778189396403 0.11520653133219594 -0.11302146942791209 -0.1077282561105317 -0.10405411641444036 0.14191557016195394
leaf_weight=30.518612571060658 59.956832759082317 125.07689668238163 5.9567993432283393 24.353437952697277 341.80589869618416 3.5940393805503872 2.7333275377750397 28.968403875827789 2.7973855808377293 7.8390255719423276 45.184483416378498 2.0659714601933947 2.2370011880993834 47.68866765499115 10.361528228968384 258.43241243064404 828.92154295742512 111.53519225865602 42.70764584094286 18.18242879211903 16.364992767572403 3.1255070418119422 13.932821959257131 3.8305214121937743 90.18481669574976 19.554013654589653 20.658266924321651 116.17669856548309 8.1587111130356771 10.141760207712649 5.535574346780777 32.665451146662235 3.5006479397416141 13.606549963355063 18.603700950741768 7.7888195812702161 28.636539205908775 3.6168576404452315 3.5732279419898978 5.3059231638908377 27.796709477901459 9.4640738070011121 37.997000172734261 46.059116244316101 2.1073787882924071 35.856311447918415 36.203850731253624 4.7945881634950638 9.402792960405348 3.4552525207400313 52.8967045545578 2.1476775407791129 11.492189653217791 118.47435382753611 3.0001102089881897
leaf_count=386 541 771 88 226 2334 45 23 268 22 36 470 31 14 206 95 2696 12292 1567 232 80 125 21 138 28 680 104 141 646 51 63 29 248 29 169 93 42 145 36 24 26 129 43 175 192 19 533 174 22 43 37 233 22 174 1857 20
internal_value=-0.00260922 0.0430595 0.0131358 0.0357623 0.0666386 -0.0627009 -0.0158732 0.085772 -0.0758398 -0.0114154 -0.0793078 0.0143297 -0.0895032 0.0823113 -0.0828238 -0.0185494 -0.0852024 -0.0519483 0.0677369 0.110517 0.0872287 -0.00651597 0.0425294 0.00799342 0.0564844 0.0780802 -0.0213622 0.0424176 0.0294432 0.077952 0.0954873 0.041481 -0.0759133 -0.013254 0.105874 0.171482 0.0873696 -0.085222 -0.0259207 0.106182 0.0866399 0.136383 0.114518 0.128816 -0.0941064 -0.0660955 0.0751602 0.148269 0.183729 -0.0570801 0.0997724 -0.0333989 -0.0929852 -0.102653 0.169632
internal_weight=2827.03 1606.28 911.441 746.809 451.389 1220.75 267.47 370.774 953.278 295.419 926.143 33.5172 164.632 694.839 892.626 282.786 874.106 202.024 431.427 89.8469 19.959 69.7648 27.1341 21.3366 341.58 62.2617 80.6151 206.362 18.5202 135.219 65.4456 35.791 132.259 17.1072 60.5646 13.3244 47.2402 115.152 17.506 263.412 78.7706 14.77 184.641 93.7478 162.395 37.9637 64.0006 12.6336 27.5852 33.9739 90.8937 4.88101 13.5582 124.431 5.7975
internal_count=28934 12572 8775 6264 3284 16362 2847 2602 13515 2980 13283 375 2511 3797 12908 2922 12762 2493 2619 459 170 692 232 190 2160 336 682 1326 146 834 354 269 1801 198 309 71 238 1603 162 1178 372 69 806 398 2497 552 303 58 123 423 408 45 205 1945 42
is_linear=0
shrinkage=0.1


Tree=7
num_leaves=47
num_cat=0
split_feature=11 11 8 6 11 8 7 6 10 10 10 10 13 10 0 10 11 10 10 11 8 9 9 10 5 10 9 13 10 11 0 14 15 15 10 14 11 12 10 10 5 1 9 0 0 11
split_gain=650.184 145.329 178.433 85.2394 74.4971 78.421 61.3778 52.324 58.4663 91.7713 41.4337 41.155 28.7198 24.3308 22.5367 21.4708 19.5223 17.7254 17.2992 9.54284 9.11734 7.90448 6.37383 11.227 6.89135 5.03527 4.07855 3.80949 3.4802 3.30448 3.10094 3.01296 3.86995 3.45931 3.49566 2.51357 1.90953 1.61406 2.27265 1.59596 4.51695 1.53844 0.666797 0.599975 0.425407 0.362473
threshold=-0.19804553687572476 1.1823140382766726 0.96469175815582286 1.0000000180025095e-35 -0.65175706148147572 0.96469175815582286 1.0000000180025095e-35 1.0000000180025095e-35 1.0000000180025095e-35 0.66334784030914318 -1.6675534248352049 1.0000000180025095e-35 3.3018260002136235 1.3293195962905886 1.8369485735893252 0.99633371829986583 0.79396778345108043 1.3293195962905886 0.99633371829986583 2.2627626657485966 0.96469175815582286 -1.4715842604637144 1.0000000180025095e-35 1.3293195962905886 -0.49333235621452326 0.66334784030914318 1.640780031681061 3.3418006896972661 0.66334784030914318 0.42100153863430029 -0.70278257131576527 0.76516234874725353 -1.0725315809249876 -1.0725315809249876 0.66334784030914318 0.36654499173164373 -0.72096729278564442 -0.41047183424234385 -0.66859573125839222 1.0000000180025095e-35 -0.26623888313770289 1.0000000180025095e-35 0.084597874432802214 2.0250767469406132 -1.0790390372276304 -0.60561689734458912
decision_type=2 2 2 2 2 2 2 2 2 2 2 2 2 2 2 2 2 2 2 2 2 2 2 2 2 2 2 2 2 2 2 2 2 2 2 2 2 2 2 2 2 2 2 2 2 2
left_child=4 2 3 6 27 7 11 8 10 -10 -6 -2 13 -5 17 16 29 -9 39 20 22 -8 24 -24 -3 -18 30 36 -14 -4 -22 33 41 35 -35 -21 43 38 -38 40 -7 -33 -39 44 -1 -41
right_child=1 19 15 12 5 18 21 14 9 -11 -12 -13 28 -15 -16 -17 25 -19 -20 31 26 -23 23 -25 -26 -27 -28 -29 -30 -31 -32 32 -34 34 -36 -37 37 42 -40 45 -42 -43 -44 -45 -46 -47
leaf_value=-0.091702395533443226 0.0478412051586544 0.20609516670789696 -0.1014793439504921 -0.013867832067093595 0.081777812732110433 -0.10750430383860146 0.13518656272133237 -0.069406479091820947 0.2252736470864164 0.009717139373815421 -0.043734846146540059 0.10745344309605145 0.21818760750789565 0.13489072654876175 0.22075877917623701 0.20670420299536865 0.041620527029676939 0.066213890175026477 0.21100433647183492 0.020907342514421591 0.061432415108055874 -0.054228575460299591 0.054334871028488718 0.20063639215568127 0.088329765415709083 -0.039401699764008112 0.14569855596005671 0.011420765799426781 0.099223284457431324 -0.065621581372181256 0.01492290451063422 0.070290713585438577 0.19703276950382942 0.10427072455927888 0.077830016745444389 0.098475179232201671 -0.031490961251491111 -0.086062337414792994 -0.085591130886036246 -0.092044165268393596 0.10779514991901139 0.14363379707904539 -0.10515927814536159 -0.038122769062564107 -0.10540358375998871 -0.10631511698766549
leaf_weight=25.313664745539427 304.42338228225708 5.2001293003559104 113.82774237543344 323.58750372380018 29.960907943546772 3.4196140915155411 2.3092938587069503 236.72541137039661 25.550220131874084 87.014931127429008 215.33370391279459 186.922068990767 5.3893541693687421 11.381638914346693 2.8132493197917929 2.6892385333776465 12.718782633543013 10.046072363853453 1.7698366530239571 11.565186247229578 21.268088929355145 47.932343617081642 116.72118178009987 5.4920728206634513 111.79450577497482 19.324274986982346 3.2009347379207602 3.1780754551291457 4.5226910635828972 33.195075675845146 43.978315941989422 7.1139319539070147 6.2360025644302359 134.59511223435402 79.556331813335419 6.5400166958570471 10.285706773400305 32.34268070012331 31.683202914893627 20.075233519077301 1.3627899773418892 4.7827798277139664 42.062042396515608 1.391804814338683 216.29254250228405 156.89610991999507
leaf_count=401 2173 23 1945 3237 216 53 18 3481 250 813 2758 1067 25 52 18 16 116 65 18 50 130 450 595 26 551 215 18 32 24 512 294 30 26 576 355 28 142 503 496 333 17 20 661 18 3474 2613
internal_value=-0.00262167 0.0381096 0.0165032 0.0350094 -0.060046 -0.0428408 0.0597545 -0.0255335 -0.00102309 0.0586445 -0.0284044 0.0705194 -0.00384925 -0.00881329 -0.0606769 -0.0737566 -0.0779687 -0.0638854 -0.100126 0.0794693 0.067672 -0.0455223 0.0768806 0.0609094 0.0935642 -0.00724172 0.0354901 -0.0975825 0.163906 -0.0933833 0.0300834 0.0939646 0.133224 0.0908996 0.0944481 0.0489266 -0.0985465 -0.0880131 -0.0723323 -0.103156 -0.0461527 0.0997765 -0.0968581 -0.103591 -0.103968 -0.104696
internal_weight=2779.79 1626.27 1068.22 886.468 1153.52 790.968 541.587 607.444 357.86 112.565 245.295 491.345 344.881 334.969 249.585 181.755 179.066 246.771 183.524 558.045 307.655 50.2416 239.208 122.213 116.995 32.0431 68.4473 362.55 9.91205 147.023 65.2464 250.389 18.1327 232.257 214.151 18.1052 359.372 116.374 41.9689 181.754 4.7824 11.8967 74.4047 242.998 241.606 176.971
internal_count=28934 12572 9850 7046 16362 10635 3708 7601 4037 1063 2974 3240 3338 3289 3564 2804 2788 3546 3034 2722 1637 468 1195 621 574 331 442 5727 49 2457 424 1085 76 1009 931 78 5695 1802 638 3016 70 50 1164 3893 3875 2946
is_linear=0
shrinkage=0.1


Tree=8
num_leaves=52
num_cat=0
split_feature=11 11 8 11 8 0 13 15 9 6 12 13 0 10 11 0 10 11 7 10 13 15 10 10 5 5 5 0 9 9 13 2 2 13 8 11 10 5 5 13 5 9 13 5 11 12 0 0 10 11 0
split_gain=545.645 117.327 154.173 71.5739 73.3536 68.5706 51.2171 66.5473 49.6945 39.3702 35.8451 26.9151 17.7401 16.7217 16.2899 16.127 17.4943 15.2617 14.4076 13.279 11.2075 13.9014 10.3101 9.52008 8.98993 8.83225 8.71966 7.38876 6.93265 6.85145 5.44889 5.38042 7.83454 6.9699 4.98443 4.13185 4.90059 4.03154 7.21698 3.65181 3.53234 3.49466 3.46769 3.10026 2.02559 1.65272 0.692209 0.566774 0.302812 0.43982 0.0438885
threshold=-0.20189055055379865 0.82088288664817821 0.96469175815582286 -0.5171816051006316 0.96469175815582286 1.7428844571113589 -0.30588643252849573 -1.0725315809249876 -1.4715842604637144 1.0000000180025095e-35 -0.41047183424234385 0.10885059088468553 1.7428844571113589 0.99633371829986583 -0.65175706148147572 -1.5493596196174619 1.3293195962905886 1.6821657419204714 1.0000000180025095e-35 1.3293195962905886 -0.30588643252849573 -1.0725315809249876 -1.0015816390514372 0.99633371829986583 -0.2688604593276977 -0.44483332335948939 -0.022105201147496697 1.7428844571113589 1.5210736989974978 0.56342315673828136 0.57355594635009777 -1.1030326187610624 1.0000000180025095e-35 -0.31588008999824518 1.0000000180025095e-35 0.42100153863430029 0.66334784030914318 -0.43729630112648005 -0.4477825909852981 3.3418006896972661 -0.39830045402050013 -0.87305268645286549 0.52358761429786693 -0.071587331593036638 -0.72096729278564442 -0.41047183424234385 2.1191408634185795 -1.3612313866615293 1.0000000180025095e-35 -0.38645116984844202 -0.89091074466705311
decision_type=2 2 2 2 2 2 2 2 2 2 2 2 2 2 2 2 2 2 2 2 2 2 2 2 2 2 2 2 2 2 2 2 2 2 2 2 2 2 2 2 2 2 2 2 2 2 2 2 2 2 2
left_child=3 2 5 14 9 6 8 -8 -2 10 18 -12 19 35 39 29 27 20 -5 -11 22 24 26 48 -22 -7 -3 -17 -24 41 -18 37 33 -33 -27 47 -37 38 -19 44 -34 -16 -39 -23 46 -46 -1 -4 49 -6 -50
right_child=1 17 13 4 23 25 7 -9 -10 12 11 -13 -14 -15 15 16 30 31 -20 -21 21 43 28 -25 -26 34 -28 -29 -30 -31 -32 32 40 -35 -36 36 -38 42 -40 -41 -42 -43 -44 -45 45 -47 -48 -49 50 -51 -52
leaf_value=-0.1029417750800465 0.12805950963377907 0.049551226351072813 -0.067956198069747745 0.072881170549878208 -0.028873402609816353 -0.019545987087999844 0.015269551077030151 0.12412804755037402 -0.010593522204410349 -0.059900711386403849 -0.044836781391671021 0.056244771361974977 0.17363422039330764 0.16461753141799443 -0.073657896448399263 -0.076482440760860651 -0.0021039332177694319 0.13682961748841124 -0.045213080472725965 0.08463923816585478 0.095645964661315461 0.17231415150705365 0.034470706829465993 0.172002996039681 0.010856479953021567 0.14266551855029902 0.13692521191473295 0.013603806496777282 -0.025847526020293374 0.23840060931779097 0.14440592298728647 0.053495498422465829 0.12396326220775145 0.10062203110797485 0.083986751916668545 -0.0097045960081056475 -0.088790265776007682 0.13617417568085441 -0.027577396278594908 0.010186072587545742 0.083630644109153537 0.081243629949581841 0.049853066427763548 0.098666578755937692 -0.069522351053292963 -0.095223167816457538 -0.027080813564232909 -0.10206583531481198 -0.10107385351514345 -0.10899870069778682 -0.10630877683103085
leaf_weight=220.83132205531001 27.515756666660309 34.858103029429913 5.1203294321894637 92.221118494868279 1.278817415237427 4.4181815460324279 155.16544530540705 88.009467959403992 426.81791994720697 149.09068630263209 100.50284098088741 35.69902004301548 3.5087739825248709 2.6149080991744986 2.2995253913104534 215.80517024174333 5.9876292422413808 5.3018045872449875 11.634102471172808 6.6391262412071219 24.360308900475502 15.052375495433809 189.07434799522161 1.2588529214262951 25.693934053182602 51.407940104603767 16.988324329257011 9.5054926350712758 21.190233819186687 1.9659616462886331 4.4067459851503372 185.83635208010674 28.204286307096481 37.759740635752678 20.150404892861843 12.243343882262705 21.762102007865906 32.107775375247002 5.3788433372974378 3.205439291894435 94.370080798864365 3.9724687114357931 5.4426554888486853 9.2151049673557264 39.445110272616148 68.424633730202913 1.2094073072075833 100.21040033176541 19.510235950350761 1.475514069199561 89.398617148399353
leaf_count=3877 232 206 88 802 21 27 1248 370 4070 2298 1335 228 27 15 22 3378 54 23 144 38 130 64 1240 9 135 261 96 118 135 19 30 850 124 163 100 189 363 140 24 32 405 36 23 39 638 1164 16 1879 361 22 1626
internal_value=-0.00260135 0.0337275 0.00987443 -0.0575067 -0.030299 0.027455 0.0176283 0.0546674 -0.0021963 -0.0101745 0.0153998 -0.0183429 -0.0487285 -0.0859214 -0.0816571 -0.0620235 -0.0668303 0.0636056 0.059652 -0.0537386 0.0479593 0.0822353 0.0382403 -0.10146 0.0521217 0.11767 0.0781807 -0.0726818 0.0283919 0.0755098 0.0600096 0.0769523 0.0725925 0.061454 0.126142 -0.0906232 -0.0603162 0.108243 0.0540332 -0.096035 0.0929112 0.0244515 0.123663 0.144348 -0.0970671 -0.0858251 -0.102529 -0.100408 -0.104543 -0.0717971 -0.105371
internal_weight=2735.55 1646.27 915.436 1089.28 512.218 773.485 697.509 243.175 454.334 399.296 240.057 136.202 159.239 141.951 577.059 243.943 235.705 730.834 103.855 155.73 336.433 74.3217 262.111 112.922 50.0542 75.9765 51.8464 225.311 210.265 8.23796 10.3944 394.402 346.17 223.596 71.5583 139.336 34.0054 48.2311 10.6806 333.116 122.574 6.27199 37.5504 24.2675 329.91 107.87 222.041 105.331 111.663 2.75433 108.909
internal_count=28934 12639 8842 16295 6911 6308 5920 1618 4302 4872 2509 1563 2363 2534 9384 3657 3580 3797 946 2336 2045 368 1677 2039 265 388 302 3496 1375 77 84 1752 1542 1013 361 2519 552 210 47 5727 529 58 163 103 5695 1802 3893 1967 2030 43 1987
is_linear=0
shrinkage=0.1


Tree=9
num_leaves=50
num_cat=0
split_feature=11 11 8 6 5 11 8 10 10 10 0 5 0 11 8 12 10 10 10 0 3 9 3 8 5 5 5 11 5 9 3 0 9 14 5 3 13 10 0 11 10 11 12 10 9 0 0 0 11
split_gain=465.963 119.42 157.636 77.9909 59.4149 43.1861 35.0107 32.8646 26.5817 25.119 24.2567 20.8878 20.6769 19.4544 23.83 18.6434 16.2081 14.4346 11.8188 10.7596 9.4934 9.47654 7.03785 6.3882 5.72134 7.30314 6.72704 5.08983 4.65856 4.64594 6.18476 4.5663 4.2788 3.85744 3.7437 3.6283 3.5022 2.36931 4.18161 2.33451 5.59513 2.15096 1.69233 2.3359 0.76693 0.69716 0.50224 0.442838 0.415569
threshold=-0.34415602684020991 0.5709570348262788 0.96469175815582286 1.0000000180025095e-35 -0.41501295566558832 -0.65175706148147572 0.96469175815582286 1.0000000180025095e-35 1.3293195962905886 1.3293195962905886 -1.267167270183563 -0.12762338668107984 1.8369485735893252 1.5091401338577273 0.96469175815582286 -0.41047183424234385 0.99633371829986583 0.99633371829986583 1.0000000180025095e-35 1.7428844571113589 1.0000000180025095e-35 -0.15481476858258245 1.0000000180025095e-35 1.0000000180025095e-35 -0.41370218992233271 -0.40157741308212275 -0.44516101479530329 0.94007825851440441 -0.3937127143144607 1.0000000180025095e-35 1.7028107047080996 1.5547562241554262 -1.4715842604637144 0.36654499173164373 -0.4477825909852981 1.0000000180025095e-35 3.3418006896972661 1.0000000180025095e-35 0.23785860091447833 0.42100153863430029 0.66334784030914318 -0.72096729278564442 -0.41047183424234385 -0.66859573125839222 0.084597874432802214 2.1191408634185795 -1.0790390372276304 -1.3612313866615293 -0.60561689734458912
decision_type=2 2 2 2 2 2 2 2 2 2 2 2 2 2 2 2 2 2 2 2 2 2 2 2 2 2 2 2 2 2 2 2 2 2 2 2 2 2 2 2 2 2 2 2 2 2 2 2 2
left_child=5 2 3 4 18 36 9 -6 11 10 22 -5 -12 14 15 20 39 37 -2 -17 -3 35 -7 29 26 -26 -25 34 -10 30 -15 -23 -29 -31 -16 -11 41 38 -8 47 -41 45 43 -43 -44 46 -1 -4 -39
right_child=1 13 16 8 7 6 17 -9 28 21 12 -13 -14 23 27 19 -18 -19 -20 -21 -22 31 -24 24 25 -27 -28 32 -30 33 -32 -33 -34 -35 -36 -37 -38 48 -40 40 -42 42 44 -45 -46 -47 -48 -49 -50
leaf_value=-0.087457463222838705 -0.050389395304902052 0.055067014809316042 -0.074628020446914037 -0.045745860922312559 0.036270104862530052 0.0031099539780923297 -0.10952572001256022 0.093876981837907242 0.20938912978660942 0.039358253218343318 -0.054403976251089996 0.0105501665671821 0.052812442219080095 0.089922669927642987 0.055433119445868019 0.02078373200837939 0.12996373641454942 0.23058636576463964 0.028060390936500659 0.1136347516716745 0.10735661308794298 0.12231577993879401 0.096898832152882808 0.067491446548211362 0.1787166114048879 0.053873867936199284 -0.025339211399514741 -0.11592172170077293 0.077881037747825219 0.056564527260006582 -0.017806560380340272 0.010370327335712103 0.01294452948449981 0.10530417400625125 -0.063134007238432446 -0.072999229133284521 0.0090939765445443906 -0.088777530879757649 0.12198977471700222 0.022094453717928415 -0.10644336497220311 -0.023734202863750969 -0.081102205801599714 -0.081314165997454696 -0.10334504025186773 -0.02495446895803664 -0.10367468519465278 -0.10173650884385968 -0.10563372026342431
leaf_weight=21.359121665358543 68.397788845002651 97.233393058180809 6.3196464180946341 199.64912722632289 247.54627777636051 19.960960913449526 1.9350954517722123 165.07071809470654 3.4820307418704024 5.4885214343667048 331.6215925514698 98.387154873460531 19.018753223121166 153.9529881477356 2.9913784787058857 184.03742618113756 3.2305038124322882 1.333072967827319 26.700464680790901 13.388102546334265 54.005735740065575 14.803369730710985 13.353171359747646 12.994735956192015 4.9132521152496329 101.21628066897392 19.550850361585617 2.7484178543090811 11.897709369659422 142.66445605456829 5.5202067196369162 4.8335267603397361 41.209911674261093 18.32364559173584 24.259289029985666 6.0335781127214432 3.2299696281552306 17.412642050534487 1.3071563467383382 5.4216532818973038 9.0215012580156326 9.4495694115757924 27.629609622061253 27.693528674542904 35.314973138272762 1.182668738067149 180.28985711932182 129.7194429077208 91.390833251178265
leaf_count=401 695 551 119 2400 1948 215 30 966 17 44 5017 1115 148 645 36 1168 19 12 179 63 293 82 131 64 24 480 98 24 53 623 24 27 336 78 371 47 32 333 22 89 164 142 503 496 661 16 3476 2632 1825
internal_value=-0.00255238 0.0253816 0.00128091 0.0186793 0.0428933 -0.0645977 -0.0472848 0.0593162 -0.0205459 -0.0338335 -0.0408411 -0.0271615 -0.0485886 0.0521099 0.036553 0.0473193 -0.091661 -0.0965339 -0.0283633 0.0270803 0.073739 0.0525172 0.040703 0.0663365 0.0484054 0.0596534 0.011726 -0.0161626 0.107655 0.0740959 0.0861936 0.094761 0.00488739 0.0621121 -0.0501186 -0.019478 -0.0944841 -0.100426 -0.0161872 -0.0964188 -0.058193 -0.0955886 -0.0835927 -0.0666653 -0.0935815 -0.101508 -0.101957 -0.100477 -0.102936
internal_weight=2688.5 1853.85 974.844 821.131 507.715 834.642 528.492 412.617 313.416 415.113 383.954 298.036 350.64 879.01 419.874 348.665 153.713 113.379 95.0983 197.426 151.239 31.159 33.3141 459.136 138.675 106.13 32.5456 71.209 15.3797 320.461 159.473 19.6369 43.9583 160.988 27.2507 11.5221 306.149 112.046 3.24225 150.482 14.4432 302.919 100.088 37.1431 62.9446 202.832 201.649 136.039 108.803
internal_count=28934 15274 10396 7373 3788 13660 7933 2914 3585 5711 5511 3515 5165 4878 2842 2075 3023 2222 874 1231 844 200 346 2036 666 504 162 767 70 1370 669 109 360 701 407 91 5727 2210 52 3004 253 5695 1802 638 1164 3893 3877 2751 2158
is_linear=0
shrinkage=0.1


Tree=10
num_leaves=48
num_cat=0
split_feature=11 11 8 6 5 11 8 0 14 13 7 12 13 9 6 11 13 15 10 10 0 0 13 0 1 0 11 0 13 13 8 0 3 15 13 5 10 5 11 5 12 10 2 0 0 0 0
split_gain=395.686 94.9067 142.361 68.1987 48.5228 42.253 33.6181 33.0578 22.4081 29.0216 21.5164 21.2218 20.5815 17.1974 14.5216 13.6434 16.2216 20.3988 12.9833 11.8296 11.5927 10.5569 10.5509 10.5342 6.29875 5.50725 4.29186 4.75622 3.35972 2.77043 2.75198 3.6304 3.25252 2.91713 6.28201 2.39333 2.35028 4.30103 2.27737 2.16753 1.72336 2.22195 0.838479 0.798941 0.537462 0.467688 0.456209
threshold=-0.34415602684020991 0.6863074302673341 0.96469175815582286 1.0000000180025095e-35 -0.42320537567138666 -0.65175706148147572 0.96469175815582286 -1.4552955031394956 1.1637797057628634 2.0226371288299565 1.0000000180025095e-35 -0.41047183424234385 3.441737294197083 -1.2321716547012327 1.0000000180025095e-35 2.1474123001098637 -0.31588008999824518 -1.0725315809249876 0.99633371829986583 0.99633371829986583 -0.70278257131576527 1.7428844571113589 0.71346721053123485 1.7428844571113589 -0.26639169454574579 -1.4552955031394956 0.42100153863430029 -0.98497489094734181 3.3418006896972661 1.4529983401298525 1.0000000180025095e-35 1.7428844571113589 -0.97726249694824208 -1.0725315809249876 0.78342285752296459 0.19450199604034427 1.0000000180025095e-35 -0.31867027282714838 -0.72096729278564442 1.0000000180025095e-35 -0.41047183424234385 -0.66859573125839222 -1.1030326187610624 2.3072690963745122 -1.0790390372276304 -1.3612313866615293 -1.6434237360954282
decision_type=2 2 2 2 2 2 2 2 2 2 2 2 2 2 2 2 2 2 2 2 2 2 2 2 2 2 2 2 2 2 2 2 2 2 2 2 2 2 2 2 2 2 2 2 2 2 2
left_child=5 2 3 4 23 28 10 -6 12 -10 11 14 -5 -13 -7 16 20 22 26 36 24 -22 -18 -2 -3 -12 45 -28 38 -19 33 32 -32 39 -35 -27 37 -8 43 -17 41 -40 -42 44 -1 -4 -38
right_child=1 15 18 8 7 6 19 -9 9 -11 25 13 -14 -15 -16 30 17 29 -20 -21 21 -23 -24 -25 -26 35 27 -29 -30 -31 31 -33 -34 34 -36 -37 46 -39 40 -41 42 -43 -44 -45 -46 -47 -48
leaf_value=-0.085429245590678243 -0.039678652599574253 0.025348746693410265 -0.072016264349612169 -0.031552643423954994 0.15262557182602524 0.031392655579031793 -0.10633523344452317 0.04500150322760222 0.12895316037659493 -0.056150131918166063 0.075124580598373292 0.043121670693839105 0.13942294548166217 -0.053808064854335251 -0.033082738443273189 0.027994751338518 0.1264914730969722 0.15635064627064021 0.10299892100993301 0.1843143101996195 0.01259608192520794 0.086070628630265156 0.029086642334095487 0.083298187955807193 0.069331321966625226 -0.098547392533856762 0.049821311343761582 -0.072928717491382758 0.0081261376721477839 0.096440527844077459 0.089013277725196849 0.12728506837459708 0.036033314437439047 0.073651987249207337 0.17300801738379307 -0.034068812479215907 -0.052165960586953136 0.13158960777328027 -0.021819331310385489 0.086391894923123533 -0.056680977693321512 -0.078925790844736221 -0.096033233004331697 -0.012893204206473963 -0.10288335468879682 -0.10082899953878166 -0.10303604170458849
leaf_weight=19.762254673987627 80.157022025436163 51.466605324298143 5.9151125214993945 286.40226242691278 30.542095981538296 91.524414096027613 1.9846577458083632 435.3962130099535 21.691264029592276 13.896707806736229 2.0511200949549666 20.473713178187609 7.218010187149047 172.72738002613187 56.494851816445589 22.610184669494632 13.239927530288695 22.910561636090279 3.4857161343097678 1.4911564663052548 263.81999654322863 21.120759554207325 69.474228896200657 7.628461778163909 88.638017412275076 52.963377602398396 3.8313165344297913 17.924208704382181 3.2519687488675109 11.640544533729551 14.055248379707335 5.7971252501010886 66.003197491168976 158.65485380589962 6.6296213120222083 6.4586913138627997 1.7954426072537888 1.2310886681079853 9.2612502798438054 8.841403663158415 6.0452646799385539 25.778088077902794 51.886447213590145 1.0347151942551125 164.45275387167931 118.37814697995782 97.407011672854424
leaf_count=401 780 320 119 3418 157 933 36 3023 166 153 17 272 31 2603 901 93 63 94 20 12 1650 100 358 45 520 884 69 329 32 49 60 24 288 650 27 101 31 16 142 36 118 496 1046 14 3478 2632 2127
internal_value=-0.00249062 0.0227013 0.00249611 0.0177775 0.0392071 -0.0618639 -0.0446044 0.0520562 -0.0182667 0.0566724 -0.0315188 -0.0217076 -0.0273496 -0.0435363 0.00678418 0.0479905 0.038707 0.0716343 -0.0877337 -0.0953167 0.0296227 0.0180423 0.0446781 -0.0289921 0.0531746 -0.0859782 -0.0922859 -0.0513115 -0.0929282 0.136166 0.0658063 0.050868 0.0453346 0.0723254 0.0776372 -0.0915391 -0.0993879 -0.0152501 -0.0941093 0.0444109 -0.0813383 -0.063832 -0.0919268 -0.100519 -0.101011 -0.0994578 -0.102115
internal_weight=2645.44 1857.37 1032.47 882.932 553.724 788.076 506.603 465.938 329.208 35.588 402.694 341.22 293.62 193.201 148.019 824.902 542.311 117.265 149.535 103.909 425.045 284.941 82.7142 87.7855 140.105 61.4732 146.049 21.7555 281.473 34.5511 282.592 85.8556 80.0584 196.736 165.284 59.4221 102.418 3.21575 278.221 31.4516 92.9711 35.0393 57.9317 185.25 184.215 124.293 99.2025
internal_count=28934 15274 10942 7773 4005 13660 7933 3180 3768 319 5711 4709 3449 2875 1834 4332 3154 564 3169 2222 2590 1750 421 825 840 1002 3149 398 5727 143 1178 372 348 806 677 985 2210 52 5695 129 1802 638 1164 3893 3879 2751 2158
is_linear=0
shrinkage=0.1


Tree=11
num_leaves=49
num_cat=0
split_feature=11 11 8 6 11 5 8 12 14 13 10 0 5 11 8 0 13 10 9 14 10 10 9 11 9 5 5 2 11 6 9 0 14 13 11 10 0 9 12 10 5 0 11 10 9 0 0 0
split_gain=335.856 77.1087 114.024 51.656 41.2832 36.3136 32.2327 26.8707 22.6939 30.8771 20.1639 19.8039 17.28 15.7346 21.5914 16.0121 15.2805 12.8158 12.6702 12.4926 9.9754 9.95134 9.92062 7.72217 7.58009 5.83747 5.51774 4.82336 6.23816 7.24454 4.50621 4.96947 3.2827 3.2226 2.4068 2.30917 3.59199 1.95718 1.7485 2.10295 1.49198 1.37527 1.30754 3.21054 0.88134 0.794236 0.574841 0.493168
threshold=-0.34415602684020991 0.47483171522617346 0.96469175815582286 1.0000000180025095e-35 -0.65175706148147572 -0.41501295566558832 0.96469175815582286 -0.41047183424234385 0.36654499173164373 1.4529983401298525 1.3293195962905886 -1.5493596196174619 0.25774736702442175 1.5091401338577273 0.96469175815582286 1.7428844571113589 3.441737294197083 0.99633371829986583 -1.3518779873847959 0.36654499173164373 0.99633371829986583 1.0000000180025095e-35 -0.99275901913642872 0.94007825851440441 -0.99275901913642872 -0.24657710641622541 -0.40321590006351465 1.0000000180025095e-35 2.3665779829025273 1.0000000180025095e-35 -1.2321716547012327 1.0000000180025095e-35 0.36654499173164373 3.3418006896972661 -0.72096729278564442 1.0000000180025095e-35 0.23785860091447833 -1.5912905931472776 -0.41047183424234385 -0.66859573125839222 0.037535509094595916 -1.7374878525733946 0.42100153863430029 0.66334784030914318 0.084597874432802214 2.3072690963745122 -1.0790390372276304 -1.3612313866615293
decision_type=2 2 2 2 2 2 2 2 2 2 2 2 2 2 2 2 2 2 2 2 2 2 2 2 2 2 2 2 2 2 2 2 2 2 2 2 2 2 2 2 2 2 2 2 2 2 2 2
left_child=4 2 3 5 33 19 10 -7 18 -10 11 22 -13 14 15 16 -3 42 -5 -2 35 -16 -6 -23 37 -17 -26 28 29 -15 40 -32 -30 34 45 36 -8 -12 39 -36 -29 -37 47 -44 -40 46 -1 -4
right_child=1 13 17 8 6 7 20 -9 9 -11 24 12 -14 27 21 25 -18 -19 -20 -21 -22 23 -24 -25 26 -27 -28 30 32 -31 31 -33 -34 -35 38 41 -38 -39 44 -41 -42 -43 43 -45 -46 -47 -48 -49
leaf_value=-0.083355117002496426 -0.043244210177644377 0.027582458093487916 -0.069366252805236867 0.045033105107546337 -0.079255851868913388 0.073242519367101896 -0.10942781206028246 0.021332432606033489 0.092980910089637756 -0.031846374881131477 0.004357187162662402 -0.051196605311571011 0.0049616512718917271 0.057169876559625632 0.20785042881883006 0.15276929501508679 0.17108509809924691 0.10021523180551882 -0.046072243126135379 0.063933947798418392 0.15169002198745263 -0.062500687603143534 0.14312523303256608 0.0014052784741147913 -0.02862520419766559 0.069997795618320965 0.090513806142718631 0.044289362593392681 0.054750865486908912 0.013446996214017185 0.085008599103712529 0.032822944565105948 0.1003043023065625 0.0072669561542063141 -0.020026043028883986 0.042368009007386284 0.10486010606678893 -0.1181091484369591 -0.075855672454841594 -0.076492177167332212 -0.010748504485365505 -0.10238702998957031 0.061369711042002111 -0.10549748003857205 -0.10172566515376608 -0.011735377369634004 -0.10212772842193139 -0.099941404164470782
leaf_weight=18.304158285260201 70.764263186603785 377.12216762453318 5.5463046394288531 16.636669877916574 2.5883033573627463 187.82916512340307 1.7657862119376653 212.57375087589025 36.049407348036766 44.00566353276372 2.3965010493993759 280.82700146734715 68.07378014177084 65.177655220031738 1.8643894344568241 13.075811721384524 7.5691629350185385 3.4164137318730345 185.13611336052418 12.850078612565992 1.6227272450923909 33.06335786357522 8.9176661521196348 44.166893355548382 4.7381281182169976 24.45733231306076 21.649100288748738 16.517345860600475 148.56490454077721 90.536068275570869 101.39732328057289 22.252249076962471 17.704550951719284 3.2717049121856681 9.0908254310488683 0.66116166114807029 1.404374051839113 2.8650717958807972 23.675685171037912 24.02952928096056 7.0181241631507865 89.764662094414234 1.785289030522107 3.2556726783514023 29.674658879637718 1.0237256139516819 149.84831374883652 108.01636563614011
leaf_count=401 746 2297 119 180 23 1148 30 1586 270 494 20 4459 964 294 21 60 31 19 2460 69 12 546 65 354 29 107 126 70 615 435 426 95 72 32 142 11 22 25 503 496 29 2147 31 68 661 14 3478 2632
internal_value=-0.00241364 0.0203411 -0.000955439 0.013349 -0.0590831 0.0331666 -0.0419374 0.0456835 -0.0206862 0.0243643 -0.0292623 -0.0359827 -0.0402396 0.0398246 0.0275066 0.0364888 0.030406 -0.0907356 -0.0385604 -0.0267728 -0.0941258 -0.0204426 0.0930999 -0.0259538 0.0472676 0.0988338 0.069121 0.0529867 0.0461314 0.0317482 0.0679834 0.0756172 0.0596014 -0.0913507 -0.0926127 -0.0983876 -0.0144987 -0.0623291 -0.079041 -0.0609934 0.0278774 -0.101329 -0.096236 -0.0464004 -0.0902451 -0.0995496 -0.100084 -0.0984481
internal_weight=2604.55 1858.35 887.865 765.845 746.193 484.017 487.274 400.403 281.828 80.0551 392.056 360.407 348.901 970.487 501.319 422.224 384.691 122.02 201.773 83.6143 95.2187 79.0946 11.506 77.2303 31.6488 37.5331 26.3872 469.168 321.983 155.714 147.185 123.65 166.269 258.919 255.647 93.596 3.17016 5.26157 86.4707 33.1204 23.5355 90.4258 118.604 5.04096 53.3503 169.176 168.152 113.563
internal_count=28934 15274 9822 6953 13660 3549 7933 2734 3404 764 5711 5511 5423 5452 3416 2495 2328 2869 2640 815 2222 921 88 900 200 167 155 2036 1416 729 620 521 687 5727 5695 2210 52 45 1802 638 99 2158 2850 99 1164 3893 3879 2751
is_linear=0
shrinkage=0.1


Tree=12
num_leaves=48
num_cat=0
split_feature=11 8 11 11 12 3 11 13 8 10 7 6 11 12 5 0 10 5 14 3 2 11 10 13 10 10 7 11 1 0 11 0 9 13 3 0 11 11 5 10 5 12 15 0 0 2 0
split_gain=285.052 62.7297 87.9757 40.0752 37.3385 36.1819 40.1539 30.99 30.7283 22.3791 19.8616 17.9347 25.5085 17.7608 17.4127 16.2385 15.8418 13.9533 13.8534 12.696 11.5785 9.81806 9.45134 8.93885 8.57727 7.83898 11.3846 5.77348 5.67008 4.68647 4.51096 4.50015 3.52037 3.08959 2.74248 4.0491 2.55827 2.5379 2.3291 2.28753 4.19902 1.7664 2.08902 1.30216 0.937651 0.936733 0.614891
threshold=-0.34415602684020991 0.96469175815582286 0.94007825851440441 -0.65175706148147572 -0.41047183424234385 1.0000000180025095e-35 0.52866187691688549 -0.31588008999824518 0.96469175815582286 1.3293195962905886 1.0000000180025095e-35 1.0000000180025095e-35 0.18645574897527697 -0.41047183424234385 -0.41501295566558832 -0.98497489094734181 0.99633371829986583 0.29444934427738195 1.1637797057628634 1.0000000180025095e-35 1.0000000180025095e-35 2.7972193956375127 0.99633371829986583 0.60353690385818493 0.99633371829986583 1.0000000180025095e-35 1.0000000180025095e-35 2.3665779829025273 1.0000000180025095e-35 -1.4552955031394956 0.42100153863430029 1.5547562241554262 0.56342315673828136 3.3418006896972661 -0.97726249694824208 -0.89091074466705311 3.4047315120697026 -0.72096729278564442 0.19450199604034427 1.0000000180025095e-35 -0.26623888313770289 -0.41047183424234385 -1.0725315809249876 -1.7374878525733946 2.4013332128524785 -1.1030326187610624 -1.0790390372276304
decision_type=2 2 2 2 2 2 2 2 2 2 2 2 2 2 2 2 2 2 2 2 2 2 2 2 2 2 2 2 2 2 2 2 2 2 2 2 2 2 2 2 2 2 2 2 2 2 2
left_child=3 4 22 33 11 6 9 17 10 -6 13 14 18 19 28 -15 -16 -7 -13 -5 -14 -8 25 -9 39 26 -3 31 -2 -12 -27 32 -4 37 36 -36 -29 44 -31 40 -10 42 -39 -41 46 -43 -1
right_child=1 2 27 8 5 7 21 23 24 -11 29 12 20 15 16 -17 -18 -19 -20 -21 -22 -23 -24 -25 -26 30 -28 34 -30 38 -32 -33 -34 -35 35 -37 -38 41 -40 43 -42 45 -44 -45 -46 -47 -48
leaf_value=-0.081228306753469148 -0.019935247442952726 0.25922337381899951 0.0032351907932461643 -0.016875521021252917 -0.038518604560500082 0.0065744900485383284 0.014110262183071282 0.13916284588158551 -0.10591857317131395 0.080148084000249656 0.061029875306037686 -0.030818073780376449 0.028566503224569485 0.030944377982814394 0.080208552122651156 -0.051527186679483021 0.031142439618558816 0.064075225520590015 0.089401645029130922 0.042994287999933795 0.082348196452020558 0.061187527291235201 0.079385439303873206 0.068991166222297007 0.12727328822553277 -0.098271248242838061 -0.10580377153645684 0.13852452158283987 0.040294194456372279 -0.096340684186584036 -0.057072540455292337 -0.094770025073407413 0.043683505058112915 0.0065030899864116729 0.10141002178187671 0.028217653719586611 0.043039621998034093 -0.10599981890521866 -0.031412079315371357 0.036728369534866669 0.1311341577521675 -0.048790483117224295 -0.044237458857677367 -0.10171941955756003 0.0045103818647733379 -0.093319702336215671 -0.10140877251291212
leaf_weight=16.974085129797459 32.066488213837147 1.6100948564708224 63.649648055434227 84.422833450138569 248.10598355531693 186.39019090682268 224.58821906149387 24.401661612093449 1.9197072014212611 16.979853227734566 2.1781987547874442 84.595025818794966 117.63120710104704 28.286188945174217 242.96088392287493 153.08271959796548 90.24338972568512 54.553568720817566 10.810149900615214 61.02314030751586 60.678552702069283 55.185241311788559 3.6408139318227759 70.895296905189753 1.7340267375111569 101.80315541476011 1.8204438127577305 6.297855466604231 30.494833588600159 46.598080933094025 35.966061759740114 3.748811647295951 32.506345294415951 3.28941686451435 9.2504704892635328 41.320047199726105 5.0606161653995514 7.0694923177361515 6.2679305449128142 0.68504380807280441 1.2234627008438099 5.2942293621599665 24.302073489874601 81.728586450219154 0.87709266692399879 43.874234292656183 136.64636661112309
leaf_count=401 228 24 420 1128 2571 1448 1219 111 38 73 17 1078 730 371 1333 2504 443 370 87 706 382 224 20 426 12 2705 38 26 214 884 643 28 198 32 39 175 21 137 101 11 14 118 501 2147 12 1046 3480
internal_value=-0.00233225 0.0182438 -0.0230809 -0.0563481 0.026417 0.0128904 -0.00302857 0.0386863 -0.0393847 -0.0309175 -0.0271485 0.0442192 0.0245382 -0.0177888 0.0578308 -0.038665 0.0669197 0.0195936 -0.0171962 0.00824339 0.0468683 0.0233962 -0.0796959 0.0869593 -0.0929127 -0.0837978 0.0655187 0.0275894 0.00942294 -0.0827198 -0.0875159 0.0127185 0.0169091 -0.0897407 0.0515794 0.0416062 0.0959825 -0.0910877 -0.0886426 -0.0973753 -0.013647 -0.0766956 -0.0581554 -0.100569 -0.0985903 -0.088525 -0.099179
internal_weight=2564.73 1857.25 306.674 707.477 1550.58 881.1 544.859 336.241 469.15 265.086 381.859 669.481 273.715 326.815 395.766 181.369 333.204 240.944 95.4052 145.446 178.31 279.773 144.841 95.297 87.2908 141.2 3.43054 161.834 62.5613 55.0442 137.769 99.9048 96.156 238.327 61.929 50.5705 11.3585 235.038 52.866 85.5568 3.14317 80.54 31.3716 82.4136 154.498 49.1685 153.62
internal_count=28934 15274 4337 13660 10937 6442 4087 2355 7933 2644 5711 4495 2277 4709 2218 2875 1776 1818 1165 1834 1112 1443 3430 537 2222 3410 62 907 442 1002 3348 646 618 5727 261 214 47 5695 985 2210 52 1802 638 2158 3893 1164 3881
is_linear=0
shrinkage=0.1


Tree=13
num_leaves=47
num_cat=0
split_feature=11 11 8 7 5 0 11 10 10 13 0 0 11 8 10 13 10 9 10 0 8 5 5 11 1 10 5 11 10 5 5 6 9 13 6 10 10 9 10 12 0 8 0 5 11 11
split_gain=243.111 66.3905 90.8009 53.7731 38.1113 32.5639 24.786 22.6662 19.3288 17.5263 17.3774 15.4175 14.6099 24.0635 15.6715 19.1418 14.0794 8.26087 7.99065 10.3044 7.36559 6.31941 9.09782 5.54756 5.38739 4.80272 4.94034 3.67819 6.80847 7.29644 4.76427 5.62848 4.33669 1.79441 1.38611 1.20986 2.91428 21.3226 1.15693 2.46093 1.12231 1.00896 0.562912 0.531952 0.699851 0.232032
threshold=-0.44028134644031519 0.30949614942073828 0.96469175815582286 1.0000000180025095e-35 -0.14564667642116544 -1.1731031537055967 -0.69405218958854664 1.3293195962905886 0.66334784030914318 3.5216865539550786 -1.4552955031394956 1.8369485735893252 1.3630297183990481 0.96469175815582286 1.3293195962905886 3.441737294197083 0.99633371829986583 -0.15481476858258245 0.66334784030914318 -1.0790390372276304 1.0000000180025095e-35 -0.37175706028938288 -0.27180972695350641 0.94007825851440441 -0.57178324460983265 1.3293195962905886 -0.33210581541061396 3.6469672918319707 0.99633371829986583 -0.304579347372055 -0.50152474641799916 1.0000000180025095e-35 0.80283579230308544 3.3418006896972661 1.0000000180025095e-35 -0.66859573125839222 -1.0015816390514372 -0.63364005088806141 1.0000000180025095e-35 -0.41047183424234385 -0.60871845483779896 0.96469175815582286 -1.3612313866615293 3.7139593362808232 -0.7517273724079131 -0.83631768822669972
decision_type=2 2 2 2 2 2 2 2 2 2 2 2 2 2 2 2 2 2 2 2 2 2 2 2 2 2 2 2 2 2 2 2 2 2 2 2 2 2 2 2 2 2 2 2 2 2
left_child=6 2 3 4 5 -2 33 9 -6 10 20 -12 13 14 15 -3 38 -16 19 -15 -8 40 -23 -20 -24 26 -5 30 29 -29 32 -32 -14 35 -30 36 41 -38 39 -4 -9 -1 -40 45 -45 -37
right_child=1 12 16 25 8 -7 7 21 -10 -11 11 -13 27 18 17 -17 -18 -19 23 -21 -22 22 24 -25 -26 -27 -28 28 34 -31 31 -33 -34 -35 -36 43 37 -39 42 -41 -42 -43 -44 44 -46 -47
leaf_value=-0.098698249072397409 0.067024609209328734 0.01984625850737487 -0.10701095447231833 -0.090197641988556551 0.062655034178629124 -0.016568739365367919 0.072822382269663352 0.0088772133091245282 0.0095324312598208949 0.29029489266769581 -0.065298754216399024 0.048769329004097257 0.10784695256273075 0.14660427413301699 0.045112793825463376 0.18843345129840752 0.092948039616506856 0.14408743074572994 -0.087339617397038716 -0.016656602319365041 -0.084684558111510488 0.20398195586205525 0.1565440581994138 -0.018638651003429121 0.0014237490572845818 0.039118173068502293 -0.044378772093415238 0.034716394326159278 -0.048148045397071237 0.097396200366032193 0.048586916909569129 0.025481757206665206 7.7108017912082314e-06 -0.017784571886917837 0.02366587696288798 -0.095043668746843238 -0.08586819410918585 0.33391875020540152 -0.066049108237092813 0.090707941103291959 -0.085878056513616338 0.010078240882435446 -0.09982312371097056 -0.10422635369369514 0.027820793286067763 -0.10406076031952166
leaf_weight=33.6269088126719 54.158578228205442 451.46412578225136 1.648706551641226 48.809429138898849 183.92053310200572 333.93935253843665 14.28812323510647 2.1327093839645386 109.13538152724504 1.4733208566904057 302.75049565732479 12.331754319369791 16.905566230416301 4.5376348905265358 17.447757720947266 6.836921051144599 4.0643540620803824 16.321502313017845 27.384374052286148 26.118156269192696 3.7477427795529357 4.3793215043842837 2.9014890976250216 20.592195652425289 9.8048030994832427 4.3710073977708808 45.440960966050625 31.829779073596001 5.5946244299411756 44.587705686688423 193.71037155389786 231.3513925075531 4.7844952940940848 3.0813174322247496 5.1726928055286407 45.41219137981534 10.866625066846607 1.3616071790456761 5.1851263344287863 1.0183306746184815 3.0200206749141243 0.87490484118461509 102.24437589943409 0.8644799031317234 0.74923989921808132 76.797627184540033
leaf_count=839 435 2910 33 691 1565 3598 121 16 897 15 6243 117 73 46 74 28 22 68 608 355 65 28 18 181 75 20 569 131 23 181 835 1043 21 30 21 1287 282 29 131 22 30 23 2994 23 18 2100
internal_value=-0.00224828 0.0137249 -0.00653554 0.00565901 0.0156512 -0.00490339 -0.0624288 -0.0473502 0.0428719 -0.0538478 -0.0553698 -0.0608343 0.0301209 0.018997 0.0272055 0.0223612 -0.0898303 0.0929496 -0.0323703 0.00750908 0.0400934 0.0504108 0.0796853 -0.0578522 0.0368456 -0.0633546 -0.068107 0.0420106 0.0607988 0.0712885 0.0383441 0.0360113 0.0840593 -0.0934164 -0.0136481 -0.0947828 -0.0810727 -0.0391251 -0.0965778 -0.0315177 -0.046659 -0.0959399 -0.098193 -0.0999569 -0.0429177 -0.10071
internal_weight=2529.04 1998.58 893.936 779.775 681.154 388.098 530.465 356.83 293.056 334.591 333.118 315.082 1104.64 570.703 492.07 458.301 114.161 33.7693 78.6324 30.6558 18.0359 22.2383 17.0856 47.9766 12.7063 98.6214 94.2504 533.937 87.1848 76.4175 446.752 425.062 21.6901 173.635 10.7673 170.554 46.73 12.2282 110.097 2.66704 5.15273 34.5018 107.43 123.824 1.61372 122.21
internal_count=28934 17575 10977 7775 6495 4033 11359 6728 2462 6561 6546 6360 6598 4270 3080 2938 3202 142 1190 401 186 167 121 789 93 1280 1260 2328 356 312 1972 1878 94 4631 44 4601 1173 311 3180 55 46 862 3125 3428 41 3387
is_linear=0
shrinkage=0.1


Tree=14
num_leaves=51
num_cat=0
split_feature=11 11 8 7 6 10 11 6 0 13 12 13 15 11 0 10 13 0 0 0 14 1 5 9 10 13 5 5 0 10 2 9 5 13 13 9 13 3 13 10 10 9 10 12 9 0 1 5 11 11
split_gain=208.252 53.6226 80.8845 45.3313 31.1485 29.9148 24.3936 20.7482 19.6521 18.6201 18.0218 12.7434 39.848 17.5287 14.6187 12.5418 11.9028 11.1693 11.0055 10.8804 10.3331 8.48689 7.76296 7.70471 6.41523 8.05473 5.3989 4.20542 5.19767 4.25823 4.1813 5.7727 5.75072 4.06279 17.6423 2.38525 1.91856 1.91509 1.78498 1.27327 2.84809 14.3531 1.16666 2.09061 1.05168 0.59225 0.585182 0.544044 0.638138 0.249096
threshold=-0.44028134644031519 0.30949614942073828 0.96469175815582286 1.0000000180025095e-35 1.0000000180025095e-35 1.0000000180025095e-35 -0.69405218958854664 1.0000000180025095e-35 -0.98497489094734181 -0.40082623064517969 -0.41047183424234385 -0.11600683256983756 -1.0725315809249876 1.3630297183990481 1.7428844571113589 0.99633371829986583 0.79341650009155285 0.33192270994186407 1.8369485735893252 -0.98497489094734181 0.36654499173164373 -0.87717476487159718 -0.44319483637809748 -1.3518779873847959 1.3293195962905886 3.7615344524383549 -0.24952637404203412 -0.33210581541061396 0.99037152528762828 1.3293195962905886 1.0000000180025095e-35 1.640780031681061 1.7504035830497744 0.56356227397918712 0.92333412170410167 -0.87305268645286549 0.48361295461654669 1.0000000180025095e-35 3.3418006896972661 -0.66859573125839222 -1.0015816390514372 -0.63364005088806141 1.0000000180025095e-35 -0.41047183424234385 1.640780031681061 -1.3612313866615293 -0.26639169454574579 3.7139593362808232 -0.7517273724079131 -0.83631768822669972
decision_type=2 2 2 2 2 2 2 2 2 2 2 2 2 2 2 2 2 2 2 2 2 2 2 2 2 2 2 2 2 2 2 2 2 2 2 2 2 2 2 2 2 2 2 2 2 2 2 2 2 2
left_child=6 2 3 4 5 -2 38 8 22 -6 20 13 16 14 19 42 17 -13 24 -3 -10 -18 46 -12 25 -9 -24 29 -29 -5 31 -15 -32 36 -35 -16 -14 -26 39 40 44 -42 43 -4 -1 -44 -8 49 -49 -41
right_child=1 11 15 27 9 -7 7 18 10 -11 23 12 33 30 35 -17 21 -19 -20 -21 -22 -23 26 -25 37 -27 -28 28 -30 -31 32 -33 -34 34 -36 -37 -38 -39 -40 47 41 -43 45 -45 -46 -47 -48 48 -50 -51
leaf_value=-0.097654695237034239 0.0083716317354896527 0.033737528376059749 -0.10633025766351595 -0.087634568587921458 -0.040863832206031014 0.060898349958266096 -0.032109914089260887 -0.081366186290345685 -0.015412597604591913 0.016023291686167673 0.035488179499769644 0.15283363192791877 0.10571458111513357 0.025177553886818263 0.12090329157925871 0.082182186818506336 -0.027275082651974952 0.024658120907338807 0.16035481816027775 -0.007203167627005189 0.094009677262648361 0.025519092742314627 0.092050917598611268 -0.074927253177923078 0.085782857932328829 0.22459104515708528 0.013650611748146652 -0.056749492243312584 0.023695863685077645 0.055151436047040925 0.053448533931109078 0.086535055038524031 -0.043035141327366966 -0.066347534564709695 0.11501872480523211 0.056757203830989283 0.16904439935550761 -0.026530119820230326 -0.016231047176319263 -0.093881729424248606 -0.084001947092253434 0.22172322977739067 -0.063354154394408668 0.074969113999028267 0.018736672473401453 -0.099088149323622587 -0.11339986205237895 -0.10380977948000272 0.024389711457934695 -0.10366091088661014
leaf_weight=30.808034989982847 272.98068962991238 82.235990082845092 1.5008741989731791 45.39089073240757 130.2857651822269 179.86329942196608 1.2731103673577306 143.48672151751816 47.266601160168648 103.04574131220579 6.8277231454849234 12.006514787673952 7.4672777503728893 288.40204414725304 7.7035292237997082 4.1331632286310187 44.990292556583881 15.673585966229437 2.0085401237010947 308.16212534345686 10.557862915098665 94.21059188246727 18.807271428406239 84.936717722564936 2.8078229688107958 0.86564901471137901 16.480316769331694 35.783420048654079 10.356162402778862 2.1893529891967765 137.58791272342205 16.194617748260498 6.4679261296987525 6.0653376430273047 46.347315058112144 23.421269241720438 13.310673907399176 3.3054976388812065 3.0408365428447715 41.573749262839556 10.039998635649679 1.812908824533223 4.8811131529510012 1.1037948206067074 0.79639014601707359 93.166304063051939 2.9090711660683146 0.78519261628389359 0.76810497418045887 69.743739452213049
leaf_count=846 2332 657 33 691 2003 1064 21 3464 794 1096 105 57 31 1281 35 22 258 71 15 2656 103 486 212 1731 22 7 185 465 114 10 584 70 27 25 193 111 56 22 30 1287 282 29 131 22 16 2994 47 23 18 2100
internal_value=-0.00216045 0.0123139 -0.00605259 0.00503077 0.0139408 0.0292345 -0.0598071 -0.0447325 -0.0225978 -0.0157409 -0.0391589 0.026949 0.047346 0.0213217 0.00667912 -0.0885438 0.020365 0.0802555 -0.0721781 0.00142085 0.00456624 0.0084558 0.0401681 -0.0667118 -0.0752822 -0.0795314 0.0554357 -0.0602045 -0.0386933 -0.0810644 0.0350788 0.0284398 0.0491165 0.108865 0.0940305 0.0726337 0.146285 0.0250548 -0.0921126 -0.0935886 -0.079044 -0.0372411 -0.0955544 -0.0295 -0.0947218 -0.0973092 -0.0886541 -0.0991886 -0.0404152 -0.100009
internal_weight=2495.83 1994.93 884.681 779.895 686.175 452.844 500.902 341.533 189.059 233.332 149.589 1110.25 240.072 870.175 421.523 104.785 166.881 27.6801 152.474 390.398 57.8245 139.201 39.4698 91.7644 150.466 144.352 35.2876 93.7198 46.1396 47.5802 448.653 304.597 144.056 73.1906 52.4127 31.1248 20.778 6.11332 159.369 156.328 43.4573 11.8529 100.652 2.60467 31.6044 98.0474 4.18218 112.871 1.5533 111.317
internal_count=28934 17575 10977 7775 6495 3396 11359 6728 3198 3099 2733 6598 1177 5421 3459 3202 872 128 3530 3313 897 744 465 1836 3515 3471 397 1280 579 701 1962 1351 611 305 218 146 87 44 4631 4601 1173 311 3180 55 862 3125 68 3428 41 3387
is_linear=0
shrinkage=0.1


Tree=15
num_leaves=47
num_cat=0
split_feature=11 8 11 12 5 11 3 11 15 13 5 5 6 0 9 15 0 12 10 11 11 9 10 5 14 9 10 0 13 11 0 11 0 0 0 9 1 13 10 10 9 8 10 5 0 11
split_gain=178.619 52.0832 74.883 32.4621 32.8554 32.3875 19.164 18.0723 17.1452 31.4183 14.5597 13.5419 13.2882 12.9417 12.0601 11.3036 11.1483 11.6259 10.8458 10.3775 10.2328 9.9024 8.01807 5.75884 5.22404 5.14741 5.44256 5.10042 5.08864 4.68257 4.7157 4.52261 3.33138 2.91935 2.69041 2.47964 2.17941 1.77098 1.33346 2.7826 10.7186 1.05869 1.00982 0.555171 0.591054 0.268002
threshold=-0.49026651680469507 0.96469175815582286 0.79396778345108043 -0.41047183424234385 0.025410749949514869 0.26335601508617407 1.0000000180025095e-35 -0.69405218958854664 -2.0839923024177547 0.42365097999572759 -0.40157741308212275 -0.43631321191787714 1.0000000180025095e-35 -1.4552955031394956 0.80283579230308544 -1.0725315809249876 -0.98497489094734181 -0.41047183424234385 0.99633371829986583 0.94007825851440441 2.7972193956375127 0.084597874432802214 -1.3345675468444822 -0.24952637404203412 0.36654499173164373 1.640780031681061 0.66334784030914318 -1.4552955031394956 0.60353690385818493 0.42100153863430029 -0.98497489094734181 1.8052061796188357 1.3666279911994936 2.0250767469406132 -1.6434237360954282 -1.3518779873847959 1.5659575462341311 3.3418006896972661 -0.66859573125839222 -1.0015816390514372 -0.63364005088806141 0.96469175815582286 1.0000000180025095e-35 3.7139593362808232 0.42598682641983038 -0.83631768822669972
decision_type=2 2 2 2 2 2 2 2 2 2 2 2 2 2 2 2 2 2 2 2 2 2 2 2 2 2 2 2 2 2 2 2 2 2 2 2 2 2 2 2 2 2 2 2 2 2
left_child=7 3 18 8 5 6 -5 37 14 11 27 -10 16 -6 19 -11 23 -18 29 -2 -7 -15 -16 -12 36 26 32 34 -26 42 -31 -28 -4 35 -9 -29 -14 38 39 41 -41 -1 -3 45 -45 -40
right_child=1 2 25 4 13 20 -8 10 9 15 12 -13 24 21 22 -17 17 -19 -20 -21 -22 -23 -24 -25 28 -27 31 33 -30 30 -32 -33 -34 -35 -36 -37 -38 -39 43 40 -42 -43 -44 44 -46 -47
leaf_value=-0.096744792093923393 -0.031210180067534468 -0.038379863336594003 0.042043453428540663 -0.052810539188070584 0.17442064768423393 0.0043504677335818925 4.457908012708137e-05 -0.070600706773254945 -0.010670373147765991 0.036610117090457445 0.10747143088365754 0.034289033458742145 -0.078146674059163312 0.047140632199352515 0.19638135039108395 0.098245821846375217 0.018395836273745952 -0.057582227791990508 0.069677414816938663 0.038065082351419186 0.048948349991663864 0.010276887190468927 0.03912191717242966 0.0074911613959062571 0.10115811945443319 0.099606615669714085 -0.02604261173996646 -0.023702161734098465 -0.040446108574524048 0.042780482069119725 -0.069127703073019173 0.016411826316100459 -0.032816689511783896 0.074130569435606766 0.092552598195924596 -0.097743040522921459 0.055097211907232817 -0.014796096063105205 -0.09268519505511047 -0.08207233191614613 0.16457525497148059 0.018922918448566944 -0.097598573254889659 0.021794376334552133 -0.10399240072196561 -0.10330164826241661
leaf_weight=28.144612172618512 83.645767956972122 2.9584871605038634 60.061292067170143 180.77677961066365 6.2694150656461707 325.20777785405517 110.54648518934846 1.7441037632524965 80.182079806923866 42.130612954497337 10.48096749186516 407.33676207438111 62.060144433751702 149.80902817100286 4.0338866114616421 101.29071627557278 34.605128116905689 48.178359132260084 4.5463535487651816 29.163360685110092 61.11606964468956 141.88145896419883 16.519380077719688 12.793187871575354 3.2375249341130248 7.0533397346734992 44.506096228957176 4.8595291264355174 11.74102754332125 4.6799687966704395 19.270656622946262 57.524706423282623 6.5976082757115355 1.0658631436526764 2.4036084003746501 65.355293164029717 1.2523334510624398 3.0041814371943465 38.078814355656505 9.2874184362590295 2.1744124516844741 0.81419500708579917 107.93747176788747 0.78600868955254444 0.71188825368881226 63.315031917765737
leaf_count=839 759 65 342 2379 35 1941 1252 20 751 279 109 3029 1603 1026 23 431 527 1024 24 126 249 1046 114 148 41 39 379 108 236 89 423 254 40 12 32 1595 32 30 1287 282 29 23 3721 21 20 2100
internal_value=-0.00207101 0.00990462 -0.0275023 0.0166798 0.00459002 -0.00757866 -0.032754 -0.0626739 0.0321121 0.038998 -0.0468418 0.0268946 -0.0316984 0.0322651 -0.000465227 0.0801401 -0.00863103 -0.0258219 -0.0822369 -0.0133012 0.0114058 0.0292097 0.0699864 0.0525149 -0.0629468 0.0159111 0.0124116 -0.0838526 -0.0098392 -0.0873586 -0.0472608 -0.00210691 0.0346341 -0.0901253 0.023947 -0.0926187 -0.0755111 -0.090783 -0.0923759 -0.076986 -0.0352811 -0.0934927 -0.0960187 -0.0984218 -0.0379869 -0.0993146
internal_weight=2461.14 2055.05 315.136 1739.91 975.607 677.647 291.323 406.094 764.303 630.94 259.777 487.519 184.349 297.96 133.362 143.421 106.058 82.7835 139.393 112.809 386.324 291.69 20.5533 23.2742 78.291 175.743 168.69 75.4284 14.9786 134.847 23.9506 102.031 66.6589 71.2807 4.14771 70.2148 63.3125 146.317 143.312 40.4206 11.4618 28.9588 110.896 102.892 1.4979 101.394
internal_count=28934 18816 5376 13440 7928 5821 3631 10118 5512 4490 5487 3780 3720 2107 1022 710 1808 1551 4322 885 2190 2072 137 257 1912 1054 1015 1767 277 4298 512 633 382 1715 52 1703 1635 4631 4601 1173 311 862 3786 3428 41 3387
is_linear=0
shrinkage=0.1


Tree=16
num_leaves=47
num_cat=0
split_feature=11 11 8 6 10 10 13 15 11 9 3 0 11 0 10 5 10 6 13 9 0 12 11 10 14 0 9 2 2 10 5 1 13 5 0 9 12 12 13 0 10 11 0 11 0 10
split_gain=153.587 45.4568 50.173 26.3716 24.8758 40.5906 18.6537 47.7011 22.7465 20.5105 18.4383 18.2168 17.8234 17.0799 14.374 13.7247 12.5778 11.8549 11.072 10.0337 8.92234 10.0057 7.2381 5.96736 4.85005 4.75483 4.55522 4.36613 5.663 4.11823 4.29114 3.96646 3.96187 3.78871 2.62532 2.46242 2.44626 2.26733 1.75204 1.39533 1.11167 3.12321 0.952569 5.23064 0.578989 0.336123
threshold=-0.49026651680469507 -0.0057948944158852092 0.96469175815582286 1.0000000180025095e-35 -1.6675534248352049 1.0000000180025095e-35 -0.31588008999824518 -1.0725315809249876 1.1823140382766726 -1.4715842604637144 1.0000000180025095e-35 1.7428844571113589 -0.69405218958854664 1.7428844571113589 -0.33560983091592783 -0.40157741308212275 1.3293195962905886 1.0000000180025095e-35 1.5029665827751162 1.640780031681061 -0.98497489094734181 -0.41047183424234385 1.4591550230979922 0.99633371829986583 0.36654499173164373 -1.4552955031394956 -0.99275901913642872 -1.1030326187610624 1.0000000180025095e-35 0.66334784030914318 1.5254402160644533 1.2605659961700442 0.60353690385818493 1.0000000180025095e-35 2.0250767469406132 -1.3518779873847959 -0.41047183424234385 -0.41047183424234385 3.3418006896972661 2.87165379524231 -0.66859573125839222 -0.7517273724079131 -1.3612313866615293 -0.11730026826262473 -1.0790390372276304 1.0000000180025095e-35
decision_type=2 2 2 2 2 2 2 2 2 2 2 2 2 2 2 2 2 2 2 2 2 2 2 2 2 2 2 2 2 2 2 2 2 2 2 2 2 2 2 2 2 2 2 2 2 2
left_child=12 2 3 4 19 -6 8 10 9 14 22 16 38 -11 -3 25 -5 20 -12 -2 26 -22 -8 42 37 36 -17 31 -29 33 -31 -10 -26 -9 35 -27 -14 -19 39 40 41 -1 43 -4 -42 -44
right_child=1 6 23 11 5 -7 7 29 27 13 18 -13 15 -15 -16 17 -18 24 -20 -21 21 -23 -24 -25 32 34 -28 28 -30 30 -32 -33 -34 -35 -36 -37 -38 -39 -40 -41 44 -43 45 -45 -46 -47
leaf_value=-0.099339966162539844 0.12401447056917532 0.0020252088601668298 -0.10363466801219462 -0.043249544582719783 -0.024844205572427374 0.04551325658217345 -0.020559423902799634 0.12900999357124893 0.065404195933382578 -0.012019032740775063 0.085297243115639021 0.15360073221536907 -0.067539795043496831 0.057449092015553184 0.12340263404791947 -0.037319903164966799 0.064831672595964479 -0.049869126768811681 0.01148226039202779 -0.0083017276436331052 0.016309669264662395 -0.054644126653528337 0.030139477250419558 0.047581871758574867 0.084080599121213573 -0.021811742426053389 0.068245338333296782 0.015703130571054359 0.039111670565999256 0.059249228753702921 0.15998953240094105 0.0018496569633279132 -0.037753477879824165 0.080492008855666167 0.062867703074438827 -0.096556230219304096 0.086087300372465064 -0.089583314180716495 -0.013473433100843988 0.06714780931411006 -0.076107683880005744 -0.03939687036321235 -0.059659984411976667 0.21838812294178839 -0.10049716657240421 -0.099778344874899838
leaf_weight=23.541859803721309 26.171141467988491 17.932379342615604 2.7126747630536561 184.90936102345586 195.32158258929849 141.3307171240449 110.76918264850974 38.771082252264023 49.324478954076767 476.32909645326436 44.305265732109547 5.148306217044591 1.8019452635198829 38.233705565333366 21.399996062740684 5.2149168252944973 11.432952597737311 24.644439902156591 37.536947585642338 7.3379879295825949 35.100432638078928 45.817234935238957 37.758629813790321 3.0181064903736106 3.4904949292540541 4.7581575606018296 18.908869370818138 280.16627497226 163.75087311118841 40.57350155711174 4.7202104330062857 12.260979555547236 11.342048928141592 27.518319830298424 1.1275201700627793 59.826281003654003 2.4400174822658292 34.49981432966888 2.9710100069642058 0.55463037639856239 11.034884531050919 13.779801584780214 2.1565020345151416 0.61962330341339011 82.527616472914815 66.120260441675782
leaf_count=764 142 124 88 3051 2176 928 749 164 222 5060 226 33 23 193 209 61 56 628 225 37 527 1024 157 16 41 108 196 1285 717 172 20 55 236 116 12 1595 29 1007 30 8 375 405 48 17 3049 2530
internal_value=-0.00197842 0.0088977 -0.0130423 -0.00297515 0.0128714 0.00469271 0.0190161 0.0393235 0.0124612 -0.0015371 0.0133299 -0.0320871 -0.0600674 -0.00685732 0.0680644 -0.0442251 -0.036956 -0.0295482 0.051442 0.0950392 -0.00795252 -0.0238658 -0.00767079 -0.0901579 -0.0602124 -0.0817845 0.045425 0.0277996 0.024338 0.0929889 0.0697477 0.0527512 -0.00908266 0.108869 -0.0884086 -0.0910495 0.020828 -0.0730351 -0.0894127 -0.0911292 -0.0918 -0.0772079 -0.0959632 -0.0437562 -0.0976206 -0.0985112
internal_weight=2431.01 2047.63 646.279 571.652 370.161 336.652 1401.35 341.953 1059.4 553.895 230.37 201.491 383.382 514.563 39.3324 248.972 196.342 179.018 81.8422 33.5091 105.041 80.9177 148.528 74.6272 73.9768 69.9539 24.1238 505.503 443.917 111.583 45.2937 61.5855 14.8325 66.2894 65.712 64.5844 4.24196 59.1443 134.41 131.439 130.884 37.3217 71.6091 3.3323 93.5625 68.2768
internal_count=28934 18816 9122 6423 3283 3104 9694 1829 7865 5586 1357 3140 10118 5253 333 5487 3107 3720 451 179 1808 1551 906 2699 1912 1767 257 2279 2002 472 192 277 277 280 1715 1703 52 1635 4631 4601 4593 1169 2683 105 3424 2578
is_linear=0
shrinkage=0.1


Tree=17
num_leaves=44
num_cat=0
split_feature=11 8 11 0 0 11 5 8 11 5 10 13 11 10 10 12 5 9 5 4 5 0 5 13 3 0 9 5 11 11 9 0 0 9 0 13 10 10 11 9 5 11 12
split_gain=131.889 39.8076 42.6263 33.57 29.9959 33.62 35.793 21.7743 17.4386 12.8823 11.0897 13.1422 10.5818 10.2392 9.4569 8.03721 7.72989 7.07477 6.80346 6.16628 6.12835 5.69981 4.64432 5.12869 4.5716 4.42739 3.99846 3.3854 3.16127 2.96269 2.94464 2.72973 2.37875 2.50791 1.95973 1.7258 1.47541 2.93639 10.0029 1.1565 0.62422 0.799029 0.319407
threshold=-0.49026651680469507 1.0000000180025095e-35 0.52866187691688549 -1.4552955031394956 1.7428844571113589 1.0015984773635866 -0.14564667642116544 0.96469175815582286 -0.69405218958854664 -0.40157741308212275 1.3293195962905886 3.5216865539550786 1.87826144695282 0.99633371829986583 0.66334784030914318 -0.41047183424234385 0.91477829217910778 0.084597874432802214 1.1384309530258181 1.0000000180025095e-35 -0.41370218992233271 1.6488203406333926 -0.44516101479530329 1.8627384305000307 1.0000000180025095e-35 -1.4552955031394956 -0.63364005088806141 -0.32587960362434382 2.7972193956375127 0.42100153863430029 -0.27452109009027476 -0.13839785382151601 2.0250767469406132 -1.2321716547012327 -1.6434237360954282 3.3418006896972661 -0.66859573125839222 -1.0015816390514372 -0.7517273724079131 1.640780031681061 3.7139593362808232 -0.74403735995292652 -0.41047183424234385
decision_type=2 2 2 2 2 2 2 2 2 2 2 2 2 2 2 2 2 2 2 2 2 2 2 2 2 2 2 2 2 2 2 2 2 2 2 2 2 2 2 2 2 2 2
left_child=8 3 7 22 5 6 -5 15 35 25 11 14 18 29 -11 16 -3 -7 -6 20 28 -22 -2 27 -17 34 -12 -24 -4 -9 -14 -28 33 -27 -10 36 37 39 -39 -1 42 -42 -38
right_child=1 2 19 4 12 17 -8 13 9 10 26 -13 30 -15 -16 24 -18 -19 -20 -21 21 -23 23 -25 -26 32 31 -29 -30 -31 -32 -33 -34 -35 -36 -37 40 38 -40 -41 41 -43 -44
leaf_value=-0.094887735173611099 -0.069910548495846117 0.0017835332431710843 -0.031642645947388422 -0.018494978348201654 0.08051885228179699 0.042991157796201385 0.02121808485820724 -0.094364592319702859 -0.066261257397611781 -0.020624018194146998 -0.029769236608052585 0.29556493988492022 -0.080419670390062981 0.065429625438822109 -0.072980936099678817 -0.05975948373693829 0.14006126252714804 0.017959981643837424 0.0054295780238348395 0.133658403999912 0.010940986931891768 0.070694703474244239 0.1214978492975005 -0.019029531865577223 0.00050993181405004008 -0.032130741990396526 0.033970868677599776 0.07506482177300966 0.025860982181102173 -0.031542249773348373 0.022123229360784709 0.14308276256319535 0.053850522237088416 -0.09680242016389011 0.072035107640044421 -0.01225667772147622 -0.089890297456715743 -0.09065672133421987 0.12647637934639408 0.034432551036497595 -0.10302086974633834 0.05254657117702214 -0.10264862665682387
leaf_weight=24.06125653162599 1.9555779360234726 32.532423559576273 47.885970368981361 564.3865162730217 92.04262101650238 228.95459017157555 379.59228829666972 95.08755392767489 1.6770817115902898 109.77044257521629 3.4608216285705558 1.196585327386855 5.8624672144651413 4.4553432762622824 50.309882149100304 39.590967085212469 4.6163308694958678 222.7877588570118 13.886775143444536 3.9453100673854342 165.91222769021988 17.663089368492365 25.819272514432669 4.3351494632661334 18.451041590422392 6.7664656173437825 4.0300192274153224 40.071685574948788 11.94508984684944 8.1502859033644182 5.3614999502897245 5.3191461265087119 1.181550770998 52.681663077324629 2.6338552068918935 2.9410070106387129 31.109503366053104 7.3103027679026127 2.9891800004988891 0.71199825406074424 0.69126216694712639 0.63203068077564128 53.143275558948517
leaf_count=846 20 228 349 6128 457 1006 3252 3786 20 2303 37 10 24 23 1308 397 31 991 69 29 1124 84 149 31 159 166 26 217 50 190 22 36 12 1537 32 30 1230 240 71 16 25 16 2157
internal_value=-0.00188351 0.00801565 -0.0182248 0.0154693 0.0122905 0.00821095 -0.00252558 -0.0521993 -0.0574454 -0.0416765 -0.0274975 -0.0346107 0.0608922 -0.0829994 -0.0370787 -0.0173539 0.0189668 0.0306464 0.0706751 0.00964185 0.0076317 0.0166903 0.0820949 0.0863278 -0.0406004 -0.0796865 0.0620575 0.0932595 -0.0201622 -0.089405 -0.0314367 0.0960494 -0.0866489 -0.0894414 0.0182337 -0.0879429 -0.0897879 -0.0725141 -0.027639 -0.091171 -0.0968674 -0.0287188 -0.0979377
internal_weight=2397.91 2035.29 450.236 1585.06 1512.87 1395.72 943.979 202.884 362.617 239.028 174.087 161.277 117.153 107.693 160.08 95.1908 37.1488 451.742 105.929 247.352 243.406 183.575 72.1817 70.2261 58.042 64.9406 12.81 65.891 59.8311 103.238 11.224 9.34917 60.6297 59.4481 4.31094 123.59 120.649 35.0727 10.2995 24.7733 85.5761 1.32329 84.2528
internal_count=28934 18816 6450 12366 11949 11377 9380 4814 10118 5487 3720 3621 572 3999 3611 815 259 1997 526 1636 1607 1208 417 397 556 1767 99 366 399 3976 46 62 1715 1703 52 4631 4601 1173 311 862 3428 41 3387
is_linear=0
shrinkage=0.1


Tree=18
num_leaves=51
num_cat=0
split_feature=11 13 15 11 8 10 10 10 13 11 13 6 5 3 8 10 0 11 11 0 0 10 0 10 6 9 5 10 3 5 0 10 9 11 13 14 10 9 11 13 10 10 9 3 8 0 0 13 10 0
split_gain=113.595 32.8053 68.1138 45.3267 29.3158 27.2814 157.101 29.6205 25.4412 21.2362 19.488 16.1994 14.7637 14.4254 12.442 15.2938 10.8204 14.5069 14.2342 11.6228 10.5473 9.66887 7.68697 7.61196 6.24004 5.98932 5.65748 5.54887 5.52574 4.8957 4.61482 4.44594 4.00841 3.98575 3.56192 3.16951 2.68773 5.13254 2.10377 1.69585 1.5396 2.8443 8.62245 1.49407 1.2021 0.782459 0.678863 2.0263 0.457438 0.425595
threshold=-0.44028134644031519 -0.11600683256983756 -1.0725315809249876 0.20183579623699191 0.96469175815582286 1.0000000180025095e-35 0.66334784030914318 -1.6675534248352049 0.60353690385818493 -0.69405218958854664 3.3418006896972661 1.0000000180025095e-35 -0.44319483637809748 1.0000000180025095e-35 1.0000000180025095e-35 1.0000000180025095e-35 -0.98497489094734181 0.27873605489730841 2.0397518873214726 1.7428844571113589 0.61411505937576305 0.99633371829986583 1.8369485735893252 0.99633371829986583 1.0000000180025095e-35 0.20430419594049457 1.4348321557044985 1.3293195962905886 1.0000000180025095e-35 -0.11320475116372107 1.9310126900672915 -1.6675534248352049 0.56342315673828136 5.5117986202239999 0.56356227397918712 0.76516234874725353 -0.66859573125839222 1.4013673663139345 0.23259590566158297 3.3418006896972661 -0.66859573125839222 -1.0015816390514372 -0.63364005088806141 1.0000000180025095e-35 0.96469175815582286 -1.3612313866615293 -1.0790390372276304 0.79341650009155285 1.3293195962905886 -1.4552955031394956
decision_type=2 2 2 2 2 2 2 2 2 2 2 2 2 2 2 2 2 2 2 2 2 2 2 2 2 2 2 2 2 2 2 2 2 2 2 2 2 2 2 2 2 2 2 2 2 2 2 2 2 2
left_child=9 3 8 4 5 7 -7 -2 20 39 13 12 35 -10 15 -14 17 24 19 -18 26 45 27 -12 -5 -19 -3 28 -13 36 -22 -31 -16 -20 -33 49 38 -38 -4 40 41 44 -43 -29 -1 -6 47 -42 -48 -11
right_child=1 2 29 16 21 6 -8 -9 10 11 23 22 14 -15 32 -17 18 25 33 -21 30 -23 -24 -25 -26 -27 -28 43 -30 31 -32 34 -34 -35 -36 -37 37 -39 -40 -41 46 42 -44 -45 -46 -47 48 -49 -50 -51
leaf_value=-0.093932803367657372 0.042735632201217226 0.11376405503031678 0.1413606602040553 0.22527219396878692 -0.048019308547861295 0.23173227781425909 -0.029650465390080285 -0.046665917613350788 -0.032470945338213146 -0.040719163416042724 0.11717960229526499 -0.087073630086080531 -0.01762557528585643 0.016281344267874757 -0.085270080267559695 0.055721062858218796 -0.0050031605486554271 0.011732078922269996 0.033620420320087309 0.047891983381032087 -0.025970131162302942 0.072967332943815216 0.12424703475886728 0.00054602386291816571 0.040143187494777743 0.049601111690512116 -0.011256482618554716 0.079605401561758785 -0.039954849666892313 -0.0099283060784536789 0.072350720902809432 0.10192635276106028 0.0045827056145074591 -0.017767903523270932 0.054574293969122584 0.077606122747685399 0.091717980568004176 -0.0060032868385684907 0.088796845254898074 -0.011139401641162405 -0.090132313036367345 -0.077114620516956126 0.14165042878252626 -0.020620323299585786 0.038896103082553771 -0.095937460797946669 -0.10088011006747383 0.041079350959575531 -0.050919465234136943 -0.10480979221951779
leaf_weight=22.037158684805039 43.94952380284667 30.899907354265451 17.663447201251987 5.5782779362052661 3.6061955485492936 28.432765267789364 120.22434217855334 236.40151752717793 177.75055116415024 1.0937569439411223 16.199841879308227 76.906776204705238 78.789006784558296 92.160990938544273 21.77581151761115 44.476682590320706 494.81043724901974 90.186177773401141 200.75147558748722 45.348484585061669 13.352121122181417 3.6947805136442176 2.1416660919785491 8.5483352392911893 2.7029047515243292 77.787579014897346 4.0998548194766036 2.8413647376000872 36.796986008062959 7.9087790697813025 7.4303847402334204 22.76701632142067 6.4312025122344485 16.320202484726906 52.558193624019623 1.0382470581680525 60.867457643151283 5.8952650576829901 13.38339142501354 2.9138829559087744 7.9999630600213987 7.7045408338308334 2.3515728227794153 3.1211665160953999 0.70306325517594714 61.909870192408562 66.792325299233198 1.3799726907163856 1.8843386769294728 19.659940576180816
leaf_count=839 383 161 77 39 124 204 1406 3155 1509 8 76 2420 1445 669 521 535 3917 548 827 207 69 19 15 38 56 478 21 22 1051 34 32 98 129 67 225 13 262 25 59 30 325 282 29 22 23 2790 2994 50 59 547
internal_value=-0.00178601 0.00820051 0.0294169 0.000324436 -0.0240309 -0.0142878 0.0203427 -0.0326508 0.00368598 -0.0497399 -0.00803729 -0.0355883 -0.0159426 -0.0158245 -0.00487062 0.00883933 0.0133233 0.035639 0.00812908 -0.000562403 0.065612 -0.0844238 -0.0635332 0.0768929 0.164848 0.029269 0.0991192 -0.0668939 -0.071825 0.0792237 0.0091826 0.0613976 -0.0647836 0.0297569 0.0688864 -0.0929021 0.0943933 0.083089 0.118702 -0.0864443 -0.0884237 -0.0702425 -0.0259575 0.0271409 -0.0898261 -0.0932999 -0.0960628 -0.0708285 -0.0995093 -0.101432
internal_weight=2372.03 1963.19 531.486 1431.7 498.219 429.008 148.657 280.351 350.442 408.839 294.66 295.073 173.265 269.912 151.473 123.266 933.486 176.255 757.231 540.159 55.7823 69.2108 121.808 24.7482 8.28118 167.974 34.9998 119.666 113.704 181.044 20.7825 83.234 28.207 217.072 75.3252 21.7919 97.8096 66.7627 31.0468 113.767 110.853 32.7963 10.0561 5.96253 22.7402 65.5161 78.0566 9.37994 68.6767 20.7537
internal_count=28934 17575 3355 14220 8081 5148 1610 3538 2575 11359 2292 6728 3198 2178 2630 1980 6139 1121 5018 4124 283 2933 3530 114 95 1026 182 3515 3471 780 101 357 650 894 323 568 423 287 136 4631 4601 1173 311 44 862 2914 3428 375 3053 555
is_linear=0
shrinkage=0.1


Tree=19
num_leaves=50
num_cat=0
split_feature=11 6 10 11 13 9 15 15 10 15 11 5 11 8 9 10 9 2 10 13 15 10 0 13 13 11 11 9 1 5 0 3 13 11 10 9 1 11 9 13 10 0 13 9 9 9 0 11 10
split_gain=97.5436 31.5646 41.8304 41.3744 33.3245 30.8746 30.4468 29.6549 24.9907 22.268 18.3425 16.4035 14.5724 14.0854 14.7767 12.1352 21.8116 9.03053 10.1328 8.94804 19.165 11.3534 8.33269 8.17517 7.81245 7.19733 7.16923 6.90805 6.65103 6.59248 6.47303 6.46016 5.31785 5.23967 4.49468 4.45326 4.38013 3.99743 2.20758 2.18181 2.13888 1.70634 1.02071 2.20341 1.20962 0.531964 0.524996 2.81779 0.748376
threshold=-0.5171816051006316 1.0000000180025095e-35 -1.6675534248352049 0.45560665428638464 0.10885059088468553 0.084597874432802214 1.0000000180025095e-35 -1.0725315809249876 1.0000000180025095e-35 -2.0839923024177547 0.59018209576606762 0.30985106527805334 -0.72096729278564442 0.96469175815582286 -1.3518779873847959 -1.6675534248352049 0.56342315673828136 1.0000000180025095e-35 -1.0015816390514372 -0.40082623064517969 -1.0725315809249876 -1.6675534248352049 2.3072690963745122 0.58354958891868602 2.4023963212966923 2.2627626657485966 -0.59792688488960255 0.56342315673828136 1.5659575462341311 1.0225903391838076 -1.5493596196174619 1.7028107047080996 0.51359397172927868 -0.57485678791999806 -1.3345675468444822 1.4013673663139345 1.5659575462341311 -0.59408184885978688 -0.63364005088806141 3.3817752599716191 1.0000000180025095e-35 2.7775896787643437 3.161914706230164 0.32401050627231603 -1.4715842604637144 0.44371683895587927 -1.0790390372276304 -0.74403735995292652 1.3293195962905886
decision_type=2 2 2 2 2 2 2 2 2 2 2 2 2 2 2 2 2 2 2 2 2 2 2 2 2 2 2 2 2 2 2 2 2 2 2 2 2 2 2 2 2 2 2 2 2 2 2 2 2
left_child=12 2 22 6 5 8 7 11 -4 31 -7 -3 41 14 -8 16 25 18 -17 21 28 35 24 26 29 -5 -22 -9 39 -2 38 -6 -11 -25 -32 37 -19 -14 -23 -21 -15 42 46 44 -44 -24 47 -1 -48
right_child=1 3 4 15 9 10 13 27 -10 32 -12 -13 19 40 -16 17 -18 36 -20 20 23 30 45 33 -26 -27 -28 -29 -30 -31 34 -33 -34 -35 -36 -37 -38 -39 -40 -41 -42 -43 43 -45 -46 -47 48 -49 -50
leaf_value=-0.091209201440152834 0.11627517175005903 -0.042400446578814338 0.0021124633666579867 -0.071986499053447853 -8.3454158511722185e-05 -0.03965983906201978 0.053030491043568578 0.058201259657231136 0.05395688239141444 0.10744115318819206 0.0047038996866657643 0.058404591760268625 0.0021227542236454621 0.13035125109071899 -0.047966131488574523 0.093405603355786029 0.1869178799102662 0.040378028897047336 0.0030545043293526549 -0.057264814311813551 0.071165148859962432 -0.053155734048318838 -0.034566504716631336 0.081993257504175784 -0.020316384455520798 0.0040360226622969311 0.27901282760266133 0.16278658110804448 0.22121236105092792 0.024389517749261985 -0.097870665249923217 0.11071376521063958 0.056807162963430295 -0.074598262094907983 -0.055375514142573225 -0.1113795033592741 -0.069249471525239803 0.11979560754485588 0.087521887349614538 0.097001402324070937 -0.094628987820200156 0.10270219687643367 0.049307564479184079 0.085293192846597463 -0.10482425562724103 0.015175336396203691 -0.098027008518827702 0.079396098673597149 -0.016988265151750736
leaf_weight=8.5114941801875812 61.078717365860939 84.019388411194086 267.32645259611309 38.407480582594872 100.95822416245937 205.43517852015793 15.85556375235319 29.859761148691177 142.55873935110867 24.187941215932369 170.58345787972212 19.981524750590324 6.0909977443516246 0.42531891725957294 167.77404501661658 12.96286530792713 4.2736436426639548 137.46082622557878 292.42412860691547 33.403304247185588 3.4604978822171688 1.5765705965459345 4.0424478352069837 5.9257750175893298 5.3988047614693633 18.428761422634125 3.1886902563273898 8.0097074732184392 0.90770843252539535 8.9527497887611371 32.47737867385149 5.5518041327595702 145.59588408842683 3.3418964967131606 106.53516590967774 1.7951067872345454 3.7438435517251483 5.4879335425794098 3.8142266962677231 0.94267645850777526 65.355582565069199 0.45685412734746833 0.60288314893841732 1.0048547107726333 3.2756264675408597 4.5926060974597931 70.128021191805601 1.0923509839922179 1.1583766173571337
leaf_count=344 301 1247 2241 238 549 2484 197 136 1298 107 846 234 97 12 2947 70 22 792 1824 761 27 22 18 48 29 75 22 37 16 43 969 29 665 23 3331 23 19 68 47 9 3068 6 6 11 117 22 3356 40 41
internal_value=-0.00172113 0.00603458 0.0170363 -0.00799337 0.0116622 0.00115997 -0.0324305 0.00455558 0.020144 0.0415351 -0.0195339 -0.0230329 -0.0554593 -0.053469 -0.0392455 0.0108401 -0.0309544 0.0165591 0.00688967 -0.0411856 -0.00484792 -0.0529707 0.0849407 0.086231 0.095593 -0.0473367 0.170841 0.0803219 -0.0459696 0.104529 -0.0611343 0.00569182 0.0640206 0.0255268 -0.0653036 0.0351743 0.0374714 0.0578948 0.0463799 -0.0530307 -0.0931743 -0.0900462 -0.0910729 -0.046675 -0.0808657 -0.008111 -0.0937532 -0.0718044 -0.0967102
internal_weight=2340.42 2045.25 1146.26 898.982 1062.2 785.904 391.281 141.87 409.885 276.294 376.019 104.001 295.178 249.411 183.63 507.702 61.1099 446.592 305.387 208.948 51.1705 157.777 84.0653 15.9169 75.4303 56.8362 6.64919 37.8695 35.2537 70.0315 144.403 106.51 169.784 9.26767 139.013 13.374 141.205 11.5789 5.3908 34.346 65.7809 86.2305 85.7736 4.88336 3.87851 8.63505 80.8902 9.60385 71.2864
internal_count=28934 19550 8632 10918 8219 6869 7878 1654 3539 1350 3330 1481 9384 6224 3144 3040 335 2705 1894 5463 906 4557 413 120 373 313 49 173 786 344 4369 578 772 71 4300 188 811 165 69 770 3080 3921 3915 134 123 40 3781 384 3397
is_linear=0
shrinkage=0.1


Tree=20
num_leaves=52
num_cat=0
split_feature=11 8 11 7 11 8 1 5 1 0 11 11 8 9 10 10 10 10 9 9 10 1 0 10 11 12 5 10 14 10 4 11 2 5 3 5 11 10 10 1 6 0 13 11 8 9 14 11 12 5 13
split_gain=83.8061 28.6698 29.4269 25.1818 27.4519 21.4802 19.6016 19.7314 19.5843 16.6701 14.5134 13.8819 9.69019 8.91072 11.1208 42.0679 8.83946 8.56091 8.55938 7.22396 6.84817 8.68455 6.59423 6.4059 7.84881 6.06601 6.81948 5.75023 5.64312 5.33486 5.19249 5.17123 4.67419 6.11235 4.43437 4.31977 4.11278 3.559 2.58068 2.13084 3.46251 1.8552 1.03107 2.1734 7.79025 0.795025 0.557287 4.02497 0.681264 0.445853 0.00473335
threshold=-0.51333659887313832 1.0000000180025095e-35 0.59018209576606762 1.0000000180025095e-35 1.5091401338577273 0.96469175815582286 -0.26639169454574579 -0.44516101479530329 -1.1825662851333616 -1.0790390372276304 -0.72096729278564442 0.71706750988960277 1.0000000180025095e-35 0.084597874432802214 1.0000000180025095e-35 0.66334784030914318 0.99633371829986583 -1.6675534248352049 -1.3518779873847959 1.4013673663139345 0.99633371829986583 -0.87717476487159718 -1.5493596196174619 1.0000000180025095e-35 0.42100153863430029 -0.41047183424234385 0.91477829217910778 -0.66859573125839222 1.5623970627784731 -0.33560983091592783 1.0000000180025095e-35 0.85164296627044689 -1.1030326187610624 0.58953979611396801 1.0000000180025095e-35 -0.43500243127346033 2.1474123001098637 0.99633371829986583 0.66334784030914318 1.5659575462341311 -1.0000000180025095e-35 2.9657179117202763 3.161914706230164 -0.89783787727355946 0.96469175815582286 0.56342315673828136 0.76516234874725353 -0.7517273724079131 -0.41047183424234385 -0.29704232513904566 4.1712746620178232
decision_type=2 2 2 2 2 2 2 2 2 2 2 2 2 2 2 2 2 2 2 2 2 2 2 2 2 2 2 2 2 2 2 2 2 2 2 2 2 2 2 2 2 2 2 2 2 2 2 2 2 2 2
left_child=10 3 5 6 23 25 8 31 18 -9 41 -10 13 14 28 -16 38 19 -2 -15 39 -22 -19 27 -25 26 -3 -5 -12 36 32 -8 33 -4 -27 -34 -6 -31 -7 45 -41 42 46 50 -45 -14 48 -48 -1 -23 -44
right_child=1 2 30 4 29 16 7 9 11 -11 12 -13 20 17 15 -17 -18 22 -20 -21 21 49 -24 24 -26 34 -28 -29 -30 37 -32 -33 35 -35 -36 -37 -38 -39 -40 40 -42 -43 43 44 -46 -47 47 -49 -50 -51 -52
leaf_value=-0.081165055857665647 0.094498496342833263 0.0014901953805789758 0.022828363609348562 -0.029902028555033051 -0.085054950603079063 -0.064114629387644381 -0.083416676560319744 0.057946558491918702 -0.036459435249856273 0.02123084610904899 -0.039326934385819315 0.0086712499033333428 -0.10097448416721276 0.084050568439362372 0.23792929110817207 -0.026301275104535289 0.056719264283613992 0.10839610546334009 0.019456053301140253 -0.11138612865946072 0.20758669798560489 -0.026004285918668071 -0.069372295086023869 -0.044088965089268316 0.039698999320655487 -0.052707892241584266 0.1262873710228504 -0.079576662903597606 0.13062272920118806 0.070852556323913879 0.1183320462872193 -0.0021969441824267692 -0.03179344862215825 0.15341112699393927 0.0055935251547228233 0.0055820941807597424 0.032055995880708697 -0.0074200095503885099 -0.098955765236807769 -0.10300648310217786 0.20422930534359085 0.12326202017402339 -0.10339389157831987 -0.10319567100252405 0.29658272546491843 -0.070969731922474716 -0.10252191728738358 0.14245490767055299 -0.1020815096091011 -0.11026614996694502 -0.11246452914168026
leaf_weight=23.569074027240276 17.289823174476624 33.270305184647441 24.684016294777397 39.655260203406215 5.2257934361696226 33.297974308952689 20.109783140942454 146.56082270294428 158.17780858837068 791.46013605035841 47.327894499525428 119.75804207473993 31.455412935465574 7.5712044071406108 8.2214133162051457 22.557624300941825 4.5303414463996878 2.1565775629132977 125.71846339851618 2.5210876017808914 1.8435443621128795 1.0569873042404652 64.376016041263938 31.871056729927659 17.220812328159809 39.079802686348557 5.0422729328274718 56.512619663029909 2.0379228424280873 33.741867810487747 4.0441637784242621 12.847293004393576 37.673432547599077 4.1935463398694983 19.583344779908657 172.58570662140846 7.0366128236055374 7.0172096490859976 58.801694633439183 0.85530351847410202 0.64226423390209564 0.41050051525235076 0.91899195872247252 1.490765837952494 0.72422966174781311 12.277653377503155 3.7762939762324095 0.81551099568605323 45.892439598217607 1.5470760911703101 1.5382703095674513
leaf_count=1170 127 238 159 496 22 1348 290 912 1829 5942 1127 564 1191 131 128 501 23 20 1008 34 33 17 1809 462 108 424 33 741 29 140 26 59 231 25 172 1090 29 29 2898 32 20 4 41 69 7 485 180 34 2399 31 17
internal_value=-0.00164604 0.00549944 -0.0171929 0.0117324 -0.021609 -0.0462828 0.0164819 0.0242954 -0.00154124 0.0269675 -0.0523625 -0.0170134 -0.0384053 -0.0262094 -0.00289777 0.0442776 -0.0796512 -0.0505919 0.0285287 0.0352298 -0.0768918 0.0415097 -0.0636101 -0.0440891 -0.0146972 -0.0130334 0.0179146 -0.0590931 -0.0323111 0.0399784 0.00596678 -0.0517557 0.00406652 0.0417914 -0.0332453 -0.00111471 -0.0178524 0.0573769 -0.0863592 -0.0885344 0.0287582 -0.0887737 -0.0898793 -0.0443181 0.0275185 -0.0925509 -0.0927539 -0.0590137 -0.0949843 -0.0760643 -0.109072
internal_weight=2312.57 2026.99 436.787 1590.2 198.281 193.606 1391.92 970.978 420.944 938.021 285.584 277.936 206.448 156.77 80.1449 30.779 96.63 76.6249 143.008 10.0923 49.6782 4.44761 66.5326 145.26 49.0919 96.9757 38.3126 96.1679 49.3658 53.0215 243.181 32.9571 239.137 28.8776 58.6631 210.259 12.2624 40.7591 92.0997 45.2306 1.49757 79.1361 78.7256 4.67226 2.215 43.7331 74.0533 4.5918 69.4615 2.60406 2.45726
internal_count=28934 19425 6667 12758 2027 5136 10731 7203 3528 6854 9509 2393 5588 3779 1785 629 4269 1994 1135 165 1809 81 1829 1807 570 867 271 1237 1156 220 1531 349 1505 184 596 1321 51 169 4246 1728 52 3921 3917 134 76 1676 3783 214 3569 48 58
is_linear=0
shrinkage=0.1


Tree=21
num_leaves=56
num_cat=0
split_feature=11 11 13 15 11 5 6 8 13 13 9 12 6 9 0 10 5 0 10 9 10 0 14 10 9 10 11 9 1 10 10 12 0 0 1 5 10 11 11 5 9 9 10 10 9 0 14 9 13 5 0 14 5 5 10
split_gain=72.1431 23.337 19.8371 42.5324 24.3417 23.4154 18.6184 18.1107 17.4267 15.5727 14.5613 12.7575 12.119 11.6095 10.8457 10.8045 10.6075 10.2958 9.21854 7.98506 10.0725 7.81095 7.80955 7.60987 28.6419 23.8295 9.40908 10.4798 7.61023 7.18571 6.42794 5.26256 4.83481 4.70761 4.0699 4.0507 3.80764 3.83471 4.2502 3.23935 3.75736 3.47103 1.96958 4.03535 9.29814 1.5568 1.41618 1.36318 1.14281 4.13146 0.997439 0.976951 0.759418 0.893791 0.400279
threshold=-0.34415602684020991 -0.69405218958854664 -0.30588643252849573 -1.0725315809249876 0.20183579623699191 -0.36225387454032892 1.0000000180025095e-35 0.96469175815582286 0.60353690385818493 3.3418006896972661 0.084597874432802214 0.24178354069590571 1.0000000180025095e-35 0.68312945961952221 1.5547562241554262 0.99633371829986583 -0.43926247954368586 1.8369485735893252 -1.6675534248352049 -1.3518779873847959 -0.33560983091592783 1.9310126900672915 1.1637797057628634 -1.0015816390514372 1.640780031681061 -1.3345675468444822 1.6168005466461184 1.5210736989974978 1.0000000180025095e-35 1.3293195962905886 -0.33560983091592783 1.0000000180025095e-35 1.7428844571113589 -1.4552955031394956 1.0000000180025095e-35 -0.50152474641799916 0.66334784030914318 -0.27110077440738672 -0.19420052319765088 -0.21675675362348554 0.68312945961952221 1.5210736989974978 -0.66859573125839222 -1.0015816390514372 -0.63364005088806141 -1.7374878525733946 1.5623970627784731 1.640780031681061 3.161914706230164 -0.096492242068052278 1.0844356417655947 0.76516234874725353 3.7139593362808232 4.6156156063079843 1.3293195962905886
decision_type=2 2 2 2 2 2 2 2 2 2 2 2 2 2 2 2 2 2 2 2 2 2 2 2 2 2 2 2 2 2 2 2 2 2 2 2 2 2 2 2 2 2 2 2 2 2 2 2 2 2 2 2 2 2 2
left_child=1 42 4 8 5 19 10 11 14 13 -7 12 16 -10 31 30 -3 -14 34 20 -2 -16 -11 24 25 -6 27 -25 -26 -21 -9 -4 -8 -20 -13 -28 39 -38 -39 41 -41 -5 43 47 46 -32 -45 51 52 50 -50 -1 54 -54 -44
right_child=2 7 3 36 23 6 32 15 9 22 -12 18 17 -15 21 -17 -18 -19 33 29 -22 -23 -24 26 28 -27 35 -29 -30 -31 45 -33 -34 -35 -36 -37 37 38 -40 40 -42 -43 48 44 -46 -47 -48 -49 49 -51 -52 -53 53 -55 -56
leaf_value=-0.096374895597165888 -0.070395138805256857 -0.061488551818667969 0.062764956645517525 0.11187598100432856 0.011575126512516522 0.04316626611889262 -0.044579208386594689 0.25792177238829639 -0.023185728307811463 0.10702273788185331 -0.014969237562201768 0.1404614442343958 -0.041780295139691198 0.037091337425991314 -0.12924755078192926 0.16424615164025194 0.014854015309892549 0.15331561722718767 0.056621160336634273 -0.067794569555853348 0.098991564254868963 0.035692035736060147 -0.027691875537406863 0.00068127785930950863 0.25541970719521551 0.22236047112481697 0.069991028734148295 -0.05382173901116849 0.098956856593785655 0.057131293464810468 0.077369799600784508 0.15578495113051061 0.17291243426985514 -0.080097232183098402 -0.036042200058386507 0.016320753049070078 0.13121178202097106 -0.046152489761311186 0.049532046453401452 0.046953851557601983 0.10595298742495661 0.02192245719549879 -0.09825327914218468 -0.084625910431528728 0.15714772777147723 -0.094233853679696084 0.08668105208110069 0.062570904317241188 -0.10747684773520223 0.18795524760623489 0.023111549204102088 0.013511385021915066 0.080380524942968351 -0.10262317893351931 -0.052035172371219018
leaf_weight=16.627358682453639 6.7982841916382313 20.422469791024923 35.676010172814131 35.424981027841568 190.78060337901115 93.335600093007088 79.763515487313271 0.52933857776224513 208.26846847310662 16.886506237089637 80.023685211315751 3.0533289462327948 98.248942730948329 37.743492029607296 4.7080297917127591 1.7469813674688328 167.26660321652889 2.7815516479313365 2.6545502524822941 112.49655969534069 7.2591369040310365 7.3588511794805527 5.7748887538909903 392.912417832762 5.9644169956445676 5.518456667661666 14.816906183958052 38.758639618754387 6.4926797449588776 4.8008007854223242 0.53438764251768489 7.3319068104028693 1.0353693421930064 49.149856332689524 2.2833646237850189 276.18699391186237 5.2165009975433341 5.0342357605695716 59.616068974137306 38.591873854398727 14.98575399816036 4.880657121539115 55.512075956910849 5.5988657083362341 2.5574548579752463 49.344084028154612 0.52809723466634739 0.59755219519138236 3.0886584613472228 0.66170269623398681 0.72152872383594502 0.85045154392719169 0.53115261159837135 0.53639306873083115 1.9393320642411698
leaf_count=816 77 473 176 157 1082 866 1938 7 1626 73 760 39 2423 236 21 14 2196 16 23 2378 147 31 25 3392 29 28 63 326 31 22 12 36 18 1343 27 1174 22 21 262 169 66 22 3202 259 30 2456 23 16 104 18 17 33 18 23 72
internal_value=-0.0015767 -0.0356988 0.00764699 0.0248802 0.00126772 -0.0198646 -0.00214713 -0.0253119 0.00387331 -0.00663101 0.0163306 -0.0170284 -0.00848429 -0.0139379 0.055117 -0.0802433 0.00654717 -0.036409 -0.0601999 -0.0541461 0.0170748 -0.028661 0.0726929 0.0100142 0.0268319 0.0175008 0.0051562 -0.00421241 0.173871 -0.0626815 -0.0887166 0.0786228 -0.0417922 -0.0730915 0.0649424 0.0190535 0.0664125 0.048736 0.0420812 0.0795671 0.063456 0.100983 -0.0817614 -0.0590332 -0.0030094 -0.0923953 -0.0698606 -0.0859501 -0.0914168 -0.0426918 -0.0827475 -0.0910279 -0.0951403 -0.0115705 -0.0966931
internal_weight=2292.21 487.766 1804.44 487.498 1316.94 385.513 254.158 398.015 323.748 268.673 173.359 345.861 288.72 246.012 55.0748 52.1548 187.689 101.03 57.1411 131.355 14.0574 12.0669 22.6614 931.431 208.756 196.299 722.675 431.671 12.4571 117.297 50.4078 43.0079 80.7989 51.8044 5.33669 291.004 163.75 69.8668 64.6503 93.8833 53.5776 40.3056 89.7506 26.7598 8.68442 49.8785 6.12696 18.0754 62.9908 4.47189 3.81019 17.4778 58.519 1.06755 57.4514
internal_count=28934 13660 15274 2943 12331 6206 3582 9029 2224 1960 1626 6540 5108 1862 264 2489 2669 2439 1432 2624 224 52 98 6125 1170 1110 4955 3718 60 2400 2475 212 1956 1366 66 1237 719 305 283 414 235 179 4631 1177 312 2468 282 865 3454 139 121 849 3315 41 3274
is_linear=0
shrinkage=0.1


Tree=22
num_leaves=49
num_cat=0
split_feature=11 3 11 8 12 7 10 11 15 6 0 10 10 11 11 2 5 6 13 5 11 11 10 12 13 13 11 5 5 1 10 10 0 13 1 9 11 9 0 0 12 12 9 3 11 14 11 13
split_gain=62.3244 23.9824 25.8786 27.5177 23.6662 15.6559 14.8353 13.2367 12.8303 11.9587 14.3643 10.6421 12.1361 9.48023 9.45928 8.73734 8.11955 8.03644 8.39581 6.84774 6.43761 4.73442 5.53599 3.64845 4.88146 6.1195 4.58446 5.09697 4.93006 3.61634 3.21924 2.96404 2.63712 2.3211 2.22297 1.92411 8.43395 1.8499 1.77226 1.53164 1.13321 1.10192 1.53143 5.81352 1.11573 0.962885 4.66699 0.000338839
threshold=-0.5171816051006316 1.0000000180025095e-35 1.5091401338577273 0.96469175815582286 -0.41047183424234385 1.0000000180025095e-35 1.3293195962905886 -0.72096729278564442 -2.0839923024177547 1.0000000180025095e-35 1.7428844571113589 -1.6675534248352049 -1.3345675468444822 2.4780834913253789 0.94007825851440441 1.0000000180025095e-35 -0.40157741308212275 1.0000000180025095e-35 3.161914706230164 -0.35012911260128016 0.45560665428638464 -0.071160111576318727 -1.6675534248352049 -0.41047183424234385 1.4829792380332949 0.52358761429786693 3.6469672918319707 0.15173763781785968 -0.24362784624099729 1.5659575462341311 1.662305533885956 0.99633371829986583 -1.4552955031394956 2.8321237564086919 -1.1825662851333616 -1.2321716547012327 -0.54025167226791371 1.4013673663139345 -1.6434237360954282 2.9657179117202763 -0.41047183424234385 -0.41047183424234385 0.80283579230308544 -1.0000000180025095e-35 -0.83631768822669972 0.76516234874725353 -0.7517273724079131 3.3018260002136235
decision_type=2 2 2 2 2 2 2 2 2 2 2 2 2 2 2 2 2 2 2 2 2 2 2 2 2 2 2 2 2 2 2 2 2 2 2 2 2 2 2 2 2 2 2 2 2 2 2 2
left_child=7 2 3 4 8 9 -6 39 -2 11 15 20 -13 21 31 -11 32 18 19 -18 -3 34 -23 24 25 -4 27 -25 -28 30 -19 -5 38 -26 -7 36 -34 -16 -9 41 -37 42 44 -44 -1 47 -47 -43
right_child=1 5 23 14 6 13 -8 16 -10 10 -12 12 -14 -15 37 -17 17 29 -20 -21 -22 22 -24 26 33 -27 28 -29 -30 -31 -32 -33 35 -35 -36 40 -38 -39 -40 -41 -42 45 43 -45 -46 46 -48 -49
leaf_value=-0.053877203191319091 -0.026905692089596672 0.054519354540822254 0.034432692266001465 -0.080525734544989638 -0.026575695491517254 0.019784426966742239 0.051443443803804514 -0.06658948910305959 0.020374805342431707 -0.014991848384233231 0.15679028802025555 0.00081549436177415268 0.038881157558066599 0.075531040677730546 -0.024677649393894191 0.024823196132083187 0.059116543380761069 -0.060674988144161716 0.24718311165606033 -0.019390439225931151 0.1423502301186558 0.11427628114803803 -0.031066915850436035 -0.0039599019832193957 0.14893330613411795 -0.069531400630701554 0.0087388320056608054 0.039571813933834313 0.082186073220206171 0.1053025270309485 0.095580984406292632 0.021484659946683422 -0.068689828507326453 0.054362059674947609 -0.09401042148830395 -0.062985959205328443 0.28887622436545385 0.037407508826314016 0.072018131410913913 0.098939899438331452 -0.098614917716060679 -0.10174595571577622 -0.10345633391836269 0.12839609720838416 -0.10258239457712914 -0.10207826707589514 0.18571397117425822 -0.10491471674436854
leaf_weight=7.9489473262801811 69.883479993790388 25.274420231580734 99.362885236740112 77.86139836255461 410.68604397028685 1.91576842684299 25.90983959287405 1.6555089075118306 321.16942856647074 138.27114704530686 6.0650786142796269 117.16265035234392 293.74063679762185 8.0695476531982404 28.995014160871506 91.64984748326242 13.159051032736896 51.445616296492517 1.3179960418492545 71.366285705007613 12.458666086196898 2.7996109053492537 40.99197770934552 126.33171227574348 5.0525159239768964 6.0038277506828299 18.750473335385323 34.172257170081139 17.828966930508614 1.4153816532343615 1.3531801179051388 2.9565219283103934 5.3777237515896559 5.336153581738472 16.519014346413314 14.316127996891735 0.75188753567635913 5.7511797323822966 2.0833319136872879 0.4439193569123735 23.714125046506524 38.457670324482024 2.9661345900967717 1.7020540302619327 11.519348955713212 3.0274131959304218 0.69234376586973567 0.34044110029935737
leaf_count=394 644 126 424 3537 4500 20 117 23 2686 1583 38 918 1955 33 221 993 263 1870 11 1502 54 20 359 545 21 26 78 145 74 37 12 15 163 22 350 503 17 46 29 4 1033 2426 145 76 663 173 27 13
internal_value=-0.00149797 0.00440827 -0.00405795 -0.0123245 -0.00594198 0.0184946 -0.0219456 -0.0480655 0.0119255 0.0231091 0.00488608 0.0326945 0.0280273 -0.0264471 -0.0580346 0.000879007 -0.0344542 -0.0222994 -0.00326315 -0.00716834 0.0835192 -0.0396716 -0.0217751 0.0208657 0.0349569 0.0285088 0.0125893 0.00530826 0.0445373 -0.0524416 -0.0566703 -0.0767939 -0.0699951 0.100357 -0.0821847 -0.0768226 -0.0248291 -0.0144013 0.0106445 -0.0861936 -0.0852027 -0.0874266 -0.0703614 -0.0189213 -0.082696 -0.0971141 -0.0485126 -0.101774
internal_weight=2266.02 2010.97 1256.05 943.213 827.649 754.918 436.596 255.054 391.053 684.622 235.986 448.636 410.903 70.2959 115.564 229.921 187.956 140.058 85.8433 84.5253 37.7331 62.2264 43.7916 312.839 115.755 105.367 197.083 160.504 36.5794 54.2142 52.7988 80.8179 47.8987 10.3887 18.4348 44.1599 6.12961 34.7462 3.73884 67.0983 38.0303 66.6544 24.1365 4.66819 19.4683 42.5179 3.71976 38.7981
internal_count=28934 19550 13101 11766 7947 6449 4617 9384 3330 5667 2614 3053 2873 782 3819 2576 5463 3695 1776 1765 180 749 379 1335 493 450 842 690 152 1919 1882 3552 1768 43 370 1716 180 267 52 3921 1536 3917 1278 221 1057 2639 200 2439
is_linear=0
shrinkage=0.1


Tree=23
num_leaves=45
num_cat=0
split_feature=11 8 11 7 12 3 10 10 9 13 8 10 11 11 0 0 10 9 9 10 1 13 9 3 10 5 1 5 6 9 5 0 0 11 15 10 5 11 10 10 0 5 8 0
split_gain=53.6583 34.0281 26.5376 21.2363 17.319 12.6113 11.6019 19.6965 17.4269 15.5595 12.8398 28.6047 11.9223 11.6488 11.2871 9.84728 8.9092 8.32502 8.12659 6.6443 10.8148 6.60655 6.29911 5.92692 4.65702 3.84577 3.79387 3.62257 4.36396 3.67487 3.30237 3.09837 3.0016 5.66667 2.7758 2.25831 2.04515 1.19122 2.48148 6.75942 2.40626 0.337563 0.149007 0.000188802
threshold=-0.013484919909387825 0.96469175815582286 -0.70943224430084217 1.0000000180025095e-35 0.24178354069590571 1.0000000180025095e-35 1.3293195962905886 0.99633371829986583 0.084597874432802214 3.441737294197083 1.0000000180025095e-35 1.0000000180025095e-35 0.74398261308670055 0.54788696765899669 1.6488203406333926 -1.0790390372276304 0.99633371829986583 -0.75334635376930226 -0.15481476858258245 -0.66859573125839222 -1.1825662851333616 3.161914706230164 0.56342315673828136 -1.0000000180025095e-35 -0.33560983091592783 -0.15023442357778546 1.0000000180025095e-35 0.53170138597488414 1.0000000180025095e-35 1.0422484278678896 -0.32129184901714319 -1.9256160855293272 -0.42059019207954401 0.3710163682699204 -1.0725315809249876 1.662305533885956 -0.21380748599767682 -0.7517273724079131 -0.66859573125839222 -1.0015816390514372 2.9657179117202763 1.1384309530258181 1.0000000180025095e-35 1.6488203406333926
decision_type=2 2 2 2 2 2 2 2 2 2 2 2 2 2 2 2 2 2 2 2 2 2 2 2 2 2 2 2 2 2 2 2 2 2 2 2 2 2 2 2 2 2 2 2
left_child=1 2 37 4 5 -4 7 9 14 10 11 -2 26 -12 17 -6 21 -9 32 20 -5 24 -14 36 -3 -11 -10 28 29 -20 -21 -26 33 -8 -34 -36 -18 40 39 -39 42 -29 -1 -40
right_child=6 16 3 19 15 -7 18 8 12 25 13 -13 22 -15 -16 -17 23 -19 27 30 -22 -23 -24 -25 31 -27 -28 41 -30 -31 -32 -33 34 -35 35 -37 -38 38 43 -41 -42 -43 -44 -45
leaf_value=-0.10185488825718991 0.0063510763689282315 0.085597053147695487 -0.0095360571767438996 0.13859188168161826 0.053085385214346574 0.021324784269138398 0.12480113938198811 0.030260064106989278 -0.10573614499381748 0.19750210003282759 -0.046372680029074756 0.046853359811302918 -0.032709368844283646 0.0033451693784394224 -0.028899208013257818 -0.054371755798431391 -0.09110815485934777 0.21731093383064481 0.073776354082840931 -0.098229135239532528 -0.042698454928416528 0.10621706914534031 0.036853613177454864 0.19829446035813553 0.24027704190349888 0.081867200354234393 -0.047454732291920126 0.14847645357356715 0.13474775412694281 -0.0045858927485652196 -0.049761231531456229 -0.092640929913846037 -0.063042053255265226 -0.0026734765513181237 -0.033475224996445785 0.044480464395752296 0.046232357368657752 -0.0822136393258113 -0.10183549119039706 0.13475368362913009 0.1783700861372558 0.11143097767287513 -0.084091160985537414 -0.10377295611379969
leaf_weight=27.645046304911375 635.34387444332242 1.5092095723375667 304.00524713285267 3.9138792883604792 9.5197164583951217 234.60696244053543 5.895052194595336 4.1577075496315965 26.641240153461695 4.5188572779297829 59.230619149282575 240.33304867893457 53.874742865562439 230.59209742210805 7.0487510561943045 81.859501258470118 2.1409626994282007 5.5630192384123811 15.222676545381551 30.772187834605575 20.661952810361981 1.7759617343544949 17.164731875061989 1.7095260163769115 0.28044819738715787 7.9116054773330671 19.232207376509905 5.2968194484710676 6.5294926166534415 9.8612842708826047 25.881291147321463 87.225191205739975 6.6877421438693991 8.5377558022737485 6.1065409928560266 9.4930839836597443 2.1967414617538452 4.9166694758459926 6.8935348270460945 2.0282202661037445 0.31614337861537833 4.5922269523143768 5.6949057281017295 0.54255194216966618
leaf_count=1785 3998 36 4274 72 119 2754 25 20 235 20 1589 1486 251 1529 31 1664 29 28 64 816 439 17 76 29 7 34 167 22 30 42 523 5417 28 36 26 41 22 253 423 52 2 20 378 25
internal_value=-0.00141244 -0.0211067 -0.0139866 -0.00912792 -0.00292314 0.00390621 0.0107186 0.0084874 -0.0278886 0.0126157 0.0114288 0.0174671 -0.0415628 -0.00681559 0.0674448 -0.0431771 -0.0769318 0.137306 0.0481314 -0.0572504 -0.0138267 -0.0847599 -0.0159014 0.0405956 -0.0885701 0.123904 -0.081302 0.0784496 0.0619257 0.0429697 -0.0760873 -0.091574 0.0138647 0.0493933 -0.00914285 0.0139644 -0.0215549 -0.0859232 -0.0618328 -0.0188494 -0.0962169 0.131273 -0.0988206 -0.101977
internal_weight=2245.93 856.096 759.258 711.221 629.991 538.612 1389.84 1311.61 133.682 1177.93 1165.5 875.677 116.913 289.823 16.7695 91.3792 96.838 9.72073 78.2227 81.2293 24.5758 90.7908 71.0395 6.04723 89.0148 12.4305 45.8734 41.5025 31.6135 25.084 56.6535 87.5056 36.7202 14.4328 22.2874 15.5996 4.3377 48.0371 14.381 6.94489 33.6561 9.88905 33.34 7.43609
internal_count=28934 19136 13579 10661 8811 7028 9798 9464 808 8656 8602 5484 729 3118 79 1783 5557 48 334 1850 511 5477 327 80 5460 54 402 178 136 106 1339 5424 156 61 95 67 51 2918 753 305 2165 42 2163 448
is_linear=0
shrinkage=0.1


Tree=24
num_leaves=52
num_cat=0
split_feature=11 8 11 7 11 6 10 10 10 0 0 0 11 10 11 13 10 5 5 1 10 9 13 10 10 5 5 5 10 5 9 10 0 11 11 5 0 10 0 11 9 13 7 13 10 9 0 11 1 5 9
split_gain=46.8677 20.2626 23.3355 18.3307 20.1741 15.7322 20.6138 18.8562 14.9501 14.4843 13.6376 13.4982 11.675 9.47686 8.31711 7.69531 7.35003 7.16673 6.45014 6.06715 6.06051 8.41852 5.37246 5.20913 4.36871 3.97874 6.5081 5.82369 3.89359 4.86996 4.08673 3.59523 3.25547 3.22242 3.16269 2.87495 2.63026 2.55913 1.14664 2.30138 4.79654 2.54053 1.89928 2.82554 5.02849 3.08436 1.36914 1.11585 1.05891 0.926816 0.0648317
threshold=-0.5863918364048003 1.0000000180025095e-35 0.39024142920970922 1.0000000180025095e-35 1.5091401338577273 1.0000000180025095e-35 -1.6675534248352049 -1.3345675468444822 0.99633371829986583 1.7428844571113589 0.80224329233169567 1.5547562241554262 -0.1672854349017143 -0.33560983091592783 -0.72096729278564442 0.42365097999572759 -1.0015816390514372 -0.37863868474960322 0.71258971095085155 1.0000000180025095e-35 1.0000000180025095e-35 1.0422484278678896 3.3418006896972661 -0.66859573125839222 -0.33560983091592783 -0.40976983308792109 -0.35012911260128016 -0.3573384284973144 0.66334784030914318 -0.40682056546211237 1.4013673663139345 -1.6675534248352049 1.6488203406333926 2.1474123001098637 3.1817207336425786 -0.31867027282714838 -0.3265260756015777 0.99633371829986583 -1.0790390372276304 -0.74403735995292652 0.92254212498664867 3.161914706230164 1.0000000180025095e-35 1.4130236506462099 1.0000000180025095e-35 1.5210736989974978 2.9657179117202763 -0.62868699431419361 1.2605659961700442 -0.43729630112648005 -0.63364005088806141
decision_type=2 2 2 2 2 2 2 2 2 2 2 2 2 2 2 2 2 2 2 2 2 2 2 2 2 2 2 2 2 2 2 2 2 2 2 2 2 2 2 2 2 2 2 2 2 2 2 2 2 2 2
left_child=14 3 8 5 20 6 15 -8 9 16 17 12 -7 -13 38 -2 -3 -10 -12 -11 23 -22 25 -5 33 31 27 -27 30 34 36 49 -31 -6 -30 -28 -4 -26 39 41 -41 48 46 45 -45 -44 50 -33 -1 -16 -40
right_child=1 2 28 4 24 11 7 -9 10 19 18 13 -14 -15 22 -17 -18 -19 -20 -21 21 -23 -24 -25 37 26 35 -29 29 32 -32 47 -34 -35 -36 -37 -38 -39 42 40 -42 -43 43 44 -46 -47 -48 -49 -50 -51 -52
leaf_value=-0.10228392994569857 0.087933258873578432 0.013588603760594387 0.041676432099353962 -0.028191875777236287 -0.080406498215234878 -0.033933260918002653 -0.0091466215211962239 0.024771095143813017 0.22581461783140058 0.10078720126105134 -0.080966202813937335 0.16325697605065034 0.0028524587825785493 0.025438497849485639 -0.00081105142072989106 0.017996704486691748 -0.082435288411980112 0.051707363925097005 0.068727971929759005 -0.018545042282196857 -0.0215908569715033 0.16662882250456049 0.16559451678534662 -0.075875138985355778 0.059271127463553785 0.0068373895909316883 -0.10852499438992542 0.19205530001808652 -0.048244408681744178 -0.0029267879299311943 -0.057608855069426118 -0.10258936608210312 0.06091114498538517 0.023798145574621541 0.036033112961474434 -0.03544045414660698 0.0090207937056964605 -0.0072380249872433626 -0.092791250776427303 -0.10207334862581784 0.33741249161852432 0.20187793885832109 -0.10164224419290331 0.25016018738318996 -0.10547912675200806 0.080996086059668224 0.067276074535782354 -0.055609580157461314 0.020704932371144527 0.14706540078080102 -0.10188601599553354
leaf_weight=4.8587312689051032 57.304158948361874 8.6372191030532104 37.352744400501251 40.143884984776378 5.1745226085185987 108.4802221916616 228.21020000241697 581.72118603251874 2.996039440855383 5.9947113841772106 12.331987306475641 7.9052279628813293 421.54024311900139 13.527085287496446 0.96096911281347275 21.687712635844946 103.39550823066384 11.210862122476103 3.7549021877348414 14.728397944942115 46.279537003487349 2.5049461033195248 1.3028426095843304 53.367871714755893 33.458956673741341 13.582753408700226 5.8947286941111079 1.9400587417185295 36.672234635800123 97.577729318290949 7.2088280841708174 14.102864174172286 8.7006121799349767 6.9581781327724457 5.0681935399770728 61.933709966018796 72.614258224144578 6.9948197305202475 10.549684154801065 0.55492326524108537 0.44948546309024096 0.32749993074685324 5.9372613579034788 0.80442753527313449 0.78608114738017321 1.0952280117198823 0.49792766571044822 7.8809226276352975 0.81788781750947226 0.7582647874951387 30.493233953602616
leaf_count=289 283 109 249 564 22 2307 2071 3708 23 63 82 52 3173 110 25 113 4898 76 24 115 626 22 9 841 140 417 198 45 324 775 37 703 42 29 21 1867 488 29 735 30 13 15 443 16 37 83 4 318 55 15 2201
internal_value=-0.00133392 0.00277298 -0.0165909 0.00784402 -0.0209398 0.0117385 0.01997 0.0152143 -0.0463613 -0.0608261 0.0170275 -0.00153045 -0.00467654 0.0762723 -0.0525308 0.0687317 -0.0750323 0.0884242 -0.0460255 0.015975 -0.0404989 -0.0119263 -0.0362486 -0.0554051 0.0319863 -0.038705 -0.0284245 0.0299861 0.00171286 -0.00906799 0.0153314 -0.0748564 0.00229939 -0.0206445 -0.0380113 -0.041792 0.020113 0.0477711 -0.08339 -0.0455019 0.0946021 -0.0689395 -0.0886834 -0.0459755 0.0743917 -0.0731985 -0.0975487 -0.0857477 -0.0845637 0.0644096 -0.0995483
internal_weight=2229.03 2063.5 428.244 1635.26 194.883 1440.38 888.923 809.931 163.05 132.756 30.2938 551.453 530.02 21.4323 165.529 78.9919 112.033 14.2069 16.0869 20.7231 142.296 48.7845 108.357 93.5118 52.5865 107.054 83.3513 15.5228 265.195 148.019 117.176 23.703 106.278 12.1327 41.7404 67.8284 109.967 40.4538 57.1724 7.00853 1.00441 6.00412 50.1638 8.623 1.59051 7.03249 41.5408 21.9838 5.67662 1.71923 41.0429
internal_count=28934 21416 7326 14090 2273 11817 6175 5779 5390 5185 205 5642 5480 162 7518 396 5007 99 106 178 2053 648 3597 1405 220 3588 2527 462 1936 1162 774 1061 817 51 345 2065 737 169 3921 402 43 359 3519 579 53 526 2940 1021 344 40 2936
is_linear=0
shrinkage=0.1


Tree=25
num_leaves=56
num_cat=0
split_feature=11 13 15 11 12 6 0 0 13 10 10 9 11 5 0 9 11 8 0 8 9 10 10 11 13 0 0 0 10 9 0 10 1 9 14 5 13 13 11 10 9 13 3 12 0 7 8 9 14 11 0 13 0 1 9
split_gain=40.4048 16.9777 40.4976 22.9587 18.7596 17.1781 13.7943 17.0216 12.4498 11.6657 26.678 15.8542 11.3511 8.50441 8.09002 10.5215 11.0535 8.91515 7.68823 7.11895 9.42 8.39201 24.5659 6.41595 6.24426 6.21099 5.93528 5.84249 4.63117 8.89174 6.85688 4.44231 5.51691 4.40351 4.32497 3.7699 5.07422 8.30048 3.47006 3.43374 6.5994 3.07205 2.16822 1.38778 1.14066 1.89239 2.67269 7.74738 2.42086 1.85458 3.25976 1.97497 1.26163 1.0155 0.0713123
threshold=-0.5171816051006316 0.10885059088468553 -1.0725315809249876 1.0000000180025095e-35 -0.41047183424234385 1.0000000180025095e-35 1.7428844571113589 -0.98497489094734181 0.60353690385818493 0.66334784030914318 -0.33560983091592783 0.80283579230308544 -0.72096729278564442 -0.43926247954368586 -0.98497489094734181 0.084597874432802214 1.0015984773635866 0.96469175815582286 1.5547562241554262 1.0000000180025095e-35 0.084597874432802214 1.0000000180025095e-35 0.66334784030914318 -0.12883530557155606 3.3418006896972661 -1.5493596196174619 0.61411505937576305 2.3072690963745122 1.0000000180025095e-35 0.44371683895587927 -1.4552955031394956 0.99633371829986583 -1.1825662851333616 1.0000000180025095e-35 0.36654499173164373 -0.12336333468556403 0.54357492923736583 1.3730489611625674 -0.10961024090647696 -0.66859573125839222 -0.51393374800682057 0.48361295461654669 1.0000000180025095e-35 -0.41047183424234385 -1.0790390372276304 1.0000000180025095e-35 0.96469175815582286 1.5210736989974978 1.5623970627784731 -0.74403735995292652 -1.267167270183563 3.161914706230164 2.9657179117202763 1.2605659961700442 -0.63364005088806141
decision_type=2 2 2 2 2 2 2 2 2 2 2 2 2 2 2 2 2 2 2 2 2 2 2 2 2 2 2 2 2 2 2 2 2 2 2 2 2 2 2 2 2 2 2 2 2 2 2 2 2 2 2 2 2 2 2
left_child=12 3 8 4 5 13 7 -6 26 10 -10 -11 44 -2 28 17 -17 -16 -7 20 21 33 -23 -8 31 -22 34 -27 30 -30 -5 43 -33 -14 -3 39 41 -38 -28 42 -41 -37 -4 -21 49 52 48 -48 -47 51 -51 53 54 -1 -46
right_child=1 2 35 14 6 18 23 -9 9 11 -12 -13 19 -15 15 16 -18 -19 -20 24 25 22 -24 -25 -26 27 38 -29 29 -31 -32 32 -34 -35 -36 36 37 -39 -40 40 -42 -43 -44 -45 45 46 47 -49 -50 50 -52 -53 -54 -55 -56
leaf_value=-0.10206738093234213 -0.052298509296085899 0.0097547908726857355 0.12264619598933452 0.069136767501203011 0.011487835070810538 -0.052362465831099492 0.013518621421412944 -0.063227939072648981 -0.010686794657511465 -0.038862394934497467 0.094044002575570718 0.077933242817043252 -0.027948878487496328 0.030982194899789275 0.019647395457617779 -0.029441697017596566 0.0038145381978274919 -0.014468660956095353 0.11736823144344365 -0.060324463617569324 0.092148915386133623 0.18168410949605204 -0.015130182763758347 0.16678653293370874 0.31088026493566456 -0.058010219525988241 0.066010789562660391 0.1410060388106448 0.019073032504559634 0.083579646115991668 -0.0030484954438498722 0.20156315162044885 -0.049523970686518849 0.14005863598352769 0.088466080349526618 0.022297673290786576 -0.024772715484094574 0.05265303367187716 -0.024786052676252585 0.10089909406153885 0.033351442906290829 0.10707213793474209 0.068802905945855017 -0.10249783999031364 -0.091725846543687539 -0.10177070615818842 -0.027030997945033976 0.48258683991346363 0.15921823868655027 -0.10294485325792598 0.24143268126695619 0.1489874259935175 0.058280315217362759 0.01824382281591886 -0.10171053403146309
leaf_weight=4.4052147418260574 13.776911464519797 9.5718790628015977 17.009204164147377 15.594781823456286 37.372199625708163 54.908753870055079 12.998917061835529 165.60521477460861 119.79880855046213 136.33144642785192 30.518270643427968 12.705395840108393 41.560579823330045 111.49976804107428 339.83203677460551 174.00105151534081 234.81756853312254 98.885264087468386 2.8050700193271032 13.287499583326278 3.090793762356042 9.3224488012492674 19.836012912914157 3.4577439352869979 0.43000458180904289 60.063367274589837 5.8040151894092586 1.5122379940003146 70.694260247051716 30.625992378219962 84.257339766249061 1.2369945701211689 2.9909383589401832 1.6209054840728629 25.789123069494963 5.8607660979032543 20.266102626919746 43.709754347801208 15.317990697920321 22.759084448218346 39.683594714850187 15.794697344303129 13.348054602742197 18.902841256000102 9.6510978322476095 5.1531117493286711 2.3458033446222548 0.3417705763131379 0.38173425290733565 0.53116871230304241 0.56962569523602613 0.39494811743497837 0.51624952256679435 0.83446205873042334 27.636602402664725
leaf_count=289 239 51 79 84 681 1714 111 4164 1012 1286 176 63 1082 1097 2127 1939 1094 1272 61 616 24 126 492 22 2 1921 38 13 526 249 527 19 59 42 135 27 91 198 69 103 180 73 62 1067 735 397 139 21 22 24 19 15 4 55 2201
internal_value=-0.00126551 0.00330057 0.0185407 -0.00231045 -0.0226156 0.00102773 -0.0423322 -0.0494713 -0.000955239 -0.00908022 0.0105763 -0.0289056 -0.0412693 0.0218237 0.0054813 0.0012022 -0.01034 0.0119578 -0.044113 -0.02894 -0.0184457 0.00634599 0.0477946 0.0457221 -0.067959 -0.0461792 0.0421063 -0.0531226 0.0235091 0.0385714 0.00822531 -0.0724321 0.0239383 -0.0216424 0.0671597 0.0574206 0.0422889 0.0281263 0.000163578 0.0713834 0.0579712 0.084129 0.0989714 -0.0850896 -0.0818955 -0.0875201 -0.044042 0.0377755 -0.0837705 -0.0434594 0.0752594 -0.0666526 -0.0969767 -0.0829068 -0.0991262
internal_weight=2212.02 1985.4 534.268 1451.13 402.425 182.991 219.434 202.977 355.837 299.354 150.317 149.037 226.616 125.277 1048.71 847.536 408.819 438.717 57.7138 173.855 137.006 72.3399 29.1585 16.4567 36.8483 64.6664 56.483 61.5756 201.172 101.32 99.8521 36.4183 4.22793 43.1815 35.361 178.431 85.6313 63.9759 21.122 92.7999 62.4427 21.6555 30.3573 32.1903 52.7618 46.0264 8.22242 2.68757 5.53485 6.73542 1.10079 5.63462 37.8039 5.23968 37.2877
internal_count=28934 19550 3643 15907 8089 3111 4978 4845 2830 2537 1188 1349 9384 1336 7818 6432 3033 3399 1775 5463 3700 1742 618 133 1763 1958 293 1934 1386 775 611 1761 78 1124 186 813 389 289 107 424 283 100 141 1683 3921 3519 579 160 419 402 43 359 2940 344 2936
is_linear=0
shrinkage=0.1


Tree=26
num_leaves=53
num_cat=0
split_feature=11 11 8 5 3 9 0 3 11 0 9 0 9 7 10 5 12 10 12 10 5 0 11 12 9 13 10 9 10 2 9 6 8 1 10 10 9 2 0 11 3 9 10 11 2 1 11 5 0 11 6 11
split_gain=34.9433 19.4953 24.5947 17.297 14.2202 14.8422 11.6031 8.53697 8.78593 10.2398 9.36953 7.79317 6.89072 6.67671 6.49638 6.06375 5.3877 5.24541 4.26622 4.08775 3.40323 3.14823 3.13862 2.89172 4.41012 3.87031 2.74796 4.69713 4.62731 3.92879 3.13943 5.21592 2.10976 4.3393 1.30744 4.12839 11.4308 1.95702 1.3948 1.28227 3.3662 1.56634 1.14576 1.12447 0.583343 0.454061 1.98131 0.3809 0.000515618 0.000374378 2.91757e-05 4.02063e-06
threshold=-0.65175706148147572 -0.0057948944158852092 0.96469175815582286 -0.44516101479530329 -0.97726249694824208 0.084597874432802214 1.8369485735893252 1.0000000180025095e-35 1.5091401338577273 1.9310126900672915 -1.3518779873847959 -0.23246196657419202 0.32401050627231603 1.0000000180025095e-35 -1.6675534248352049 -0.39010804891586298 1.5462943315505984 0.99633371829986583 -0.41047183424234385 -0.33560983091592783 0.082102194428443923 -1.9256160855293272 1.8052061796188357 -0.41047183424234385 1.640780031681061 1.4829792380332949 -0.66859573125839222 -1.1124653220176695 -1.0015816390514372 -1.1030326187610624 -1.4715842604637144 -1.0000000180025095e-35 1.0000000180025095e-35 -1.1825662851333616 -0.66859573125839222 -1.0015816390514372 -0.39422741532325739 1.0000000180025095e-35 -1.0790390372276304 -0.60177189111709584 1.0000000180025095e-35 0.80283579230308544 1.3293195962905886 -0.85938775539398182 -1.1030326187610624 0.95517444610595714 -0.68636217713356007 0.30985106527805334 1.8369485735893252 -0.72096729278564442 1.0000000180025095e-35 -0.75941741466522206
decision_type=2 2 2 2 2 2 2 2 2 2 2 2 2 2 2 2 2 2 2 2 2 2 2 2 2 2 2 2 2 2 2 2 2 2 2 2 2 2 2 2 2 2 2 2 2 2 2 2 2 2 2 2
left_child=18 2 3 39 6 -6 -5 8 9 10 -3 12 15 16 -14 -9 -13 19 26 -4 -11 -21 -15 25 -25 -10 27 49 29 -29 31 -28 47 -34 35 38 37 -37 -20 40 -2 -41 45 -33 -40 48 -47 -32 -36 51 -51 -1
right_child=1 7 17 4 5 -7 -8 11 23 20 -12 13 14 22 -16 -17 -18 -19 34 21 -22 -23 -24 24 -26 -27 30 28 -30 -31 32 43 33 -35 42 36 -38 -39 44 41 -42 -43 -44 -45 -46 46 -48 -49 -50 50 -52 -53
leaf_value=-0.10132489967341868 -0.10316323223883005 0.030066251159412645 0.15344785068911115 -0.067821382309074016 0.016893424722159153 -0.01547943069979478 0.021111503609904783 0.077425082268374579 0.022698924923331344 0.069678272344143588 -0.01339776500452472 0.013584043359632017 0.078357347719892612 -0.074432952146991263 0.0015710941654810649 0.03233505592310032 -0.075845544681756194 0.03302069801688419 0.062412458374782348 0.25967728381554495 0.0099722497132109719 -0.088280712981815085 0.0088798955622644872 0.0047337498877051236 0.068306677010437994 0.086935053963123621 0.2621052222262148 0.25416627862338853 0.17874382682664836 -0.026494707004795337 -0.10238645931955143 0.069903314769568833 0.14582479630746456 -0.05544793087432013 -0.10147936987149785 -0.10249997921590015 0.35942256035966214 0.046914280367459468 -0.035301478364387101 -0.10748391737406703 0.17336501197703069 -0.042074446234679742 0.031607813302270769 -0.10945377133231793 -0.10177821262138174 -0.10142740364321408 0.027367707067330955 -0.055115587899046997 -0.10556180040578154 -0.10429593157028949 -0.10350134958546242 -0.10177336001524116
leaf_weight=0.69325394835323106 1.3161254245787883 55.504179820418358 0.71949675306677718 55.217545974999666 309.30573550239205 261.2400791393593 19.97884863987565 38.887074614875019 105.06636622548103 22.466170102357864 466.04268753435463 199.14270939491689 12.454055376350878 14.53132434282452 95.555495866574347 127.98417284525931 6.9724668320268384 4.1834907531738272 0.59437003824859935 0.26132864877581496 16.601284608244896 52.053473073989153 6.5646089166402808 184.83640398085117 11.596674993634222 10.299099683761595 0.80701651051640522 0.55358111951500077 1.9936747383326272 5.0367977218702444 9.9676125925034267 0.52148873172700416 1.1979018952697522 10.123168068937956 25.86919680796564 2.530161501839757 0.82412796281278033 1.3413531379774215 1.4894938245415694 18.54380816034973 0.6614484367892145 4.5616276599466792 0.72449520789086719 1.0602027252316499 11.602586411871014 5.3497511493042111 1.537729944102465 2.0562526714056739 0.3131236108019938 0.87282674387097336 0.98203971982002258 0.28092702198773645
leaf_count=55 57 432 8 1025 3937 3850 117 270 450 98 4532 1251 64 134 657 777 45 24 20 4 72 3846 27 794 48 43 26 19 26 181 609 16 68 679 2097 151 10 83 97 493 21 131 22 41 797 445 75 128 10 23 31 18
internal_value=-0.001207 0.00138143 -0.0118494 -0.0064815 -0.00331674 0.00207062 -0.0441929 0.00838949 0.00241076 -0.00507331 -0.00877223 0.0187779 0.0301047 0.00507465 0.0104249 0.0428427 0.0105588 -0.0747829 -0.0628252 -0.0832867 0.0443069 -0.0865426 -0.0485078 0.0158671 0.00848686 0.0284335 -0.0364202 0.00692404 0.047944 0.00129744 -0.0539594 0.0552323 -0.0651321 -0.0341509 -0.0811181 -0.0596547 0.0212532 -0.0507328 -0.0874132 -0.0879557 -0.0106715 -0.0945703 -0.0927929 -0.0503192 -0.0942151 -0.0955183 -0.072672 -0.0943025 -0.101528 -0.103042 -0.103875 -0.101454
internal_weight=2190.87 2102.55 728.043 670.825 645.742 570.546 75.1964 1374.5 872.413 560.614 521.547 502.092 274.881 227.211 108.01 166.871 206.115 57.2178 88.3231 53.0343 39.0675 52.3148 21.0959 311.799 196.433 115.365 36.1467 10.4131 7.58405 5.59038 25.7336 2.38871 23.3449 11.3211 52.1764 18.3821 4.69564 3.87151 13.6865 25.083 1.97757 23.1054 33.7943 1.58169 13.0921 33.0698 6.88748 12.0239 26.1823 2.82905 1.85487 0.974181
internal_count=28934 23207 13513 9631 8929 7787 1142 9694 6469 5134 4964 3225 1768 1457 721 1047 1296 3882 5727 3858 170 3850 161 1335 842 493 1920 353 226 200 1567 83 1484 747 3807 1158 244 234 914 702 78 624 2649 57 894 2627 520 737 2107 127 54 73
is_linear=0
shrinkage=0.1


Tree=27
num_leaves=56
num_cat=0
split_feature=11 13 15 11 10 12 9 13 9 10 13 5 6 9 8 5 11 10 9 10 0 13 5 1 10 13 12 0 6 11 10 5 11 10 0 1 0 5 7 11 14 2 3 2 9 0 1 13 9 10 0 3 13 11 11
split_gain=30.5502 16.2006 37.8898 22.1128 20.0236 17.717 19.859 11.4942 11.8956 13.1146 11.6771 9.27275 9.19423 33.9349 10.8215 6.94504 12.0934 8.63572 12.8528 7.91843 6.90577 5.81275 4.83638 4.60819 4.59266 4.45728 4.12846 4.08586 3.85959 3.70138 3.41196 2.60041 2.71774 3.09766 7.25816 3.25141 1.88427 3.27844 2.19784 1.40085 2.61547 7.3748 3.60046 1.90378 4.46985 1.4677 0.500562 0.0020922 0.000250291 0.000158323 9.48236e-05 0.000166029 8.80769e-05 6.89786e-05 4.21531e-05
threshold=-0.65175706148147572 -0.11600683256983756 -1.0725315809249876 1.0000000180025095e-35 -1.6675534248352049 -0.41047183424234385 -1.2321716547012327 0.60353690385818493 0.68312945961952221 -1.3345675468444822 3.3418006896972661 -0.44122865796089167 1.0000000180025095e-35 0.56342315673828136 1.0000000180025095e-35 0.025410749949514869 3.1817207336425786 -0.66859573125839222 0.56342315673828136 1.0000000180025095e-35 3.1538461446762089 0.58354958891868602 -0.12336333468556403 -0.87717476487159718 0.66334784030914318 2.2424976825714116 -0.41047183424234385 -0.60871845483779896 -1.0000000180025095e-35 -0.62484195828437794 -0.66859573125839222 -0.44122865796089167 -0.7017422318458556 -0.66859573125839222 0.42598682641983038 -1.1825662851333616 -1.0790390372276304 -0.096492242068052278 1.0000000180025095e-35 -0.7517273724079131 0.36654499173164373 -1.0000000180025095e-35 1.0000000180025095e-35 -1.1030326187610624 0.084597874432802214 2.9657179117202763 1.2605659961700442 3.1519210338592534 -1.3518779873847959 -0.66859573125839222 -1.267167270183563 1.0000000180025095e-35 3.3018260002136235 -0.71327725052833546 -0.69405218958854664
decision_type=2 2 2 2 2 2 2 2 2 2 2 2 2 2 2 2 2 2 2 2 2 2 2 2 2 2 2 2 2 2 2 2 2 2 2 2 2 2 2 2 2 2 2 2 2 2 2 2 2 2 2 2 2 2 2
left_child=26 3 7 4 12 11 -7 21 10 -10 -9 -6 14 -14 -2 16 19 18 -17 -5 -19 23 29 -3 -18 27 31 -24 -27 -4 -31 47 36 34 -34 -35 37 -33 -38 45 43 48 -43 44 -41 50 -45 49 -42 53 51 -28 -52 -1 -51
right_child=1 2 22 15 5 6 -8 8 9 -11 -12 -13 13 -15 -16 17 24 20 -20 -21 -22 -23 25 -25 -26 28 39 -29 -30 30 -32 32 33 35 -36 -37 38 -39 -40 40 41 42 -44 46 -46 -47 -48 -49 -50 54 52 -53 -54 -55 -56
leaf_value=-0.1020041401672992 0.084468859709025013 0.088071516105655126 0.20046324100015453 -0.01515456106241549 -0.063087368710976088 0.027865663006870739 -0.058611171237312111 -0.025582477663382053 0.1418898265449223 0.0099385500749718941 0.058909372413335839 0.0023172899550580575 -0.085090588691498659 0.41190564650061684 -0.070252028311385453 0.024616321542703323 0.054011620780136153 0.0034410909457109882 0.12148059367535291 0.0065311100273930389 0.15871754832470714 0.14069448048941041 0.0056984323011956437 0.014589035223855629 0.0025349449992454736 0.030401230521283559 -0.1013134112762494 0.05689304262576142 -0.086851434223762972 0.090922778447748043 0.051155053575882625 -0.050577412405601631 -0.014660122320267824 0.1212730609159068 0.28698241083697162 -0.052600214741023804 -0.076192183417979897 0.16925283440013408 0.017183996806760877 0.15050543187123672 -0.10465860094694097 0.38277402544739353 0.045443290416175681 -0.095386371265054212 -0.10264320783197307 0.099027449723751701 -0.057404565547672218 -0.11055603802141403 -0.10208519420188221 -0.10120967786200563 -0.10109267425617004 -0.1036555789692763 -0.10326368882388259 -0.10353095257843042 -0.10197519837342073
leaf_weight=0.5761607987806201 32.196402952075005 10.234751682728527 2.0396660193800917 371.61371412500739 24.983350153081119 30.495479684323072 205.55562704894692 239.78100126329809 8.9554122779518348 47.39859464392066 17.554597666487098 163.77166957873851 12.74965721555054 1.5397732164710749 5.2588950954377642 71.320745244622231 50.822750866413116 197.77991535142064 16.954841487109661 307.88713126443326 2.9062697887420645 4.8324291370809069 21.079697292298079 51.363008294254541 26.301054313778877 6.1094454973936081 1.1769822323694885 59.857871580868959 5.1940603330731374 32.285391882061958 65.032030954957008 1.8973847813904288 2.1885024514049296 1.3211132101714609 1.2552329692989586 5.7846513884142059 13.446324548684062 1.0559758814051772 3.1022892994806162 1.1744082886725729 0.5188506841659547 0.61191093362867743 0.65519735869020224 15.21737419255078 1.7176014026626942 0.3723856657743444 4.494685247540473 0.28977281134575594 1.3916888581588862 2.3423596369102597 20.27669721655548 0.40741992089897383 0.18860686477273603 0.60830677114427067 1.0380967902019613
leaf_count=35 182 60 14 2576 806 690 6021 2471 57 363 85 3119 248 30 31 401 213 1430 88 2975 12 30 102 297 109 28 98 281 25 158 305 103 53 46 26 228 930 39 162 59 15 23 20 1024 108 2 297 10 78 209 2050 22 11 20 59
internal_value=-0.00113916 0.00122096 0.0155735 -0.00416987 -0.0220232 -0.0291773 -0.0474392 -0.00270358 -0.0107058 0.0309074 -0.0198187 -0.00633958 0.0367093 -0.0315362 0.0627453 0.00396723 -0.00106936 0.0171552 0.0432208 -0.00532861 0.00568975 0.0350838 0.0518341 0.0267985 0.0364568 0.0353448 -0.0605995 0.0435597 -0.0234774 0.0671424 0.0643481 -0.0344083 -0.023438 0.0174499 0.0952878 -0.0202735 -0.0455561 0.028023 -0.0586874 -0.0795656 -0.0636678 0.0212814 0.208347 -0.0756099 0.000157229 -0.0978455 -0.0867259 -0.102316 -0.102784 -0.101793 -0.10117 -0.101916 -0.101113 -0.102788 -0.101445
internal_weight=2176.97 2093.86 571.718 1522.14 476.551 424.806 236.051 380.12 313.69 56.354 257.336 188.755 51.7447 14.2894 37.4553 1045.59 756.625 288.962 88.2756 679.501 200.686 66.4302 191.598 61.5978 77.1238 92.2411 83.11 80.9376 11.3035 99.3571 97.3174 34.9062 30.0515 10.5495 3.44374 7.10576 19.502 2.95336 16.5486 48.2038 25.7817 3.17765 1.26711 22.6041 2.89201 22.4221 19.7121 4.8547 1.91054 4.56492 22.0497 1.5844 20.4653 1.18447 3.38046
internal_count=28934 23207 4276 18931 11127 10636 6711 3363 2976 420 2556 3925 491 278 213 7804 5873 1931 489 5551 1442 387 913 357 322 436 5727 383 53 477 463 1920 1587 353 79 274 1234 142 1092 3807 1624 136 43 1488 167 2183 1321 333 93 323 2181 120 2061 55 268
is_linear=0
shrinkage=0.1


Tree=28
num_leaves=58
num_cat=0
split_feature=11 3 11 10 0 9 15 10 10 13 13 11 10 9 0 11 5 11 11 11 0 11 9 2 12 5 9 4 8 5 5 5 13 10 5 5 10 13 11 0 11 12 9 7 0 5 15 11 2 0 13 11 0 13 0 11 9
split_gain=27.054 15.3881 15.3923 20.8486 22.1297 21.4761 11.4674 10.3157 76.7184 31.3583 14.6839 10.8971 14.8403 10.8714 9.45234 8.80194 7.83216 6.97047 6.73811 6.03424 5.7294 7.36036 5.55233 5.16825 5.97542 9.33411 4.948 4.78145 4.37645 4.033 5.86562 4.61495 6.44083 4.02797 3.73321 3.10819 3.04826 3.01925 2.0595 1.23747 3.25876 1.16089 1.73733 8.70078 1.62358 2.08972 1.23844 3.35405 4.9676 0.924526 0.91603 0.772827 0.0726152 0.00165996 0.000267284 0.000100989 8.89593e-05
threshold=-0.5863918364048003 1.0000000180025095e-35 0.6863074302673341 1.3293195962905886 1.7428844571113589 -1.4715842604637144 -2.0839923024177547 0.66334784030914318 0.33036196231842047 0.50360029935836803 0.4036636501550675 0.47483171522617346 1.3293195962905886 0.56342315673828136 -1.0790390372276304 0.34025625884532934 -0.35209529101848597 -0.72096729278564442 -0.25572071969509119 3.1817207336425786 1.6488203406333926 -0.10576522722840308 -1.2321716547012327 -1.1030326187610624 0.56791123747825634 -0.12762338668107984 -0.63364005088806141 1.0000000180025095e-35 0.96469175815582286 -0.40976983308792109 -0.35012911260128016 -0.36061540246009821 1.4230173230171206 0.33036196231842047 -0.41370218992233271 -0.31867027282714838 -1.6675534248352049 3.161914706230164 4.077608823776246 -0.60871845483779896 -0.62868699431419361 -0.41047183424234385 1.5210736989974978 1.0000000180025095e-35 -1.0790390372276304 -0.33603817224502558 -2.0839923024177547 -0.7517273724079131 1.0000000180025095e-35 2.9657179117202763 3.3817752599716191 -0.64406701922416676 -1.5493596196174619 0.50360029935836803 -0.98497489094734181 -0.88630282878875721 0.56342315673828136
decision_type=2 2 2 2 2 2 2 2 2 2 2 2 2 2 2 2 2 2 2 2 2 2 2 2 2 2 2 2 2 2 2 2 2 2 2 2 2 2 2 2 2 2 2 2 2 2 2 2 2 2 2 2 2 2 2 2 2
left_child=17 2 3 4 5 -2 -6 8 10 15 13 12 14 -3 -9 -10 -12 41 -14 28 22 -22 -5 24 25 -4 -11 34 -13 36 31 32 -31 -33 -25 52 51 -37 -21 40 -38 42 44 55 45 -1 47 56 -49 54 -46 -19 -32 -41 -48 -44 -43
right_child=1 7 23 20 6 -7 -8 11 9 26 16 19 18 -15 -16 -17 -18 29 -20 38 21 -23 -24 27 -26 -27 -28 -29 -30 30 35 33 -34 -35 -36 37 39 -39 -40 53 -42 46 43 -45 50 -47 49 48 -50 -51 -52 -53 -54 -55 -56 -57 -58
leaf_value=-0.10236118579340284 0.038830477560890662 0.016163713060305344 0.051610808229547958 -0.03917496995951443 -0.062194874675093187 -0.032511854493641856 0.052900337175616943 0.031263227749770695 0.4046177043825564 0.16308459970074515 0.094790609787744104 0.037068540030574942 -0.02237002306507628 -0.020219138140281475 -0.057358201900220854 0.19807513348241712 0.031350514913194384 0.12140508084185667 0.057193952334154211 -0.079707298355642608 -0.059264287779457685 0.059562907172047423 0.073838594657310727 -0.013464959024290525 0.12980783786984088 -0.032748027802885632 0.010184043903248754 0.087393268232358837 -0.009931628896995795 -0.022043859444212041 -0.14325596501884455 0.043433634654070553 0.19373922185225168 0.26201931134916867 0.0075419533378039806 -0.029567403038328017 -0.10302783037428859 0.11007765468418018 -0.0073971422506587461 -0.10176079496060515 0.03969171585736804 -0.10113443683312927 -0.10380970733641524 0.49369018169970114 -0.092296816896009812 0.076028984780425468 -0.10194589173509011 -0.10172017232377316 0.3974619951984697 0.032827404985782051 -0.017607805277133765 -0.0097706484270774427 -0.10449535893750593 -0.10482302360868104 -0.10100698979489318 -0.1014890276701262 -0.10280714066719399
leaf_weight=1.1021237159147861 45.913091647438705 251.61362830828875 40.532360840588808 4.9147429242730132 10.27522707171738 521.05126079823822 54.955454848706722 14.115142505615948 6.9361132550984639 3.9534023106098175 25.11462545581162 86.802859537303448 17.652482870966196 121.92535693757236 81.685510667972267 2.9369368851184845 86.440099325031042 0.88488047383725643 26.809382751584053 7.0563846230506888 11.034316055476667 9.880366310477255 37.648759841918945 109.77739392220974 5.8974820971488944 19.391386967152357 4.5550089888274652 6.7639115862548342 25.670852536335588 10.142002368345855 0.54396217316389073 1.9215340623632067 1.6017299536615599 1.5019959621131418 368.82407982647419 55.39075536839664 4.1557586975395679 1.5927972681820382 8.9150976091623289 8.8799791969358868 2.6013288665562913 1.3593213213607671 0.26178085803985596 0.3337027532979846 10.896107754670082 1.6246961690485484 3.6066985358484152 0.40273847058415668 0.39476392138749361 0.52699755132198234 1.9334689863026149 0.9120641946792627 4.3364407904446116 2.2109391214326033 19.029248751699924 0.6610072050243605 0.41501934174448241
leaf_count=77 628 2478 213 23 61 10120 363 195 56 21 171 417 96 1179 1526 13 521 25 120 29 57 43 176 588 29 96 25 36 210 352 6 45 39 27 1889 1846 245 27 37 594 96 139 14 10 1025 72 313 28 12 4 23 15 192 88 2114 57 33
internal_value=-0.00108269 0.00185731 -0.00501293 -0.0149028 -0.0203884 -0.0267345 0.0347704 0.0129508 0.0213947 0.221927 0.013796 -0.00287037 -0.0221413 0.00428813 -0.0443008 0.343177 0.045633 -0.0437189 0.025605 0.0181736 0.0397295 -0.00312878 0.0607891 0.00746942 0.0337644 0.0243122 0.0812287 0.00390351 0.0263413 -0.0288749 -0.0185604 0.0371695 0.00738684 0.139333 0.00272357 -0.0322238 -0.0693197 -0.0256641 -0.0393446 -0.0818186 -0.048084 -0.0774474 -0.0570114 0.056097 -0.0661471 0.0039274 -0.0907985 -0.0249642 0.145375 -0.0981082 -0.0810409 0.054825 -0.108816 -0.102371 -0.101157 -0.102147 -0.101526
internal_weight=2158.27 2019.04 1246.86 695.673 632.195 566.964 65.2307 772.183 503.475 18.3815 485.094 268.708 140.263 373.539 95.8007 9.87305 111.555 139.224 44.4619 128.445 63.4782 20.9147 42.5635 551.187 65.8212 59.9237 8.50841 485.365 112.474 96.6762 77.0312 15.1673 11.7437 3.42353 478.601 61.864 19.645 56.9836 15.9715 17.848 6.75709 42.5477 16.8129 1.25649 15.5564 2.72682 25.7348 2.57184 0.797502 23.1629 12.8296 1.79694 4.8804 11.0909 22.6359 0.922788 1.77434
internal_count=28934 21416 14322 11471 11172 10748 424 7094 4464 115 4349 2630 1937 3657 1721 69 692 7518 216 693 299 100 199 2851 338 309 46 2513 627 3597 2534 463 391 72 2477 2071 1063 1873 66 1023 341 3921 1278 81 1197 149 2643 212 40 2431 1048 40 198 682 2427 71 172
is_linear=0
shrinkage=0.1


Tree=29
num_leaves=56
num_cat=0
split_feature=11 1 1 11 8 5 11 14 9 3 6 11 5 9 9 5 11 3 10 9 0 13 0 10 13 11 9 0 10 0 9 9 9 9 0 5 5 12 11 9 5 0 10 8 11 14 2 0 0 11 1 13 0 13 9
split_gain=23.3996 11.9182 12.2635 15.1378 11.6098 11.453 10.5098 9.82054 10.2917 9.38159 9.07191 8.08219 6.92063 6.69563 6.68361 6.99174 8.81571 6.66158 6.58141 6.37838 6.04622 6.01264 8.65302 6.29428 5.71883 5.68142 6.13503 5.52403 6.94437 5.1651 8.62685 7.28082 5.02697 4.22077 4.19427 3.90837 9.30268 7.6822 3.90226 3.73916 3.63697 1.82336 1.19533 4.31505 4.31537 1.77288 4.15308 1.44271 0.522337 2.9937 0.371521 2.82675 0.00857242 0.00371915 0.00232213
threshold=-0.44028134644031519 -0.26639169454574579 -1.1825662851333616 1.2284542322158816 1.0000000180025095e-35 -0.44516101479530329 -0.72096729278564442 1.9610144495964053 0.084597874432802214 1.0000000180025095e-35 1.0000000180025095e-35 4.5428552627563485 -0.44319483637809748 -1.4715842604637144 1.0000000180025095e-35 1.4348321557044985 -0.50949159264564503 -0.97726249694824208 1.662305533885956 -1.3518779873847959 -0.89091074466705311 0.46362563967704779 -0.89091074466705311 -1.6675534248352049 4.800875425338746 0.74398261308670055 0.32401050627231603 -0.23246196657419202 -1.3345675468444822 0.14379449188709262 -0.99275901913642872 1.640780031681061 1.2816610932350161 -0.99275901913642872 3.2479102611541752 0.070632826536893858 -0.15023442357778546 0.24178354069590571 0.79396778345108043 1.640780031681061 -0.35569995641708368 1.3666279911994936 1.0000000180025095e-35 0.96469175815582286 -0.90937292575836171 0.76516234874725353 -1.0000000180025095e-35 2.9657179117202763 1.5547562241554262 -0.88630282878875721 -1.1825662851333616 3.161914706230164 2.5894614458084111 3.3817752599716191 1.2816610932350161
decision_type=2 2 2 2 2 2 2 2 2 2 2 2 2 2 2 2 2 2 2 2 2 2 2 2 2 2 2 2 2 2 2 2 2 2 2 2 2 2 2 2 2 2 2 2 2 2 2 2 2 2 2 2 2 2 2
left_child=6 2 11 17 5 25 42 8 -7 10 12 29 52 -9 15 33 -17 32 24 -19 -14 23 -23 -16 -12 41 -27 28 -6 31 -31 -2 -4 -11 38 36 -5 -37 -29 -30 -36 -3 43 45 -45 47 -47 -1 50 -50 51 -44 -8 -52 -51
right_child=1 4 3 35 27 7 9 13 -10 14 18 -13 20 -15 21 16 -18 19 -20 -21 -22 22 -24 -25 -26 26 -28 34 39 30 -32 -33 -34 -35 40 37 -38 -39 -40 -41 -42 -43 48 44 -46 46 -48 -49 49 54 53 -53 -54 -55 -56
leaf_value=-0.088653351466373112 -0.0084512753099652144 -0.084322555138574964 -0.065925693349631151 0.0086995165571058918 0.13856348456721848 0.023191005819121049 -0.10322933702424356 -0.060192246442103053 0.0021294986826477648 -0.015440983658631641 -0.075913302346240247 0.15679411477148136 0.037610470746775169 0.075506180795032185 0.049925398787316666 0.030355371886230061 0.34707527504150232 0.035623947301905899 0.19845912109985434 -0.028264970913411486 -0.024757381503143404 0.18388301099084484 -0.011943496957099327 -0.062971735421900363 0.26373249237182084 0.044341644803839869 -0.064435053915340407 -0.050442605070841917 -0.0032532967868134388 0.097724597037716077 0.012490819384446664 0.096973336361178664 0.011751837961116542 0.04249205029776143 -0.062216714928359763 0.01395302128352084 -0.065771835585262881 0.13525060256126431 -0.014518853534786359 0.092466076452970988 0.054262961127138701 0.036720283512085221 -0.1012242405173889 -0.10597858369063998 0.19609829027833503 -0.10251461451794966 0.24506619131694191 0.12608962577469751 0.2698493555465542 -0.10250910559264509 -0.10099714604005242 0.22754348833482091 -0.1164430951528681 -0.10765246504952729 -0.11344274273862474
leaf_weight=14.82366857863963 115.69638325832784 18.818176062777642 70.762974006123841 110.77304157614708 3.8823884651064864 494.02816463261843 7.5882318597286922 4.0184110179543486 437.44834973476827 22.314793287776411 54.086932562757283 3.8121022582054129 21.76563430391252 38.2237478364259 5.8966054860502473 2.1324609667062764 1.494924223050474 17.285737578757107 0.90933698043227096 162.78622064553201 54.378680335357785 3.0061452984809867 9.0479054590687138 30.387351677753031 0.50032628327608009 12.131644345819952 9.054950647056101 54.312570962123573 78.506052834913135 15.398856482468544 51.889832204207778 6.9440062912181011 9.4431589310988766 28.815184920094907 3.5324717536568633 31.886748574674129 19.766927152872086 6.2437183558940879 68.217452023178339 4.3048576507717362 11.116439886391161 1.3326289374381293 2.024200088344521 0.76303079118952188 1.2438079169951368 0.89089900907129049 0.55974605726078042 0.31959933787584383 0.26438776310533274 0.84435542672872432 16.335584950167689 0.30032424209639419 0.52492878958582867 0.88516310229897399 0.25228872057050467
leaf_count=1521 1233 350 1273 502 26 3482 388 25 3382 509 2697 16 280 236 74 53 18 201 7 2474 1432 29 149 1127 3 57 45 1360 1277 141 501 51 168 667 20 141 89 28 377 47 51 22 221 32 34 59 22 2 16 80 1896 18 5 15 5
internal_value=-0.00103732 0.0030313 -0.00825488 -0.0176864 0.00870378 0.0132499 -0.0278624 0.0154386 0.0132999 -0.0200808 -0.0369621 0.0126267 -0.0162847 0.0625975 0.00280321 0.0267258 0.160883 -0.0328091 -0.0683555 -0.0221321 -0.00692971 -0.0242964 0.0368934 -0.0446245 -0.0728002 -0.0383038 -0.00214849 -0.0119089 0.00785075 0.00973308 0.0319964 -0.00248204 -0.0567802 0.0172082 -0.0243964 0.00564976 -0.00257726 0.033815 -0.0304424 0.0017226 0.0261748 -0.0763177 -0.0756956 -0.0572548 0.081244 -0.0740046 0.031603 -0.0841212 -0.0921028 -0.0322032 -0.0962739 -0.0587481 -0.104084 -0.101339 -0.105024
internal_weight=2143.97 1861.62 622.69 428.949 1238.93 1015.06 282.356 973.719 931.477 242.849 139.754 193.741 84.2575 42.2422 103.095 54.7574 3.62739 260.278 55.4966 180.072 76.1443 48.338 12.0541 36.284 54.5873 41.3374 21.1866 223.872 86.6933 189.929 67.2887 122.64 80.2061 51.13 137.179 168.67 130.54 38.1305 122.53 82.8109 14.6489 20.1508 39.5071 18.6008 2.00684 16.5939 1.45065 15.1433 20.9063 1.36103 19.5453 2.32452 8.11316 17.2207 1.09664
internal_count=28934 17575 6818 4876 10757 7599 11359 7125 6864 7438 4812 1942 2105 261 2626 1247 71 4116 2707 2675 1712 1379 178 1201 2700 474 102 3158 1350 1926 642 1284 1441 1176 1808 760 591 169 1737 1324 71 372 3921 1670 66 1604 81 1523 2251 101 2150 239 393 1911 85
is_linear=0
shrinkage=0.1


end of trees

feature_importances:
Column_11=278
Column_10=228
Column_0=206
Column_9=161
Column_5=150
Column_13=133
Column_8=77
Column_6=56
Column_12=49
Column_15=39
Column_1=38
Column_3=38
Column_2=33
Column_14=30
Column_7=20
Column_4=3

parameters:
[boosting: gbdt]
[objective: binary]
[metric: binary_logloss]
[tree_learner: serial]
[device_type: cpu]
[data_sample_strategy: bagging]
[data: ]
[valid: ]
[num_iterations: 30]
[learning_rate: 0.1]
[num_leaves: 64]
[num_threads: 4]
[seed: 0]
[deterministic: 1]
[force_col_wise: 1]
[force_row_wise: 0]
[histogram_pool_size: -1]
[max_depth: 6]
[min_data_in_leaf: 20]
[min_sum_hessian_in_leaf: 0.001]
[bagging_fraction: 1]
[pos_bagging_fraction: 1]
[neg_bagging_fraction: 1]
[bagging_freq: 0]
[bagging_seed: 7719]
[bagging_by_query: 0]
[feature_fraction: 1]
[feature_fraction_bynode: 1]
[feature_fraction_seed: 2437]
[extra_trees: 0]
[extra_seed: 11797]
[early_stopping_round: 0]
[early_stopping_min_delta: 0]
[first_metric_only: 0]
[max_delta_step: 0]
[lambda_l1: 0]
[lambda_l2: 0]
[linear_lambda: 0]
[min_gain_to_split: 0]
[drop_rate: 0.1]
[max_drop: 50]
[skip_drop: 0.5]
[xgboost_dart_mode: 0]
[uniform_drop: 0]
[drop_seed: 21238]
[top_rate: 0.2]
[other_rate: 0.1]
[min_data_per_group: 100]
[max_cat_threshold: 32]
[cat_l2: 10]
[cat_smooth: 10]
[max_cat_to_onehot: 4]
[top_k: 20]
[monotone_constraints: ]
[monotone_constraints_method: basic]
[monotone_penalty: 0]
[feature_contri: ]
[forcedsplits_filename: ]
[refit_decay_rate: 0.9]
[cegb_tradeoff: 1]
[cegb_penalty_split: 0]
[cegb_penalty_feature_lazy: ]
[cegb_penalty_feature_coupled: ]
[path_smooth: 0]
[interaction_constraints: ]
[verbosity: -1]
[saved_feature_importance_type: 0]
[use_quantized_grad: 0]
[num_grad_quant_bins: 4]
[quant_train_renew_leaf: 0]
[stochastic_rounding: 1]
[linear_tree: 0]
[max_bin: 255]
[max_bin_by_feature: ]
[min_data_in_bin: 3]
[bin_construct_sample_cnt: 200000]
[data_random_seed: 38]
[is_enable_sparse: 1]
[enable_bundle: 1]
[use_missing: 1]
[zero_as_missing: 0]
[feature_pre_filter: 1]
[pre_partition: 0]
[two_round: 0]
[header: 0]
[label_column: ]
[weight_column: ]
[group_column: ]
[ignore_column: ]
[categorical_feature: ]
[forcedbins_filename: ]
[precise_float_parser: 0]
[parser_config_file: ]
[objective_seed: 8855]
[num_class: 1]
[is_unbalance: 0]
[scale_pos_weight: 1]
[sigmoid: 1]
[boost_from_average: 1]
[reg_sqrt: 0]
[alpha: 0.9]
[fair_c: 1]
[poisson_max_delta_step: 0.7]
[tweedie_variance_power: 1.5]
[lambdarank_truncation_level: 30]
[lambdarank_norm: 1]
[label_gain: ]
[lambdarank_position_bias_regularization: 0]
[eval_at: ]
[multi_error_top_k: 1]
[auc_mu_weights: ]
[num_machines: 1]
[local_listen_port: 12400]
[time_out: 120]
[machine_list_filename: ]
[machines: ]
[gpu_platform_id: -1]
[gpu_device_id: -1]
[gpu_device_id_list: ]
[gpu_use_dp: 0]
[num_gpu: 1]

end of parameters

pandas_categorical:null
