tree
version=v4
num_class=1
num_tree_per_iteration=1
label_index=0
max_feature_idx=10
objective=binary sigmoid:1
feature_names=Column_0 Column_1 Column_2 Column_3 Column_4 Column_5 Column_6 Column_7 Column_8 Column_9 Column_10
feature_infos=[-1.4119601249694824:4.1034555435180664] [-2.0384681224822998:0.49056443572044373] [-0.85078370571136475:2.6228978633880615] [-0.12283967435359955:41.876628875732422] [-0.18269094824790955:28.152067184448242] [-0.23968759179115295:18.903539657592773] [-0.69385451078414917:7.0989351272583008] [-0.73578119277954102:1.3590997457504272] [-1.4395871162414551:1.6305083036422729] [-5.5127677917480469:6.2008318901062012] [-0.3273220956325531:16.042469024658203]
tree_sizes=5170 6000 6017 5513 4879 5607 4797 4968 5302 4563 4675 4561 5415 4797 4253 4163 4158 4480 3715 4054 3103 4058 2466 3204 2163 2475 2580 3401 2687 2156

Tree=0
num_leaves=48
num_cat=0
split_feature=6 0 0 6 6 10 0 9 10 10 10 0 6 9 8 10 0 0 6 6 8 6 8 0 8 8 10 10 8 1 8 8 0 6 0 10 10 8 6 7 4 9 8 8 5 10 0
split_gain=336.791 109.44 99.2323 75.8766 26.8747 22.5024 20.669 19.7539 14.7497 12.7871 11.1619 9.84563 9.27547 9.14742 8.85006 8.76211 8.55081 8.19582 10.9236 7.69028 7.68795 7.34546 7.19524 9.13788 7.18924 6.71505 6.5986 6.75961 5.8202 5.45677 5.37969 5.32953 4.01695 4.15566 3.80108 3.38186 3.03048 2.76139 2.62982 2.6134 2.4401 2.58967 2.12498 1.90893 1.66706 1.54957 0.969839
threshold=-0.36915494501590723 -1.0301236808300016 -0.09674565494060515 0.49671061336994177 0.92964339256286632 -0.25594319403171534 -0.35130329430103296 -0.14403465948998925 -0.30091203749179835 -0.23424443602561948 -0.27905312180519098 -1.1998288035392759 -0.58562132716178883 -4.0485677719116202 -1.2950533628463743 -0.29637390375137324 1.7700104117393496 -0.60586094856262196 -0.15268855541944501 2.6613743305206303 1.6255243420600893 0.92964339256286632 -0.30823703110218043 0.75177982449531566 -0.46772249042987818 1.266682028770447 -0.30295163393020624 -0.27525198459625239 0.95767891407012951 1.0000000180025095e-35 0.26989780366420751 0.55896523594856273 -0.26645074784755701 1.7955088615417483 0.58207473158836376 -0.027858875691890713 -0.30404967069625849 0.55896523594856273 -0.15268855541944501 1.0000000180025095e-35 1.0000000180025095e-35 0.24641866236925128 0.37954407930374151 -0.18862292170524594 1.0000000180025095e-35 0.15509242564439776 -0.35130329430103296
decision_type=2 2 2 2 2 2 2 2 2 2 2 2 2 2 2 2 2 2 2 2 2 2 2 2 2 2 2 2 2 2 2 2 2 2 2 2 2 2 2 2 2 2 2 2 2 2 2
left_child=1 7 4 20 8 6 12 -1 17 26 15 -10 29 -13 -7 21 30 18 -2 25 22 -5 23 -4 36 -12 42 -28 -26 -3 -16 45 40 -34 -17 38 -8 -14 -22 -24 41 -6 -9 -21 -42 -11 -19
right_child=2 5 3 10 32 14 24 9 11 31 19 13 37 -15 16 34 -18 46 -20 43 35 -23 39 -25 28 -27 27 -29 -30 -31 -32 -33 33 -35 -36 -37 -38 -39 -40 -41 44 -43 -44 -45 -46 -47 -48
leaf_value=-0.28817170897947997 -0.21442761140579927 -0.29722545771686559 -0.20480569409823043 -0.19095751886878701 0.026467766540074628 -0.32057643901637756 -0.34434858367530652 -0.25087026418145109 0.039476116949151846 0.0049110715764609514 -0.075297559352475396 -0.22264214379375358 -0.18337746505898639 -0.084747588427933618 -0.21485191576468124 -0.15698332897255243 -0.31539168221047398 -0.19095751886878701 -0.052173624569346599 -0.061338598721196402 -0.34938064349361986 -0.06763951845059317 -0.1996981050549847 -0.2974936176202313 -0.25918747822425481 -0.16684237093435156 -0.11457783059205447 -0.22419313941945127 -0.31490288358904195 -0.2424900409413534 -0.15855278883188936 -0.14199037125747499 -0.14199037125747499 -0.015513727961947221 -0.25036619060309934 -0.21016032185361525 -0.30102391610964024 -0.23576405916671955 -0.26827406772875328 -0.14382336608784496 -0.066644636388056844 -0.032214347527540238 -0.16962107110786673 0.016432753367357944 0.0028162203417524678 -0.061338598721196402 -0.24429863827108766
leaf_weight=7.935349464416503 6.6954511106014278 25.541906088590622 25.789885759353638 6.9434307813644436 23.062109380960464 6.94343078136444 20.582312673330307 6.1994917690753919 6.1994917690753928 8.6792884767055529 32.237357199192047 4.9595934152603141 28.269682466983795 160.19486731290817 43.644422054290771 9.6712071597576159 6.1994917690753928 6.9434307813644409 10.911105513572695 4.9595934152603141 6.9434307813644454 15.870698928833006 35.957052260637283 18.10251596570015 79.353494644165039 10.663125842809675 44.140381395816803 6.4474714398384085 24.549987405538559 63.482795715332031 27.773723125457764 4.9595934152603141 4.9595934152603132 5.4555527567863464 7.935349464416503 5.2075730860233298 74.889860570430756 15.62271925806999 9.4232274889945984 10.911105513572691 9.4232274889945966 11.159085184335707 6.6954511106014252 8.6792884767055494 5.4555527567863455 5.951512098312377 6.6954511106014234
leaf_count=32 27 103 104 28 93 28 83 25 25 35 130 20 114 646 176 39 25 28 44 20 28 64 145 73 320 43 178 26 99 256 112 20 20 22 32 21 302 63 38 44 38 45 27 35 22 24 27
internal_value=-0.180279 -0.23678 -0.119409 -0.170754 -0.0784113 -0.25847 -0.270191 -0.13743 -0.0957661 -0.123031 -0.105945 -0.0842444 -0.239645 -0.0888886 -0.212413 -0.146072 -0.202737 -0.158953 -0.113876 -0.0772567 -0.226693 -0.105171 -0.213938 -0.243033 -0.290554 -0.0980515 -0.144826 -0.128548 -0.272352 -0.258194 -0.192958 -0.0524056 -0.0193325 -0.0757407 -0.199071 -0.28035 -0.310364 -0.202024 -0.302683 -0.18669 -0.00736708 0.00733229 -0.208683 -0.0118477 -0.0411757 -0.0220379 -0.217143
internal_weight=979.272 507.862 471.409 209.295 262.115 416.854 332.293 91.0085 202.599 83.0732 96.9601 171.354 132.917 165.154 84.5611 40.4207 77.6176 31.2454 17.6066 56.5394 112.335 22.8141 90.7606 43.8924 199.376 42.9005 63.4828 50.5879 103.903 89.0247 71.4181 19.5904 59.5151 10.4151 17.6066 21.5742 95.4722 43.8924 16.3667 46.8682 49.1 34.2212 12.8949 13.6389 14.8788 14.6308 13.6389
internal_count=3949 2048 1901 844 1057 1681 1340 367 817 335 391 691 536 666 341 163 313 126 71 228 453 92 366 177 804 173 256 204 419 359 288 79 240 42 71 87 385 177 66 189 198 138 52 55 60 59 55
is_linear=0
shrinkage=1


Tree=1
num_leaves=56
num_cat=0
split_feature=6 0 0 10 6 6 0 9 6 10 0 6 0 10 10 10 1 8 8 10 6 6 10 10 0 0 2 8 7 9 0 1 0 0 0 8 10 8 0 4 0 10 0 7 8 10 8 4 9 9 0 8 10 8 2
split_gain=276.889 104.522 54.1926 35.095 34.023 18.3967 22.1992 16.2087 13.5367 12.8454 11.4725 11.1485 11.1186 10.5593 9.53921 7.89172 7.56234 7.21044 6.93082 6.73941 6.68393 6.54041 7.83988 6.04972 6.03985 5.67633 8.57397 5.64916 5.1388 4.96606 6.00864 4.52395 4.16292 4.0549 3.88381 5.97068 3.61649 3.60654 3.38135 3.29313 3.0492 2.96008 2.67798 2.56777 2.36471 2.32209 2.16879 1.95119 2.07631 1.8685 1.55262 1.50762 1.50486 0.997693 0.597965
threshold=-0.15268855541944501 -0.52100838720798481 -0.26645074784755701 -0.23738870024681089 0.49671061336994177 -0.36915494501590723 -1.0301236808300016 -0.14403465948998925 0.92964339256286632 -0.29357671737670893 -1.1998288035392759 -0.58562132716178883 0.15781198441982272 -0.27905312180519098 -0.30181795358657831 -0.27905312180519098 1.0000000180025095e-35 0.22005860507488254 0.81812912225723278 -0.29599569737911219 1.3625761270523074 2.6613743305206303 0.15509242564439776 -0.2204632684588432 1.1760425567626955 -0.86041858792304982 1.0000000180025095e-35 -0.7667577564716338 1.0000000180025095e-35 0.24641866236925128 1.9397154450416567 1.0000000180025095e-35 0.58207473158836376 1.0000000180025095e-35 1.6003052592277529 0.97761461138725292 -0.29556339979171747 -0.45775465667247767 -0.43615584075450892 1.0000000180025095e-35 1.5154527425765993 -0.29038961231708521 1.0000000180025095e-35 1.0000000180025095e-35 1.2168427705764773 -0.27583545446395868 -0.17865508049726483 1.0000000180025095e-35 0.24641866236925128 -0.14403465948998925 -0.52100838720798481 -0.18862292170524594 -0.25346739590167994 1.2168427705764773 0.88605710864067089
decision_type=2 2 2 2 2 2 2 2 2 2 2 2 2 2 2 2 2 2 2 2 2 2 2 2 2 2 2 2 2 2 2 2 2 2 2 2 2 2 2 2 2 2 2 2 2 2 2 2 2 2 2 2 2 2 2
left_child=1 3 8 5 23 6 7 -1 15 11 -5 40 17 19 -7 28 -8 46 -19 20 -6 22 -15 24 41 26 -12 -27 31 30 -13 -2 -21 -25 35 -14 -30 -26 39 -17 43 -4 -31 -3 -35 -16 -11 48 53 -36 -50 -23 -49 -10 -42
right_child=2 9 4 10 13 14 16 -9 47 12 25 29 34 21 45 38 -18 18 -20 32 -22 51 -24 33 37 27 -28 -29 36 42 -32 -33 -34 44 49 -37 -38 -39 -40 -41 54 -43 -44 -45 -46 -47 -48 52 50 -51 -52 -53 -54 -55 -56
leaf_value=-0.14093312452629023 0.02174654038721523 -0.087746656654228233 -0.027756748848059155 0.18149797942676721 0.014576415563674956 -0.051401568984431559 -0.098073370255460701 0.03272354518125109 0.19738794122763434 -0.036383598594760876 0.11449711702965049 -0.087567804488767387 -0.046038047733177823 0.1135958838444327 0.10497963277683298 0.1160875173291822 -0.038583124122375939 0.094740234662023082 -0.022925404724771375 0.022946434005122668 0.1107850386043972 0.11077520645176323 0.034448332055005949 0.10215080316384431 -0.15479555366562078 -0.073681804658873681 0.012641184951066895 0.046788195330432936 0.058329946913919434 0.029382617416339508 0.027828829819015806 0.10407506963038625 -0.076276283030613387 0.026066701774381529 -0.05566849020888457 -0.11323721192415961 -0.030693296907099894 -0.051908050756332529 0.06000588143488586 0.18423938287914787 -0.13714213371614933 0.033859012542748666 -0.051490525053451898 -0.12099230795620108 -0.051254346896320149 0.027974089459641069 -0.10145361251815094 0.15922978629022233 0.094154668787957405 -0.12454419359890795 0.16848224971415529 0.17756822041270554 0.095540897929741478 0.15122601264406593 -0.17492976050880349
leaf_weight=5.877139449119567 8.4740963727235776 42.944401070475578 33.649620190262794 8.2249031811952573 14.411007151007654 6.1798777282238033 29.434555023908615 62.88698273897171 16.747066766023639 29.852642133831978 22.912877202033997 56.531122758984566 48.265139266848564 27.922944515943527 18.20461946725846 43.166317954659462 77.971708819270134 8.6578441858291644 11.867931559681891 10.942272886633875 14.473570823669432 5.2452848404645911 22.680547103285789 5.4808036386966732 5.1355325728654853 5.6680602431297329 12.926937282085417 12.425679489970205 11.699659019708635 7.1548464298248318 4.9036156982183448 31.42883674800396 6.8914402723312369 14.55737164616585 4.9154007881879833 18.210687264800072 7.4813009500503531 10.121872425079344 8.7343078851699811 8.4835357666015607 18.826359167695049 10.148307546973227 9.5724640190601331 50.61187969148159 5.430950626730918 4.9891106784343675 6.1831126511096945 6.7458333224058142 5.4985733032226562 19.824025556445122 5.7485084533691388 9.4993639886379224 8.2436152249574643 6.4988617300987235 5.3856928944587699
leaf_count=24 34 175 136 33 58 25 120 253 67 121 92 230 196 112 73 173 316 35 48 44 58 21 91 22 21 23 52 50 47 29 20 126 28 59 20 74 30 41 35 34 77 41 39 207 22 20 25 27 22 81 23 38 33 26 22
internal_value=-4.15639e-05 -0.0412056 0.06881 0.00564397 0.0331156 -0.0142671 -0.0264831 0.0178814 0.110344 -0.0776953 0.0714853 -0.0944845 -0.0554352 0.0692448 0.0589994 0.092127 -0.0548864 -0.0206019 0.0267064 0.032941 0.0627849 0.0951989 0.0781219 -0.0147861 -0.0323554 0.0547083 0.0777591 0.00904966 0.0661442 -0.0652044 -0.078357 0.0865911 -0.015396 0.0259519 -0.0770349 -0.0644469 0.0236075 -0.0865392 0.11755 0.127282 -0.113918 -0.0134799 -0.0168983 -0.105732 0.0050581 0.0884153 -0.0475485 0.154326 0.167417 -0.110859 0.132144 0.153807 0.124203 0.184482 -0.145548
internal_weight=976.951 611.41 365.541 267.702 196.591 205.544 176.17 68.7641 168.951 343.707 62.1585 195.93 147.777 112.066 29.3736 119.468 107.406 56.5615 20.5258 46.7183 28.8846 65.3481 50.6035 84.5245 59.0553 53.9336 35.8398 18.0937 59.0839 78.162 61.4347 39.9029 17.8337 25.4691 91.2153 66.4758 19.181 15.2574 60.3842 51.6499 117.768 43.7979 16.7273 93.5563 19.9883 23.1937 36.0358 49.4825 34.493 24.7394 11.2471 14.7446 14.9894 23.2459 24.2121
internal_count=3949 2480 1469 1081 792 831 713 277 677 1399 250 799 600 450 118 479 436 229 83 188 116 262 203 342 239 217 144 73 237 318 250 160 72 103 371 270 77 62 242 207 481 177 68 382 81 93 146 198 138 101 45 59 60 93 99
is_linear=0
shrinkage=0.1


Tree=2
num_leaves=56
num_cat=0
split_feature=6 0 0 10 6 0 6 10 6 0 0 0 10 10 0 10 8 6 10 10 6 10 0 8 8 0 2 8 10 0 7 10 1 9 10 8 8 0 8 8 10 10 10 8 6 8 10 4 9 5 0 8 8 10 0
split_gain=225.337 86.176 43.9324 28.4409 27.5571 15.0055 14.0469 11.4496 11.3223 10.4918 9.36861 9.13174 8.60372 7.83966 6.71355 6.39005 6.00965 5.87368 5.94815 5.68404 5.36225 4.92081 5.00974 4.71193 7.03606 4.5783 6.91683 4.59629 4.38869 4.27942 4.15048 3.88448 3.65276 3.38937 3.30012 3.26972 3.17571 3.95668 3.10915 3.02275 3.02261 2.92549 2.82178 2.70426 2.67661 2.65686 2.39994 1.66682 1.78871 1.31873 1.27797 1.10633 0.847687 0.73624 0.488934
threshold=-0.15268855541944501 -0.52100838720798481 -0.26645074784755701 -0.23738870024681089 0.49671061336994177 -1.1998288035392759 -0.36915494501590723 -0.27009582519531244 0.92964339256286632 -0.35130329430103296 -1.1998288035392759 -1.0301236808300016 -0.28036835789680475 -0.30181795358657831 0.58207473158836376 -0.27905312180519098 -0.61724013090133656 2.6613743305206303 0.15509242564439776 -0.29599569737911219 -0.58562132716178883 -0.2204632684588432 1.1760425567626955 1.6255243420600893 0.26989780366420751 -0.86041858792304982 1.0000000180025095e-35 -0.7667577564716338 -0.29954338073730463 0.66692727804183971 1.0000000180025095e-35 -0.2977535724639892 1.0000000180025095e-35 -1.1201679706573484 -0.16969715803861615 1.1470679044723513 0.93774321675300609 -0.52100838720798481 -0.45775465667247767 0.43935112655162817 -0.15257510542869565 -0.29534606635570521 -0.30269144475460047 1.2168427705764773 -0.58562132716178883 -0.088944498449563966 -0.29038961231708521 1.0000000180025095e-35 0.24641866236925128 1.0000000180025095e-35 -0.52100838720798481 -0.18862292170524594 1.2168427705764773 -0.29720324277877802 0.49722218513488775
decision_type=2 2 2 2 2 2 2 2 2 2 2 2 2 2 2 2 2 2 2 2 2 2 2 2 2 2 2 2 2 2 2 2 2 2 2 2 2 2 2 2 2 2 2 2 2 2 2 2 2 2 2 2 2 2 2
left_child=1 3 8 5 21 44 11 9 15 20 -5 -7 14 -8 28 30 42 18 -14 -16 45 22 46 24 33 26 -12 -27 -6 -26 32 -22 -2 -9 -23 -18 39 -38 -24 -17 -25 -32 -11 -36 53 -3 -4 48 52 -49 -50 -19 -10 -1 -42
right_child=2 7 4 10 12 6 13 23 47 16 25 -13 17 -15 19 36 35 51 -20 -21 31 34 38 40 29 27 -28 -29 -30 -31 41 -33 -34 -35 43 -37 37 -39 -40 -41 54 -43 -44 -45 -46 -47 -48 49 50 -51 -52 -53 -54 -55 -56
leaf_value=0.019980199634769841 0.019552045056438754 -0.038966946144646436 -0.025057700884887648 0.16392991333652959 0.11773558428045541 0.0015227744985219051 -0.058098605554764676 -0.12122335028751725 0.17994304588685089 -0.13715087511812155 0.10279314871547184 -0.049806665012647612 0.099306773228836409 0.071906708148961676 0.021774112714900526 0.10934405728185664 -0.066421987057787985 0.10486362140697621 0.030955787333582792 -0.093140940659003815 -0.027766785136786459 0.096579183170147354 -0.143578551556688 -0.15024991397981272 0.062979153025206319 -0.067001091676737207 0.011368026021091557 0.041982632958676207 0.031559072471916062 -0.031732795375346408 0.050698868585326254 0.076108069244108345 0.093488179298705038 -0.038999418358083383 0.030773634833507691 -0.10640176788361391 0.10081759835618741 0.00043493444983051262 -0.047030542125654946 0.18253243557695403 -0.037863337543927539 -0.030478242269936041 -0.098143991285845777 -0.046767236911809423 0.11832932343252725 -0.12106697457923486 0.030379544096196157 0.08942274494429818 0.084798319731827207 0.15105392420802757 0.15231655688858425 0.1613307711722739 0.13720074020398301 0.070727040420278831 -0.080003947743996717
leaf_weight=6.714083507657052 8.4822234958410245 12.129674479365347 33.55200657248497 8.1960738897323591 9.2235733866691607 51.361851394176483 5.8966974616050747 5.6230809390544882 16.541899129748348 25.041525632143021 22.965246573090553 106.58111445605755 28.971682608127594 21.738298192620277 13.451902374625208 34.469780534505844 96.502801686525345 5.4952603280544272 22.713541254401207 6.329657405614852 8.6152782738208753 4.9547611325979259 4.9904035627841941 5.3028322309255627 11.175562039017679 5.6128084212541607 12.936661481857298 12.461092352867125 16.447755545377731 8.3239475041627866 12.226491793990137 6.1843475252389899 31.48446586728096 46.228545695543289 13.883394464850427 25.959140598773956 13.731908753514292 5.4989734590053549 10.057858943939207 6.7478020191192618 5.6588581800460798 6.9704549312591544 71.492241948843002 6.6529445499181739 7.4348352551460257 5.8392229527235058 10.177863806486128 9.4907750487327558 5.4947279095649719 5.4743550121784201 5.7233896702527982 9.4132817685604078 6.4489591717720023 4.9790294021368036 5.3621991723775864
leaf_count=27 34 50 136 33 37 207 24 23 67 105 92 436 116 87 54 138 397 22 91 26 35 20 21 22 45 23 52 50 66 34 49 25 126 189 56 108 55 22 41 27 23 28 297 27 30 24 41 38 22 22 23 38 26 20 22
internal_value=-6.71428e-05 -0.0374412 0.0619991 0.00507634 0.0298347 -0.0129143 -0.0216065 -0.0708698 0.0994097 -0.081708 0.064312 -0.0331147 0.0623265 0.0441664 0.0287852 0.0828032 -0.0896045 0.0852198 0.0692693 -0.0149961 -0.0289343 -0.0133673 -0.0292809 -0.0397475 -0.028659 0.0491854 0.0698496 0.00813799 0.0625218 0.0225485 0.0594401 0.0156396 0.0777965 -0.0479162 0.0233269 -0.0748968 0.10567 0.0721137 -0.0790484 0.121326 -0.0882149 0.0212233 -0.108263 0.00565352 0.071417 -0.0656464 -0.012155 0.139804 0.151981 0.111968 0.119246 0.140517 0.167954 0.0415886 -0.0583665
internal_weight=971.419 606.317 365.102 266.878 196.316 204.706 185.578 339.439 168.786 251.764 62.1719 157.943 112.047 27.635 45.4529 119.612 218.996 66.5938 51.6852 19.7816 32.7685 84.2692 58.7781 87.675 71.3511 53.9758 35.9019 18.0739 25.6713 19.4995 59.1636 14.7996 39.9667 51.8516 25.4911 122.462 60.4485 19.2309 15.0483 41.2176 16.3239 19.1969 96.5338 20.5363 19.1279 17.9689 43.7299 49.1741 34.209 14.9651 11.2181 14.9085 22.9909 11.6931 11.0211
internal_count=3949 2480 1469 1081 792 831 754 1399 677 1041 250 643 450 111 183 479 907 267 207 80 134 342 239 358 291 217 144 73 103 79 237 60 160 212 103 505 242 77 62 165 67 77 402 83 77 74 177 198 138 60 45 60 93 47 45
is_linear=0
shrinkage=0.1


Tree=3
num_leaves=51
num_cat=0
split_feature=6 0 0 6 6 10 9 8 0 0 10 10 10 0 1 0 8 10 8 6 10 10 2 6 8 8 9 8 8 0 10 6 10 10 8 10 10 0 10 0 10 10 0 8 8 1 6 6 8 10
split_gain=185.834 60.2815 54.5479 41.3909 14.9382 14.7572 13.5765 9.6258 9.55203 9.50946 8.94413 7.99285 7.69487 7.41984 7.20087 7.03202 5.88768 5.83431 5.50735 5.45571 5.42113 5.36123 5.33471 5.23295 4.79551 4.70135 4.62222 4.55657 4.22319 5.95501 4.05045 3.88754 5.23783 3.86392 3.5458 3.38413 3.20104 3.01845 2.70146 2.69274 2.59717 2.30589 1.94689 1.85517 1.79287 1.7905 1.55858 1.30946 1.00461 0.770049
threshold=-0.36915494501590723 -1.0301236808300016 -0.09674565494060515 0.28024421632289892 1.0000000180025095e-35 -0.28996357321739191 -0.14403465948998925 -1.2551820278167722 -0.86041858792304982 -0.35130329430103296 -0.28036835789680475 -0.30295163393020624 -0.2958864420652389 1.6003052592277529 1.0000000180025095e-35 -1.1998288035392759 0.040637444704771049 -0.29230052232742304 0.78822559118270885 0.92964339256286632 -0.30181795358657831 -0.29860350489616388 1.0000000180025095e-35 2.6613743305206303 1.266682028770447 -0.14875154942274091 -1.3153946399688718 1.6255243420600893 -0.30823703110218043 0.75177982449531566 -0.17268623411655423 1.3625761270523074 -0.29489447176456446 -0.29543592035770411 0.93774321675300609 -0.29440073668956751 0.36414401233196264 0.32751707732677465 -0.31246763467788691 0.66692727804183971 -0.29868032038211817 -0.29489447176456446 -0.35130329430103296 -0.98605027794837941 0.37954407930374151 1.0000000180025095e-35 -0.15268855541944501 -0.58562132716178883 -0.18862292170524594 -0.25256882607936854
decision_type=2 2 2 2 2 2 2 2 2 2 2 2 2 2 2 2 2 2 2 2 2 2 2 2 2 2 2 2 2 2 2 2 2 2 2 2 2 2 2 2 2 2 2 2 2 2 2 2 2 2
left_child=1 6 4 27 8 9 -1 47 22 14 12 44 19 34 43 35 -17 31 -16 -5 38 -22 36 24 -12 45 -19 28 29 -4 -24 32 -6 -27 -9 -13 -2 -30 -10 -14 -33 -29 -28 -3 -8 -11 -43 -7 -25 -15
right_child=2 5 3 10 17 7 11 13 20 25 23 15 39 49 18 16 -18 26 -20 -21 21 -23 30 48 -26 33 42 41 37 -31 -32 40 -34 -35 -36 -37 -38 -39 -40 -41 -42 46 -44 -45 -46 -47 -48 -49 -50 -51
leaf_value=-0.096045483750469132 0.12361202854995119 -0.067157709402625748 -0.023369904912685896 -0.004126051597086248 0.072373604221712531 -0.14079386607852765 -0.068811270743167549 -0.0056721573914720949 0.014558280211327081 -0.12281480634779514 0.072746874186873894 0.056403357463872809 -0.012115987490374331 -0.070700058824468018 -0.045402154612084841 0.060714504187514742 -0.010611866806567156 0.020566172258534306 0.029725938758515327 0.079043651611661908 0.10809955608984559 0.022442603912931722 -0.0073075881814539867 0.090747950124218643 0.0023315768492168411 -0.079948496251262019 0.12526297347898022 -0.14633974865965513 -0.058382597924534589 -0.1051052252391866 0.091019645780794745 0.16348402392943523 -0.020376383439717864 -0.018353931369388666 -0.047598995247384632 0.14333057069755414 0.038795434595582524 0.0080556174425722351 -0.082843178928397584 -0.096673667128269733 0.075738702829357504 -0.10054734219375301 0.08792624958005113 -0.11800084501742934 0.0057942080008051566 -0.093380470185677231 -0.031038814643616432 -0.076859794098714906 0.14650783731737871 -0.118920151393932
leaf_weight=7.7433075159788123 24.092493295669559 14.125844195485117 22.075980067253113 14.070815756916998 39.011168673634529 7.6698925048112869 6.1859999448060972 84.213464051485062 5.1529833674430847 29.706696748733521 40.580926328897476 7.4953820407390621 10.911869153380396 6.5977340191602707 66.927847772836685 34.367730394005775 17.448563233017921 5.2147881686687461 11.42283011972904 17.94713431596756 8.7209073454141599 45.06927265226841 9.1947148442268389 5.2203039377927771 12.697965636849402 48.549599498510361 67.615705475211143 5.0141099542379406 9.1024371683597547 14.950460001826285 7.6960122734308234 6.6390032172203064 7.2147328257560721 12.888248428702353 26.524291530251503 11.126894101500509 5.4576829075813285 27.491601377725601 6.3645576387643796 5.7509084194898596 6.8576744049787504 6.5726996064186105 17.601478695869446 14.588059350848196 6.7206160426139832 67.910342052578926 6.3352967351675007 5.5012833178043348 8.4795144200324994 6.6496095061302167
leaf_count=32 97 59 90 57 157 32 25 345 21 127 163 30 44 28 275 138 70 21 47 72 35 181 37 21 51 204 274 21 37 63 31 27 29 54 109 45 22 112 26 24 28 28 71 61 27 289 26 23 35 28
internal_value=-7.90115e-05 -0.0428604 0.0450059 0.00666814 0.0753365 -0.0594562 0.0306143 -0.0328103 0.0476526 -0.0731894 0.0464309 0.0423818 0.013812 -0.0241758 -0.050149 0.0556378 0.0366961 0.0959395 -0.0344491 0.0424934 0.0229981 0.03633 0.082323 0.0701385 0.0559648 -0.0886986 0.111958 -0.0435701 -0.0325622 -0.0563728 0.0374938 0.0716836 0.0578976 -0.0670274 -0.0157146 0.108343 0.107947 -0.00847029 -0.0392655 -0.0412998 0.118901 -0.0887882 0.117551 -0.0929885 -0.0299634 -0.102338 -0.0664323 -0.11409 0.125261 -0.0949045
internal_weight=963.469 494.364 469.105 207.202 261.903 403.276 91.0885 137.156 111.749 266.119 115.659 83.3452 48.6807 123.985 107.065 70.4386 51.8163 150.155 78.3507 32.018 65.3077 53.7902 46.4409 66.9787 53.2789 159.055 90.432 91.5426 73.6205 37.0264 16.8907 59.7226 46.2259 61.4378 110.738 18.6223 29.5502 36.594 11.5175 16.6628 13.4967 17.9221 85.2172 28.7139 12.9066 97.617 12.908 13.1712 13.6998 13.2473
internal_count=3949 2048 1901 844 1057 1681 367 565 450 1116 467 335 197 510 442 283 208 607 322 129 263 216 187 270 214 674 366 377 302 153 68 241 186 258 454 75 119 149 47 68 55 75 345 120 52 416 54 55 56 56
is_linear=0
shrinkage=0.1


Tree=4
num_leaves=45
num_cat=0
split_feature=6 0 0 6 6 10 9 6 9 8 0 10 0 10 10 10 0 0 0 10 9 8 6 6 2 8 8 10 8 8 2 10 10 0 0 0 0 6 4 8 6 10 8 6
split_gain=152.246 49.6639 44.6121 33.8108 12.9804 12.5124 11.12 8.28749 8.17904 8.1365 7.83049 7.31269 6.83012 7.52736 6.49368 6.26509 6.10999 5.81932 5.51293 5.32851 4.80558 4.76924 4.51796 4.44123 4.08552 3.901 3.85846 3.81253 3.69831 3.50152 5.23353 3.00625 2.86717 2.46574 2.28141 2.26473 2.11481 3.20217 1.66045 1.46901 1.1561 0.98523 0.926843 0.447779
threshold=-0.36915494501590723 -1.0301236808300016 -0.09674565494060515 0.28024421632289892 0.92964339256286632 -0.28996357321739191 -0.14403465948998925 -0.58562132716178883 -4.0485677719116202 -1.2551820278167722 -0.43615584075450892 -0.28036835789680475 0.072959437966346755 -0.27928169071674341 -0.30295163393020624 -0.2958864420652389 -1.1998288035392759 -1.1998288035392759 1.0000000180025095e-35 -0.30064770579338068 -0.92494130134582508 0.040637444704771049 2.6613743305206303 0.92964339256286632 -0.50341553986072529 1.266682028770447 1.6255243420600893 -0.27628065645694727 0.57890090346336376 -0.30823703110218043 0.88605710864067089 -0.29909190535545344 -0.29440073668956751 0.32751707732677465 0.24266453087329867 0.66692727804183971 -0.26645074784755701 1.7955088615417483 3.0867043137550358 0.37954407930374151 -0.58562132716178883 -0.29698981344699854 0.48919034004211431 -0.15268855541944501
decision_type=2 2 2 2 2 2 2 2 2 2 2 2 2 2 2 2 2 2 2 2 2 2 2 2 2 2 2 2 2 2 2 2 2 2 2 2 2 2 2 2 2 2 2 2
left_child=1 6 4 26 8 7 -1 18 -2 40 16 15 13 -11 39 23 -10 32 28 -12 -9 -19 25 -5 -20 -13 29 -14 -3 30 -4 -22 -16 -31 -28 -17 38 -38 41 -8 -7 -6 -24 -36
right_child=2 5 3 11 36 9 14 20 10 12 19 22 27 -15 17 35 -18 21 24 -21 31 -23 42 -25 -26 -27 34 -29 -30 33 -32 -33 -34 -35 43 -37 37 -39 -40 -41 -42 -43 -44 -45
leaf_value=-0.088043279468062105 -0.05706862425802009 -0.072549126178152581 -0.068694939244144715 -0.0037151091736113816 0.098872895363337085 -0.13116384337178316 -0.062454459406548202 -0.12821614378578025 0.16826783487843561 0.087562455307963014 -0.051605190498741398 0.065622523368367658 -0.10317870044253985 -0.013127397162621984 0.05075899357644769 -0.010915366018392117 0.067150662383667875 0.05465024274864802 -0.059993784428771291 0.039430953865131832 -0.012419408078578003 -0.0095544712576840791 0.091356293466128807 0.071388700137379857 -0.11020104590360913 0.0020982634881536923 -0.024526333593440256 -0.035422332007765206 -0.023038082771496181 -0.052972511640142786 0.031300489021954044 -0.052053622943762513 0.13100918645008761 0.0072422601318392031 -0.12256241952682148 -0.089034473449920437 0.011456881274117399 0.12261546193476128 0.069089040108530161 0.0052127324006230732 -0.070385595351584701 0.13477667786193029 0.14416784624991877 -0.084761393951385877
leaf_weight=7.6094031631946555 6.1586338877677909 73.00329664349556 30.258598431944847 14.064842060208322 10.087567359209055 7.4224363267421722 6.1366568356752378 5.8901688009500495 6.2397335469722739 8.4943208545446378 7.6315506696701041 40.491915002465248 10.142813563346861 58.954799845814705 7.4958412796258953 10.901462942361833 141.2345048636198 34.362895220518112 21.673239454627037 40.819770097732544 34.312734246253967 17.44200474023819 7.2895262837409955 17.887237206101418 64.266196936368942 12.698862284421919 4.9872968643903759 45.819144785404205 19.016921788454056 9.0325788259506208 6.3287204951047888 43.271699190139771 10.963967874646185 27.519631952047348 6.5477480590343484 5.6264581531286231 4.9844998270273191 5.3981491178274155 5.8290987163782111 6.7231259047985077 5.4113566130399686 31.537049219012264 6.1073395013809204 6.0100445896387074
leaf_count=32 25 309 127 57 42 32 25 25 26 35 31 163 43 241 30 44 571 138 94 164 145 70 30 72 281 51 21 191 80 37 26 182 45 112 29 24 20 22 24 27 23 132 26 25
internal_value=-9.01394e-05 -0.0390957 0.0408202 0.00603183 0.0683585 -0.0543273 0.0276631 -0.0671324 0.0564033 -0.0297561 0.0599701 0.0420188 -0.0218755 -0.000446848 0.0382551 0.0124743 0.071429 0.0502123 -0.0793264 0.0250919 -0.041136 0.0330334 0.0635291 0.0383291 -0.0975392 0.0504566 -0.0396312 -0.0477028 -0.0623172 -0.0295284 -0.0513982 -0.0345249 0.0984226 -0.00763768 -0.0817464 -0.0375088 0.110131 0.0692505 0.119075 -0.0270779 -0.105537 0.126076 0.115432 -0.104471
internal_weight=954.086 488.413 465.673 205.752 259.921 397.679 90.7339 261.434 202.084 136.245 195.926 115.068 123.411 67.4491 83.1245 48.48 147.474 70.2647 177.96 48.4513 83.4746 51.8049 66.5876 31.9521 85.9394 53.1908 90.6846 55.962 92.0202 73.1395 36.5873 77.5844 18.4598 36.5522 17.5451 16.5279 57.8364 10.3826 47.4537 12.8598 12.8338 41.6246 13.3969 12.5578
internal_count=3949 2048 1901 844 1057 1681 367 1116 817 565 792 467 510 276 335 197 597 283 764 195 352 208 270 129 375 214 377 234 389 302 153 327 75 149 75 68 240 42 198 52 55 174 56 54
is_linear=0
shrinkage=0.1


Tree=5
num_leaves=52
num_cat=0
split_feature=6 0 0 10 6 1 0 6 10 0 0 6 6 10 10 8 10 0 8 8 10 6 0 0 10 8 8 2 2 0 0 0 8 6 10 9 0 10 10 10 8 2 0 10 4 9 8 10 8 0 10
split_gain=126.894 50.6502 24.8781 18.5957 14.9611 10.7989 10.4902 7.74358 7.4345 7.38317 5.99704 5.50886 5.50323 4.94777 4.86582 4.46236 4.40493 3.90308 5.32466 7.44214 3.88225 3.68068 3.39919 3.39525 3.82002 3.29697 5.41668 3.28156 3.22808 3.80631 3.16616 3.04708 2.94754 2.93758 2.89749 2.87461 3.11126 2.83591 2.64447 2.62043 2.49418 2.33619 1.7991 1.77055 1.60216 1.86899 1.35224 1.21873 0.891916 0.303793 0.00143304
threshold=-0.15268855541944501 -0.52100838720798481 -0.26645074784755701 -0.23738870024681089 0.49671061336994177 1.0000000180025095e-35 -1.1998288035392759 0.92964339256286632 -0.27009582519531244 -0.35130329430103296 -1.1998288035392759 3.7437063455581669 -0.58562132716178883 -0.28204810619354242 0.50320336222648632 -0.61724013090133656 -0.27905312180519098 1.1760425567626955 1.2168427705764773 -0.2484299689531326 -0.29038961231708521 -0.58562132716178883 0.58207473158836376 -0.94527113437652577 -0.29489447176456446 1.6255243420600893 0.26989780366420751 0.88605710864067089 0.88605710864067089 -0.86041858792304982 0.66692727804183971 -1.1149762272834776 1.1470679044723513 -0.58562132716178883 -0.2958864420652389 0.24641866236925128 -0.43615584075450892 -0.2977535724639892 -0.15257510542869565 -0.30269144475460047 -0.088944498449563966 1.0000000180025095e-35 -0.77556604146957386 -0.29440073668956751 1.0000000180025095e-35 0.24641866236925128 -0.12881587073206899 -0.25118808448314661 1.2168427705764773 0.49722218513488775 -0.19223686307668683
decision_type=2 2 2 2 2 2 2 2 2 2 2 2 2 2 2 2 2 2 2 2 2 2 2 2 2 2 2 2 2 2 2 2 2 2 2 2 2 2 2 2 2 2 2 2 2 2 2 2 2 2 2
left_child=1 3 7 5 17 31 43 16 9 21 -5 13 -8 22 -15 39 23 20 19 -19 34 40 -6 -2 -25 26 27 -10 29 -12 -28 -1 -17 -33 -4 36 -18 -23 -27 -11 -3 -22 -37 -7 45 48 -46 -47 -9 -40 -13
right_child=2 8 4 10 11 6 12 44 25 15 28 50 -14 14 -16 32 35 18 -20 -21 41 37 -24 24 -26 38 30 -29 -30 -31 -32 33 -34 -35 -36 42 -38 -39 49 -41 -42 -43 -44 -45 46 47 -48 -49 -50 -51 -52
leaf_value=-0.0017652096178205874 0.099638092170243511 -0.024547750962192125 0.00054300974662693433 0.13522294745585711 0.038421847904166695 0.055267566627233512 -0.024438145680161109 0.15291218594184453 -0.025735672287961059 -0.11713419051584291 0.070003602547895213 0.12106455917080744 0.015237931224654026 0.078441989666394291 0.016989144826916266 -0.050104154614934365 0.080525035104068193 -0.082555040197607593 -0.13009513733445474 0.045746865826869189 0.003936768619088842 -0.020193662086394115 -0.019228812661600203 0.048787995025391877 -0.01441827285783874 -0.1321137347499792 0.059001807992178135 -0.091505752185296829 -0.028889994258688698 0.010702551021746595 -0.022862004208808781 -0.087576014099345012 -0.089149622436011808 -0.028546775399116233 -0.064289244828731648 0.082748359988596532 0.0069039709217890051 0.068787708735885397 -0.027267534559232937 -0.07790805782865122 -0.10570645523500617 0.063415826553398516 0.15987811501824434 0.12716047261537033 0.050789992088373939 0.055759204879987256 0.11222220379954856 0.12338463038499781 0.10740498785006375 -0.061063990624778179 0.11860000816612251
leaf_weight=9.1371832191944105 8.8450950980186445 11.735991716384886 23.386302337050438 7.6307401359081259 23.73976331949234 8.8920791596174222 77.138268753886223 15.152568504214292 41.411282733082771 22.858209118247032 30.799763321876522 4.7603261768817902 63.934067815542221 39.895962432026863 19.030736193060875 92.566983625292778 40.100320518016815 8.9383485019207036 5.4907587319612494 9.147958904504776 13.605325102806093 8.4980223625898343 17.96854992210865 36.888536214828491 12.907748013734816 4.919208586215972 11.175861552357675 9.2876124531030637 5.9639825224876395 16.688549607992176 8.1841291934251768 23.414578452706333 24.438104033470154 13.173850014805796 9.7747978419065458 5.5838328748941422 6.6992527246475211 6.1912256032228461 5.5470189303159696 66.796032801270485 5.5904505997896221 12.8316183835268 6.5973111540079099 5.5722539871931067 6.9348859637975693 5.4798625856637955 7.413550451397894 5.18791715800762 6.0171879082918158 5.1097932457923889 4.6775733083486539
leaf_count=37 36 50 96 33 96 36 318 67 173 105 125 20 261 163 77 397 165 39 23 37 55 35 74 149 52 22 45 39 24 68 34 101 108 55 40 23 27 25 23 297 24 52 27 23 29 23 31 22 26 22 20
internal_value=-9.55284e-05 -0.0287029 0.0469074 0.00396661 0.0226049 -0.0107006 0.00185886 0.0755775 -0.0551304 -0.0641996 0.0522937 0.0467918 -0.00645692 0.0399408 0.0585954 -0.0711222 0.0619532 -0.00940381 -0.043845 -0.0176606 0.00422117 -0.0195143 0.0135851 0.0425454 0.0324042 -0.0298535 -0.0206016 -0.0377842 0.0404549 0.0491638 0.0243952 -0.053422 -0.0582593 -0.0663222 -0.0185674 0.0812494 0.0699863 0.0173102 -0.0714671 -0.0879091 -0.050734 0.0328059 0.124522 0.0829637 0.110275 0.122778 0.0825308 0.0886466 0.139977 -0.0434725 0.119843
internal_weight=943.711 586.655 357.056 262.345 193.248 201.262 155.537 163.808 324.31 238.675 61.083 110.073 141.072 100.635 58.9267 206.659 117.622 83.1751 23.5771 18.0863 59.598 32.0157 41.7083 58.6414 49.7963 85.6349 70.0589 50.6989 53.4523 47.4883 19.36 45.7256 117.005 36.5884 33.1611 58.9807 46.7996 14.6892 15.576 89.6542 17.3264 26.4369 12.1811 14.4643 46.186 31.8375 14.3484 10.6678 21.1698 10.6568 9.4379
internal_count=3949 2480 1469 1081 792 831 638 677 1399 1041 250 450 579 410 240 907 479 342 99 76 243 134 170 237 201 358 291 212 217 193 79 193 505 156 136 242 192 60 67 402 74 107 50 59 198 138 60 45 93 45 40
is_linear=0
shrinkage=0.1


Tree=6
num_leaves=44
num_cat=0
split_feature=6 0 0 6 6 6 9 8 9 8 10 0 10 10 5 10 10 10 10 0 10 6 10 9 0 5 0 10 9 8 10 8 2 8 0 10 10 10 2 4 10 8 8
split_gain=104.632 34.5631 31.0855 22.9896 10.0907 10.0645 9.26437 7.91999 7.48309 8.6295 7.26195 6.83913 6.61985 5.51935 5.38458 6.96112 6.10386 5.29639 4.76674 4.42402 4.32928 4.32012 4.61406 3.90177 3.84351 4.13988 3.66715 3.16749 3.07185 3.00882 2.99296 2.93709 2.68967 4.27589 2.49655 2.20449 2.14801 2.05922 1.39185 1.37024 1.34446 0.951684 0.614942
threshold=-0.36915494501590723 -1.0301236808300016 -0.09674565494060515 0.28024421632289892 1.0000000180025095e-35 -0.58562132716178883 -0.14403465948998925 -0.52752956748008717 -0.72971463203430165 1.2168427705764773 -0.28281575441360468 -1.1998288035392759 -0.27071066200733179 -0.27812719345092768 1.0000000180025095e-35 -0.27905312180519098 -0.2958864420652389 -0.30181795358657831 -0.30295163393020624 0.072959437966346755 -0.23533573001623151 1.7955088615417483 -0.31317067146301264 -1.3153946399688718 -1.1998288035392759 1.0000000180025095e-35 -0.52100838720798481 -0.15257510542869565 0.24641866236925128 1.6255243420600893 -0.29728740453720087 -1.1555036306381223 0.88605710864067089 -0.30823703110218043 -0.09674565494060515 -0.29440073668956751 -0.29489447176456446 -0.31207759678363794 1.0000000180025095e-35 1.0000000180025095e-35 -0.30540411174297327 0.64867582917213451 0.26989780366420751
decision_type=2 2 2 2 2 2 2 2 2 2 2 2 2 2 2 2 2 2 2 2 2 2 2 2 2 2 2 2 2 2 2 2 2 2 2 2 2 2 2 2 2 2 2
left_child=1 6 4 29 11 7 -1 30 27 10 -10 -2 13 -9 15 16 -5 37 40 -14 -17 22 -6 -24 35 -26 -19 42 -11 32 34 -32 33 -4 -3 -20 -31 -13 -38 41 -8 -23 -7
right_child=2 5 3 14 21 8 18 12 9 28 -12 17 19 -15 -16 20 -18 26 24 -21 -22 39 23 -25 25 -27 -28 -29 -30 36 31 -33 -34 -35 -36 -37 38 -39 -40 -41 -42 -43 -44
leaf_value=-0.083580931570205755 0.15258869124313937 -0.073013512824237639 -0.05959786943393687 0.026633055957473367 -0.014346085962198555 -0.13917425652422052 0.0032216222771265417 -0.046615626028753798 -0.021861935589161604 -0.083980540017153715 0.03593268595404301 0.0097259250343957986 0.041970338469291824 -0.13456567428112001 0.13028730877971589 0.10072521327044509 -0.049932721211177054 0.051672480613734445 0.041454474052610997 -0.03619714579597464 0.037380549449994527 0.15380707714784864 -0.0042594757616542149 0.076327291783860482 0.015978848834284718 0.090038176195799124 0.0066926212322387327 -0.026904508450393605 -0.0026658492923338994 -0.1292900635841657 -0.11066966767913272 -0.052227855838194483 0.025319987628045139 -0.0072495764081530901 -0.11614994410094603 0.11262148910512154 -0.091712080421357492 -0.061585716230799871 -0.022336692674041179 0.083353850018016262 -0.062882104909425904 0.10119900995329896 -0.091089875354712357
leaf_weight=7.4773929417133322 4.7005347311496726 26.975305557250977 29.441420346498489 30.302680030465126 6.568141132593154 6.3377670198678988 7.6267617493867874 94.878855615854263 63.205754056572914 20.99410064518452 33.140189975500107 8.7954768091440219 13.764083072543146 7.7156035006046286 5.5987190157175055 13.92416527867317 15.86232580244541 63.796004176139832 7.4697303771972683 15.276458665728567 47.924335405230522 8.7742061764001864 6.3621047288179389 107.96167379617691 42.443731740117073 9.1805452108383161 25.319239094853401 5.6762130409479132 5.9660478830337516 4.631660848855975 10.350284039974211 50.83584688603878 9.4723650068044645 33.19777724146843 26.693776145577431 10.430501773953436 4.7278892844915372 7.5040981620550147 7.4468426555395126 8.9325906783342344 5.1573222428560239 5.6547871381044379 4.5828714668750763
leaf_count=32 21 119 127 123 27 28 31 415 271 91 138 36 56 33 23 58 66 260 30 64 197 39 26 452 171 37 102 24 25 21 47 222 39 136 128 45 21 31 33 38 21 25 20
internal_value=-9.48197e-05 -0.0328966 0.0340911 0.00485929 0.0573657 -0.0458837 0.0229931 -0.0580426 -0.0244613 -0.0159764 -0.00198227 0.0345692 -0.0412988 -0.0532299 0.0346653 0.0297088 0.000325006 0.0293066 0.0326749 0.00085119 0.0516416 0.0747674 0.06716 0.0718426 0.0429942 0.0291491 0.0388929 -0.0874999 -0.0659863 -0.0332244 -0.0772325 -0.0621139 -0.0243439 -0.0318541 -0.0944686 0.0829236 -0.0713282 -0.023105 -0.0492777 0.114134 -0.0234458 0.13319 -0.118996
internal_weight=933.078 476.179 456.899 202.53 254.369 386.393 89.786 246.49 139.903 123.306 96.3459 110.115 131.635 102.594 113.612 108.014 46.165 105.415 82.3086 29.0405 61.8485 144.254 120.892 114.324 69.5245 51.6243 89.1152 16.5969 26.9601 88.918 114.855 61.1861 72.1116 62.6392 53.6691 17.9002 16.8064 16.2996 12.1747 23.3616 12.7841 14.429 10.9206
internal_count=3949 2048 1901 844 1057 1681 367 1084 597 525 409 450 568 448 467 444 189 429 335 120 255 607 505 478 283 208 362 72 116 377 516 269 302 263 247 75 75 67 54 102 52 64 48
is_linear=0
shrinkage=0.1


Tree=7
num_leaves=46
num_cat=0
split_feature=6 0 0 10 6 1 0 6 0 10 2 10 10 8 0 8 10 0 9 10 10 8 8 9 8 2 1 10 8 0 0 6 8 6 6 6 0 4 9 0 10 6 0 6 8
split_gain=86.4215 36.4524 17.6437 13.0378 10.334 8.41444 7.23581 6.60569 6.40348 5.59049 6.24202 5.05247 4.97696 4.91476 4.74436 4.32815 4.03789 3.82352 3.76062 3.6115 4.09325 3.30195 3.6362 3.11039 3.10533 2.65944 3.3861 2.55848 2.49586 2.18793 2.11139 2.29165 2.05019 1.82422 2.11706 1.72915 1.54323 1.53143 1.86008 1.51083 1.42576 1.33341 1.15497 1.07299 0.870259
threshold=-0.15268855541944501 -0.52100838720798481 -0.26645074784755701 -0.23738870024681089 2.228441715240479 1.0000000180025095e-35 -1.1998288035392759 0.92964339256286632 1.5154527425765993 -0.29217907786369318 0.88605710864067089 -0.27583545446395868 -0.29419784247875208 1.266682028770447 -1.1998288035392759 1.6255243420600893 -0.27583545446395868 -0.35130329430103296 -0.33926132321357721 -0.2908084094524383 -0.29489447176456446 -1.2551820278167722 1.5557494163513186 0.24641866236925128 -0.61724013090133656 0.88605710864067089 1.0000000180025095e-35 -0.29793977737426752 -0.43781897425651545 -0.43615584075450892 -1.1149762272834776 -0.58562132716178883 -0.44778682291507715 3.9601727724075322 3.310773611068726 -0.58562132716178883 -0.77556604146957386 1.0000000180025095e-35 0.24641866236925128 2.0245679616928105 -0.25346739590167994 -0.58562132716178883 -0.52100838720798481 -0.36915494501590723 1.2168427705764773
decision_type=2 2 2 2 2 2 2 2 2 2 2 2 2 2 2 2 2 2 2 2 2 2 2 2 2 2 2 2 2 2 2 2 2 2 2 2 2 2 2 2 2 2 2 2 2
left_child=1 3 7 5 9 30 41 19 11 12 13 17 15 -11 -5 -4 -8 27 -10 20 28 -13 -23 29 -19 26 -16 -3 -2 -21 -1 -32 -6 34 -34 39 -25 38 44 -20 -39 -7 -40 -37 -9
right_child=2 8 4 14 32 6 16 37 18 10 -12 21 -14 -15 25 -17 -18 24 35 23 -22 22 -24 36 -26 -27 -28 -29 -30 -31 31 -33 33 -35 -36 43 -38 40 42 -41 -42 -43 -44 -45 -46
leaf_value=-0.0038607338464588027 0.016171601878932074 -0.043030726540654429 0.0072564836000037491 0.12164864433657041 0.023538160811738165 0.044950615301731826 0.0022276892001872528 0.14130872951447479 -0.0074866122337250264 0.030032921035022704 0.10484677559185716 -0.094524666062370616 -0.089205792691223723 -0.02687589609643494 -0.025966816821952649 -0.069510608947687499 -0.047935653105010384 -0.073740926443442809 -0.082718777074399841 0.06506283425281964 -0.027018086006185788 -0.0022427127513232827 -0.055349815356423061 0.074443364478962257 -0.044185162401695052 -0.028644425276883292 0.05281080991825951 0.015590902589080961 0.065166510455911569 0.0062085970938894133 -0.077233906669323449 -0.024461213549618246 0.098748605765657582 0.13767069220637954 0.02484630231214572 -0.047938354735722055 0.1457219844935452 0.10531110126048485 0.041515517418847576 -0.12756623486030699 0.04061468531289323 0.1073538867295141 0.108944864825396 -0.1006945067398225 0.094809020594670529
leaf_weight=9.0851915627717954 17.625181823968887 16.959901496768001 53.632675051689148 7.048652619123458 6.2742374837398556 8.3039592951536161 121.39187842607498 13.839587852358823 6.7652068883180609 63.746218040585518 8.8392726480960828 5.460112437605857 7.5563126802444449 19.916944101452827 6.2977179288864127 8.5096226185560209 18.490816190838814 60.421904399991035 17.901637822389606 43.104410380125046 9.6427765488624555 58.358478352427483 16.548599615693092 5.6633427888154984 86.354293346405029 5.9538978934288016 40.835114568471909 13.27049298584461 25.353362336754799 7.4010564088821402 22.454746842384335 12.988338991999628 10.588052555918699 5.5941836237907401 6.1150214970111838 13.428181916475298 6.5511024892330152 6.1354592889547348 5.111599400639534 12.942649245262144 7.6578933447599393 5.8268026262521735 5.0496768653392774 5.4077859669923773 5.6753400266170493
leaf_count=37 72 73 222 33 26 34 503 67 30 262 36 25 31 82 26 36 76 286 85 182 39 242 73 24 383 24 167 56 104 30 101 55 45 25 27 60 28 27 22 62 33 25 23 24 26
internal_value=-9.8183e-05 -0.0240212 0.0390794 0.00377194 0.0185819 -0.0085836 0.00248583 0.0637022 -0.0469307 0.00881361 0.0249287 -0.0402411 -0.012574 0.0164851 0.0445647 -0.00325582 -0.0044033 -0.049682 -0.0774332 0.0511818 0.0318633 -0.0194477 -0.0139752 0.0673898 -0.0563521 0.0343298 0.0422848 -0.0172971 0.0450741 0.0564384 -0.0468703 -0.057895 0.0740364 0.0882461 0.0716929 -0.0869582 0.112673 0.0969237 0.10972 -0.101537 0.0693925 0.0706825 0.0750247 -0.0630846 0.127786
internal_weight=922.08 572.496 349.583 258.677 190.773 198.542 154.013 158.811 313.819 162.201 92.5024 257.374 69.6986 83.6632 60.1354 62.1423 139.883 177.007 56.4455 115.341 52.6213 80.3672 74.9071 62.7199 146.776 53.0867 47.1328 30.2304 42.9785 50.5055 44.5283 35.4431 28.5715 22.2973 16.7031 49.6803 12.2144 43.4696 29.6762 30.8443 13.7934 14.1308 10.1613 18.836 19.5149
internal_count=3949 2480 1469 1081 792 831 638 677 1399 669 380 1138 289 344 250 258 579 798 261 479 215 340 315 264 669 217 193 129 176 212 193 156 123 97 72 231 52 198 138 147 60 59 45 84 93
is_linear=0
shrinkage=0.1


Tree=8
num_leaves=49
num_cat=0
split_feature=6 0 0 6 8 9 6 10 10 0 6 9 8 0 10 10 10 8 10 8 8 6 0 9 0 10 8 8 0 8 10 8 10 10 0 2 10 10 10 10 0 8 10 8 7 10 2 10
split_gain=72.7366 24.1846 22.3226 17.1757 8.17097 7.6977 7.6058 6.61778 6.46609 4.89269 4.6661 4.88298 4.52584 4.19371 5.37013 4.02786 9.5958 4.31055 3.7209 3.6892 7.14944 4.96556 4.81195 3.67439 2.90905 2.75608 5.78096 2.69443 2.61083 3.90005 2.49482 3.05391 2.7778 2.38475 2.98692 2.57768 2.26508 2.03156 3.12311 1.84373 1.74538 1.43384 1.34135 1.24555 1.10028 0.961655 0.926604 0.125459
threshold=-0.36915494501590723 -1.0301236808300016 -0.09674565494060515 0.49671061336994177 -0.57736876606941212 -0.14403465948998925 0.49671061336994177 -0.27071066200733179 -0.30091203749179835 -1.1998288035392759 -0.58562132716178883 -0.92494130134582508 -0.83653265237808216 0.072959437966346755 0.53828907012939464 -0.27928169071674341 -0.29127623140811915 0.85800048708915722 -0.30295163393020624 1.2467463016510012 -0.20855860412120816 2.0119752883911137 1.6003052592277529 -4.0485677719116202 -0.77556604146957386 0.10156878083944322 1.6255243420600893 0.94771108031272899 -1.1998288035392759 0.040637444704771049 -0.29250743985176081 0.64867582917213451 -0.29574640095233912 -0.29728740453720087 -0.86041858792304982 -0.50341553986072529 1.3042160868644717 -0.25594319403171534 0.076113279908895506 -0.29440073668956751 0.66692727804183971 -1.1555036306381223 0.4038823544979096 0.37954407930374151 -1.0000000180025095e-35 -0.051749108359217637 -1.0000000180025095e-35 -0.30642840266227717
decision_type=2 2 2 2 2 2 2 2 2 2 2 2 2 2 2 2 2 2 2 2 2 2 2 2 2 2 2 2 2 2 2 2 2 2 2 2 2 2 2 2 2 2 2 2 2 2 2 2
left_child=1 5 6 25 10 -1 8 15 24 -10 33 -12 -13 14 -9 16 -6 -17 43 20 41 45 -22 -11 47 26 27 -4 39 -30 31 32 -8 35 -35 -3 -27 44 -39 -20 -28 -5 -15 -7 -32 -21 -26 -2
right_child=2 4 3 19 7 18 30 13 9 23 11 12 -14 42 -16 17 -18 -19 28 21 22 -23 -24 -25 46 36 40 -29 29 -31 37 -33 -34 34 -36 -37 -38 38 -40 -41 -42 -43 -44 -45 -46 -47 -48 -49
leaf_value=-0.079026675403580493 0.02372299035997882 -0.050348804533551672 -0.024661663390312033 -0.036300038578167541 -0.038743502497286704 -0.054644136191682173 0.089905985272648106 0.056367738669858662 0.14088240719925568 -0.045703191995023144 -0.11636493760986694 -0.0079443057790193269 -0.11354851271150478 -0.01210814027651276 -0.048470559198301587 -0.041926306339469172 0.059300551424072478 -0.14860835618979837 0.033251974846755433 -0.013099406475708026 0.096582161396312372 0.07207334453137236 0.015369244764814339 0.04438321150202422 -0.0093029802433111583 0.045984000126587314 -0.046879221904644545 0.04260623201577849 0.045561027250738288 -0.012634232112411209 0.099626715728158635 0.001957814196658345 0.0083945217321584713 -0.11213537395218548 -0.04535152259727273 -0.099300670636429653 -0.034680251972845001 0.041961104195169213 0.099117369012616613 0.099348490707311832 -0.1146818979588053 0.021288335841486785 -0.064758808301653564 0.0079809586158526482 0.15952785385953364 -0.066017540368802308 -0.055778125577657628 0.046510780189953152
leaf_weight=7.3311866521835318 4.8412792533636093 15.685139477252958 69.138611331582069 5.0412196218967429 135.04227593541145 6.0335956960916501 17.437705919146538 20.621030986309055 5.1111167073249808 4.6961432844400397 5.8558154553174964 38.599152982234955 4.5350301116704932 23.288273826241497 6.4030191004276267 9.4466760456562024 10.779306143522261 6.3222814202308646 7.4133068621158626 8.0502896010875702 28.159978151321411 6.1513361632823935 9.8469280153512937 126.14263093471527 8.2461618632078206 9.3907916694879514 6.6063850820064536 6.5157443434000006 34.065668299794197 17.396729230880737 9.6157616078853589 9.1220886260271055 5.4993639886379269 7.7148560881614676 50.760058790445328 34.236759960651398 5.5317391902208319 16.816639363765717 22.154716372489929 9.7982920408248884 8.926660403609274 30.366159990429878 6.1078255176544181 6.7053168267011642 4.5021372735500327 5.9887493103742608 8.9418042302131617 4.8227463364601153
leaf_count=32 20 74 292 21 602 25 77 84 25 19 27 168 20 100 26 41 46 29 30 33 118 27 42 522 34 39 30 27 138 70 44 39 24 33 234 171 23 75 101 45 42 126 26 27 20 24 37 20
internal_value=-9.14647e-05 -0.0278295 0.0286675 0.00378623 -0.0389281 0.0191188 0.0487085 -0.0263928 0.0360422 0.0448993 -0.056292 -0.0306798 -0.0190473 0.00309269 0.0315276 -0.0366878 -0.031496 -0.0846986 0.0279567 0.0350097 0.0454209 -0.00284636 0.0755413 0.0411498 -0.00880053 -0.0237575 -0.0302771 -0.0188682 0.0371644 0.0258883 0.0729261 0.050899 0.0703629 -0.0678675 -0.0541626 -0.0839203 0.016082 0.0862277 0.0744537 0.0708797 -0.0858446 0.013089 -0.0230477 -0.0216805 0.118729 -0.0356731 -0.033481 0.035095
internal_weight=911.806 464.142 447.665 199.715 375.398 88.7441 247.95 218.011 162.802 135.95 157.387 48.99 43.1342 56.4201 27.0241 161.591 145.822 15.769 81.4129 93.6047 73.4143 20.1904 38.0069 130.839 26.852 106.11 91.1874 75.6544 68.674 51.4624 85.1484 32.0592 22.9371 108.397 58.4749 49.9219 14.9225 53.0893 38.9714 17.2116 15.533 35.4074 29.3961 12.7389 14.1179 14.039 17.188 9.66403
internal_count=3949 2048 1901 844 1681 367 1057 954 677 566 727 215 188 236 110 718 648 70 335 391 307 84 160 541 111 453 391 319 283 208 380 140 101 512 267 245 62 240 176 75 72 147 126 52 64 57 71 40
is_linear=0
shrinkage=0.1


Tree=9
num_leaves=42
num_cat=0
split_feature=6 0 0 6 6 6 9 9 8 8 10 0 9 8 8 8 5 10 10 8 0 10 10 8 6 1 4 9 10 9 5 8 0 2 10 8 10 10 10 10 0
split_gain=59.775 19.9446 18.4494 14.125 7.40692 6.7842 6.34421 6.0683 6.92963 6.6895 5.85302 5.13377 4.80709 10.8784 4.62943 4.40532 4.35239 5.07208 4.64385 3.763 3.63902 3.34746 3.93074 3.9063 3.36141 3.01082 2.99397 2.8077 2.70894 2.69204 2.60425 2.52532 2.17382 2.35005 5.8548 2.03719 1.57576 1.36039 1.25766 0.693858 0.651863
threshold=-0.36915494501590723 -1.0301236808300016 -0.09674565494060515 0.28024421632289892 -0.58562132716178883 1.1461097598075869 -0.14403465948998925 -0.72971463203430165 1.2168427705764773 0.060573128983378417 -0.29340294003486628 -1.1998288035392759 -0.5344879776239394 0.24996212869882586 -1.1555036306381223 1.6255243420600893 1.0000000180025095e-35 -0.27905312180519098 -0.29599569737911219 -0.2484299689531326 1.5154527425765993 -0.23424443602561948 -0.27525198459625239 0.55896523594856273 -0.58562132716178883 1.0000000180025095e-35 1.0000000180025095e-35 1.0000000180025095e-35 -0.15257510542869565 0.24641866236925128 1.0000000180025095e-35 -0.088944498449563966 2.1094205379486088 0.88605710864067089 -0.29164460301399225 -1.1355679035186765 -0.13190809637308118 0.96800941228866588 -0.29698981344699854 -0.31228403747081751 0.15781198441982272
decision_type=2 2 2 2 2 2 2 2 2 2 2 2 2 2 2 2 2 2 2 2 2 2 2 2 2 2 2 2 2 2 2 2 2 2 2 2 2 2 2 2 2
left_child=1 6 5 32 10 11 -1 28 9 -9 20 -2 13 -13 -12 -14 17 18 -5 -19 25 22 24 36 -8 -3 37 -16 40 -10 31 -28 33 35 -35 -4 -23 38 -7 -22 -6
right_child=2 4 3 16 7 26 21 8 29 -11 14 12 15 -15 27 -17 -18 19 -20 -21 39 23 -24 -25 -26 -27 30 -29 -30 -31 -32 -33 -34 34 -36 -37 -38 -39 -40 -41 -42
leaf_value=-0.072768089083430298 0.13669443284217872 -0.07632197253779989 -0.064164979821227666 0.020992602183843981 -0.076583223261081759 0.073476440352311517 0.0076375834325898839 -0.014273951835802351 -0.072797229879172101 0.043788835589783207 -0.10038424417206071 -0.14305736556372303 0.045449969924658419 0.037500125342117233 0.053088770494160824 0.0018478900998607287 0.1144384570676831 0.0056577205134660238 -0.045634121487735387 0.058922619064426286 -0.06257884998294487 0.13852020511525895 -0.059805440260270508 -0.015132063963384261 0.06189365532417699 -0.042531712621825112 -0.038537975447765008 -0.02383984312851424 -0.019310440966020401 0.0043407820165803426 0.10401820911389058 0.066090673911161385 -0.094340135774757597 -0.061320535932181133 0.08620241548705497 -0.021425482667652498 0.066088483313421639 0.047194881670585748 0.12455152885034249 -0.10913770369101804 -0.12791193598442996
leaf_weight=7.1739389896392813 5.0320841372013083 37.49234302341938 13.830610573291777 29.541522800922394 4.2760146558284742 6.787856504321101 40.612905204296112 66.483993411064148 20.006852954626087 28.284142807126045 7.6544499546289435 4.857399880886077 155.50578586757183 10.659428730607031 5.0627159476280204 27.229469388723373 5.4136842787265769 19.682678267359734 16.196785762906075 40.667133122682571 4.0595090091228512 4.5875162631273279 6.3985132575035086 4.6811790168285361 15.885275885462759 88.885354071855545 4.7102464437484732 75.440823957324028 5.5343520939350119 5.8462734669446936 4.7202170938253394 4.5209553390741339 4.5192122608423224 4.8691979795694351 6.0117954313755018 57.595829769968987 8.698872447013855 4.0818704962730399 16.638779938220981 15.132917165756224 5.8717319518327713
leaf_count=32 26 185 61 121 20 32 165 288 91 121 38 20 656 44 22 114 23 82 68 173 21 20 26 20 65 412 21 327 24 25 22 20 20 21 25 250 39 20 82 79 28
internal_value=-9.05704e-05 -0.0254206 0.0260968 0.00342856 -0.0355986 0.044466 0.0173584 -0.0170717 -0.00946372 0.00305525 -0.0464029 0.0369471 0.0344152 -0.0190217 -0.0260681 0.0389528 0.0269783 0.0225152 -0.00260116 0.0415506 -0.0587177 0.0253541 0.0144796 0.0634211 0.0228925 -0.0525562 0.0813324 -0.0190019 -0.0755898 -0.0553537 0.0435983 0.0127036 -0.0268138 -0.0231062 0.0201865 -0.0297013 0.0910977 0.10047 0.109753 -0.0992898 -0.106283
internal_weight=901.142 458.07 443.073 198.328 370.031 244.744 88.0382 136.303 120.621 94.7681 233.728 203.284 198.252 15.5168 88.158 182.735 111.502 106.088 45.7383 60.3498 145.57 80.8643 62.8967 17.9676 56.4982 126.378 41.4599 80.5035 15.6821 25.8531 13.9514 9.2312 86.8266 82.3074 10.881 71.4264 13.2864 27.5085 23.4266 19.1924 10.1477
internal_count=3949 2048 1901 844 1681 1057 367 597 525 409 1084 860 834 64 387 770 467 444 189 255 697 335 256 79 230 597 197 349 72 116 63 41 377 357 46 311 59 134 114 100 48
is_linear=0
shrinkage=0.1


Tree=10
num_leaves=43
num_cat=0
split_feature=6 0 0 1 0 6 6 0 6 10 8 8 0 9 10 9 2 10 0 0 10 1 6 0 9 0 8 8 0 8 8 7 8 10 6 10 4 0 10 6 6 6
split_gain=49.8654 23.4277 11.0376 8.66142 7.09592 7.03727 5.17668 4.86757 4.8028 4.78405 3.81436 7.83665 4.87215 3.60658 3.54516 3.3726 3.34257 3.12582 3.072 3.23581 3.0428 4.10399 3.35859 2.87878 2.83452 2.71174 3.57686 2.59513 2.42512 2.37523 2.68894 1.90592 3.74281 1.82874 1.62352 1.54985 1.38607 1.34921 1.33764 1.12812 1.07382 0.790692
threshold=-0.15268855541944501 -0.52100838720798481 -0.26645074784755701 1.0000000180025095e-35 -1.1998288035392759 2.228441715240479 0.92964339256286632 1.5154527425765993 -0.36915494501590723 -0.23738870024681089 -0.41788329184055323 0.85800048708915722 1.3457476496696474 0.24641866236925128 -0.27583545446395868 -0.33926132321357721 1.5807933807373049 -0.27583545446395868 -0.35130329430103296 1.2608950734138491 -0.29720324277877802 1.0000000180025095e-35 0.71317699551582348 -0.86041858792304982 1.0000000180025095e-35 -1.1149762272834776 0.86796835064888012 -0.088944498449563966 -0.43615584075450892 -1.2551820278167722 1.6255243420600893 1.0000000180025095e-35 -0.2484299689531326 -0.29793977737426752 4.1766390800476083 0.3137784898281098 3.0867043137550358 2.6185358762741093 -0.29637390375137324 2.8778407573699956 2.228441715240479 -0.58562132716178883
decision_type=2 2 2 2 2 2 2 2 2 2 2 2 2 2 2 2 2 2 2 2 2 2 2 2 2 2 2 2 2 2 2 2 2 2 2 2 2 2 2 2 2 2
left_child=1 3 6 8 31 10 16 14 25 17 20 13 -13 -12 18 -9 24 -6 33 -20 22 -22 -4 -11 -2 27 -27 -1 -26 -16 -31 32 -5 -3 35 38 39 41 -7 40 -8 -17
right_child=2 7 5 4 9 34 36 15 -10 23 11 12 -14 -15 29 37 -18 -19 19 -21 21 -23 -24 -25 28 26 -28 -29 -30 30 -32 -33 -34 -35 -36 -37 -38 -39 -40 -41 -42 -43
leaf_value=0.052407377395489986 -0.010855617725439992 -0.032783708327289461 -0.088010906025180691 -0.027576949288650898 0.0035978943525597929 0.076787616792393362 0.089412246038173104 0.0020630740914040638 0.05021920849208196 0.05171895722303408 0.051156112669319666 0.0038084763837567775 -0.075216750061503954 -0.011125999038834164 -0.080769378305038442 -0.079993027169039055 -0.037252481372197638 -0.040948064431027935 -0.050996963401997865 0.00061985368721542862 -0.070051235555746771 0.012673616834718827 0.013971641323675619 -0.0024079771816238123 0.054898338741086787 -0.045402197062702293 -0.13800893914082196 -0.046673964949577568 0.011407515899047704 -0.00072629802862835945 -0.05069258452259745 0.12964818852172663 0.086002690529104683 0.017346072784679614 0.11300517152778014 0.091329146589309976 0.033431532120895384 -0.11901163957427399 0.013882630556305835 0.13895462915854626 0.032790466099541365 -0.051414789383844077
leaf_weight=4.9034775793552399 8.8945341110229474 16.354181364178661 9.7420850694179517 4.0339108854532251 119.92867387831211 4.8458115160465303 26.312977597117428 6.5269169658422461 6.0298795253038397 31.777793988585472 50.795134767889977 29.966101318597794 10.547831222414969 11.380662530660627 5.0072842240333548 23.294885620474812 5.4302261769771567 18.134322553873062 125.8852015286684 13.441950201988218 7.2149747014045706 35.524971529841423 4.830474689602851 14.224503561854361 82.228579446673393 28.396533891558647 4.8888241052627555 5.7354928255081159 15.189967960119246 60.668825805187225 13.09499569237232 4.3524473607540122 10.333590120077133 13.111222267150877 4.9021632373332968 6.3359610736370078 5.2124713212251654 5.9914281368255606 11.178292930126192 3.9633624404668799 3.8378977477550498 16.56633543968201
leaf_count=21 37 73 43 19 503 21 134 30 25 133 210 125 45 47 25 122 23 76 602 67 30 149 20 58 356 133 22 24 63 254 61 19 48 56 23 29 24 32 50 20 20 77
internal_value=-8.92943e-05 -0.0185987 0.0301465 0.00383034 0.0130184 0.0139237 0.0502561 -0.0374979 -0.0334681 0.00705286 0.00592182 0.0174566 -0.0167658 0.039756 -0.0316382 -0.0651927 0.0392744 -0.00225314 -0.0398131 -0.0460171 -0.0147456 -0.00129125 -0.054206 0.0349822 0.0431832 -0.0449565 -0.0590039 -0.0010076 0.048117 -0.0141209 -0.00959661 0.0716754 0.0541133 -0.0104775 0.0608868 0.0494605 0.0814596 -0.0747663 0.0329056 0.088798 0.0822049 -0.0681159
internal_weight=891.017 552.683 338.334 252.739 202.785 187.264 151.07 299.943 49.9542 184.065 160.002 102.69 40.5139 62.1758 247.564 52.3796 111.743 138.063 168.793 139.327 57.3125 42.7399 14.5726 46.0023 106.313 43.9243 33.2854 10.639 97.4185 78.7711 73.7638 18.7199 14.3675 29.4654 27.2622 22.3601 39.3267 45.8526 16.0241 34.1142 30.1509 39.8612
internal_count=3949 2480 1469 1081 856 792 677 1399 225 770 669 427 170 257 1138 261 479 579 798 669 242 179 63 191 456 200 155 45 419 340 315 86 67 129 123 100 198 231 71 174 154 199
is_linear=0
shrinkage=0.1


Tree=11
num_leaves=42
num_cat=0
split_feature=6 0 0 6 8 6 10 9 10 10 10 8 2 10 0 6 10 10 1 10 8 8 6 0 10 8 8 6 7 10 0 2 8 6 8 10 8 4 6 10 8
split_gain=41.1835 13.5543 13.0886 10.0822 6.48701 5.61001 5.28789 5.20343 4.6593 3.62193 7.40993 3.83846 3.59616 4.93121 3.59369 5.29221 3.50308 4.36659 3.4397 3.23244 3.03135 4.74236 2.86284 2.84145 2.76209 2.54869 4.5593 2.99735 2.37517 2.09163 2.0697 2.06732 2.21101 1.95629 1.93853 4.01736 3.6245 1.21906 1.16697 1.10107 1.01313
threshold=-0.36915494501590723 -1.0301236808300016 -0.09674565494060515 0.49671061336994177 -0.57736876606941212 1.7955088615417483 -0.30091203749179835 -0.14403465948998925 -0.27071066200733179 -0.27928169071674341 -0.29127623140811915 0.85800048708915722 -0.50341553986072529 -0.27525198459625239 -0.60586094856262196 1.0000000180025095e-35 1.2197825312614443 0.076113279908895506 1.0000000180025095e-35 -0.2745907455682754 1.6255243420600893 0.77825775742530834 4.1766390800476083 0.072959437966346755 -0.30295163393020624 1.2467463016510012 0.259929969906807 2.0119752883911137 1.0000000180025095e-35 0.13190712034702304 2.1094205379486088 2.2755296826362614 -1.0259216427803037 1.1461097598075869 1.5956208109855654 -0.012775471433997153 0.94771108031272899 1.0000000180025095e-35 -1.0000000180025095e-35 -0.30540411174297327 0.64867582917213451
decision_type=2 2 2 2 2 2 2 2 2 2 2 2 2 2 2 2 2 2 2 2 2 2 2 2 2 2 2 2 2 2 2 2 2 2 2 2 2 2 2 2 2
left_child=1 7 5 30 12 6 14 -1 9 10 -6 -11 18 28 15 -2 17 -10 23 -20 21 -8 25 -3 39 26 -5 -27 -14 -15 34 32 -26 -22 36 -36 -4 40 -16 -9 -7
right_child=2 4 3 22 8 37 20 24 16 11 -12 -13 13 29 38 -17 -18 -19 19 -21 33 -23 -24 -25 31 27 -28 -29 -30 -31 -32 -33 -34 -35 35 -37 -38 -39 -40 -41 -42
leaf_value=-0.068564201082536608 -0.021772287461179117 -0.039737595995867001 -0.014921201960293898 0.013698482561429574 -0.029212916743818474 0.13281175157430125 0.036540066948507963 0.0026063511530523319 -0.0051042082265252706 -0.034344050098354846 0.056986790094108952 -0.13853635657345151 -0.038108440309784629 -0.0010803017276290012 -0.011566518791851495 0.085405557584774111 -0.062601436219177395 0.058831110605610748 0.010774228010253264 -0.051429846467002799 0.0027979768181546141 0.080157386192484803 0.10457303578758546 -0.13500954253303557 0.063523768590770344 -0.033631223150540783 0.068832474973921018 0.053439669892032693 -0.080947432144013259 -0.074959723153128696 -0.07996998385094474 -0.035007053876725536 0.022121777921283146 0.0732358298112505 -0.072275129933353249 0.036228409370754798 0.064188059987291088 0.058356772101724519 -0.067404078909474294 -0.057501055899943365 0.073161842714501782
leaf_weight=7.0097785443067542 10.391348123550417 12.556429743766786 74.329899147152901 45.12750568985939 129.75705336034298 7.08099412918091 120.1792813539505 7.5962665528059006 33.505840450525284 9.2047822475433332 10.802702531218527 5.74106441438198 16.99511082470417 17.676917314529422 7.3463547080755234 8.2765929549932462 6.5438610017299643 15.681794404983519 26.081185325980186 12.29077512025833 29.000930786132812 31.450824648141861 4.5067745000123969 4.170147940516471 18.17361868917942 13.985378727316858 22.465754747390747 5.5117274969816199 54.274737566709518 4.8927860409021369 5.2269872426986685 4.6446531265974036 44.440281137824059 4.5633909106254569 13.554583266377451 4.5604299306869498 6.2809221148490897 8.031770706176756 7.6306554377078992 5.0894898325204831 4.7624231278896332
leaf_count=32 43 61 317 190 602 39 528 31 143 41 46 29 84 80 31 36 28 65 122 53 124 138 22 22 76 57 97 25 283 22 24 20 187 23 66 20 26 38 32 21 25
internal_value=-8.48418e-05 -0.0213877 0.0218491 0.00266767 -0.0299425 0.0375621 0.0329421 0.0140475 -0.0186735 -0.0275646 -0.022588 -0.0743669 -0.0459251 -0.0578319 -0.00352759 0.0257459 0.0061348 0.0152794 -0.0256464 -0.00915012 0.0395677 0.0455871 0.0268572 -0.0634901 0.0212912 0.0228355 0.0320232 -0.00901675 -0.070732 -0.0170963 -0.0186467 0.0293637 0.0341387 0.0123747 -0.0154 -0.0449595 -0.00875728 0.0884306 -0.0400153 -0.0215086 0.108826
internal_weight=881.394 447.129 434.265 195.55 360.175 238.715 218.839 86.9541 211.237 155.506 140.56 14.9458 148.938 93.8396 33.645 18.6679 55.7315 49.1876 55.0985 38.372 185.194 151.63 91.5971 16.7266 79.9443 87.0904 67.5933 19.4971 71.2698 22.5697 103.953 67.2586 62.6139 33.5643 98.7258 18.115 80.6108 19.8752 14.977 12.6858 11.8434
internal_count=3949 2048 1901 844 1681 1057 955 367 954 718 648 70 727 469 142 79 236 208 258 175 813 666 391 83 335 369 287 82 367 102 453 283 263 147 429 86 343 102 63 52 64
is_linear=0
shrinkage=0.1


Tree=12
num_leaves=50
num_cat=0
split_feature=6 0 10 8 0 10 1 10 6 6 10 10 10 8 8 10 1 10 10 9 10 0 2 6 8 0 10 8 10 8 10 10 10 6 2 9 0 0 0 0 10 10 10 10 10 8 8 6 0
split_gain=34.5363 17.5175 9.14181 10.0882 9.10652 7.74045 5.23115 5.20282 5.04633 5.00771 4.64193 3.97479 3.79853 3.79815 6.42252 4.94569 3.83509 3.4021 3.31 3.20237 3.0401 3.26534 4.70039 2.94736 2.78029 4.17396 2.65055 2.5079 5.64911 4.26431 5.38919 4.03577 2.43812 2.36627 1.89766 1.78257 1.76022 1.73012 1.67003 1.75538 1.52881 1.41137 3.15634 1.21923 1.17568 1.07899 0.922932 0.897998 0.42097
threshold=1.0000000180025095e-35 0.072959437966346755 -0.29106955230236048 -1.2850855588912962 -0.35130329430103296 -0.2795585691928863 1.0000000180025095e-35 -0.25594319403171534 -0.58562132716178883 2.6613743305206303 -0.29668226838111872 -0.30075068771839136 -0.29479314386844629 1.6255243420600893 -0.25839781761169428 -0.31246763467788691 1.0000000180025095e-35 -0.30425292253494257 -0.29720324277877802 -0.14403465948998925 -0.29230052232742304 -0.60586094856262196 -1.0000000180025095e-35 1.1461097598075869 -0.12881587073206899 0.32751707732677465 -0.293300911784172 1.6255243420600893 0.057084098458290107 0.24996212869882586 -0.30269144475460047 -0.29613466560840601 -0.28204810619354242 0.49671061336994177 1.0000000180025095e-35 0.24641866236925128 -0.69071349501609791 1.3457476496696474 0.92148491740226757 1.9397154450416567 -0.25594319403171534 -0.22951276600360868 0.4038823544979096 -0.2977535724639892 -0.27857014536857599 -0.74682208895683277 0.77825775742530834 0.92964339256286632 0.15781198441982272
decision_type=2 2 2 2 2 2 2 2 2 2 2 2 2 2 2 2 2 2 2 2 2 2 2 2 2 2 2 2 2 2 2 2 2 2 2 2 2 2 2 2 2 2 2 2 2 2 2 2 2
left_child=1 2 6 -4 20 32 18 -7 17 13 11 -8 -12 14 23 -16 -15 38 19 -1 21 22 43 -6 45 -26 -20 29 40 31 -31 -10 -5 -23 -18 41 -37 46 -3 -40 -29 44 -43 -2 -22 -19 48 -35 -11
right_child=4 8 3 5 9 7 10 -9 27 37 12 -13 -14 16 15 -17 34 24 26 -21 35 33 -24 -25 25 -27 -28 28 -30 30 -32 -33 -34 47 -36 36 -38 -39 39 -41 -42 42 -44 -45 -46 -47 -48 -49 -50
leaf_value=-0.14012451464783235 0.10948824437140513 -0.13283435208846375 -0.091013239872166085 0.055375191184611816 -0.025267055862611978 -0.016361030485418305 -0.012379763150475025 0.025998154094224346 -0.063014411609875698 0.12235186571124446 -0.061722622216767879 0.022913981101053905 -0.0063926320853578272 0.050230203522414002 -0.052975189977852881 0.045785625593629711 -0.068480721277693515 -0.047743695001740333 0.020048429688519227 -0.047295612630271565 0.051883507737152217 -0.055807623180068128 -0.0079569143490362381 0.026983331349031948 -0.10614388821747399 -0.0027896591448702268 -0.070593435943780605 -0.058924939840903329 0.036938726941128791 0.098992457059794106 -0.0056608084571486781 -0.010380335742929308 0.12856351703099148 0.057264159687749609 -0.0013949254611938552 0.05910724016707139 0.13848874578656153 0.016028742570903084 -0.043252842894376989 -0.1272468497303805 -0.12261909510381906 0.022630311822043205 0.089269926669751185 0.053640234299805467 0.10481024166059068 -0.078693538992312684 0.045776056956927449 -0.0064098167314080856 0.079953778405892517
leaf_weight=4.1918174624443045 9.4251453280448931 6.5192721188068417 8.2701038867235166 13.818354129791262 36.064302340149879 40.58892548084259 66.340533018112183 101.52480754256248 23.165752872824669 4.4268805235624331 22.573077276349068 61.481809794902802 27.552857473492622 5.1489973962307003 5.5348148643970481 60.45309866964817 13.104059591889383 32.033845111727715 12.15457044541836 32.756139636039734 7.109852775931361 5.5826680213212958 7.872722893953326 15.408168897032736 4.6626564711332348 24.124255359172821 4.3917877078056327 10.42104305326939 5.2915460169315329 6.200415804982188 23.839206010103226 39.250259712338448 6.787385642528533 4.7007149457931501 6.2170293480157843 4.8982213735580444 6.5005076229572278 5.5809074938297263 7.9477258175611478 3.6220830231904984 5.9029764086008081 19.127954140305523 11.310115694999693 6.6791957020759574 10.244366660714148 17.37322586774826 4.7331068813800803 4.188364252448082 4.9721351563930511
leaf_count=21 43 36 39 58 152 176 290 435 111 22 97 270 120 22 23 256 55 173 55 156 35 23 35 67 22 114 20 55 24 27 103 175 28 20 27 24 33 27 45 22 30 91 56 30 50 87 24 22 23
internal_value=-8.51101e-05 -0.0130299 -0.000805962 0.0167291 0.0305084 0.022205 -0.0137608 0.0139 -0.0364157 0.015943 -0.00551785 0.00459632 -0.0313092 0.00938338 0.0168499 0.0375019 -0.0264573 -0.0532745 -0.041181 -0.0578272 0.0546216 0.032728 0.0553685 -0.00962602 -0.0442334 -0.0195301 -0.00401003 -0.0221859 -0.0528515 -0.0150165 0.0159405 -0.0299155 0.0794829 -0.00478308 -0.0468942 0.0688431 0.104377 0.0631712 -0.0923565 -0.0695483 -0.0819576 0.060368 0.0473921 0.0863256 0.0831267 -0.0586267 0.0817882 0.0272622 0.099923
internal_weight=872.07 612.786 402.432 170.99 259.283 162.719 231.443 142.114 210.354 161.644 177.948 127.822 50.1259 141.93 117.46 65.9879 24.4701 96.2831 53.4943 36.948 97.6398 38.4488 23.9771 51.4725 78.194 28.7869 16.5464 114.071 21.6156 92.4556 30.0396 62.416 20.6057 14.4717 19.3211 59.191 11.3987 19.713 18.0891 11.5698 16.324 47.7923 30.4381 16.1043 17.3542 49.4071 14.1321 8.88908 9.39902
internal_count=3949 2789 1765 736 1160 697 1029 611 1024 698 777 560 217 602 498 279 104 499 252 177 462 173 108 219 396 136 75 525 109 416 130 286 86 65 82 289 57 96 103 67 85 232 147 73 85 260 69 42 45
is_linear=0
shrinkage=0.1


Tree=13
num_leaves=44
num_cat=0
split_feature=6 0 6 0 6 0 10 9 8 8 8 8 5 10 10 10 10 0 10 2 0 10 8 8 7 8 10 10 8 8 9 0 10 8 0 0 0 10 8 10 8 1 8
split_gain=29.0186 13.0198 9.89617 8.07027 7.0522 5.93091 5.40242 4.89257 6.53379 4.80156 4.11368 4.10541 3.45632 4.09094 3.9036 3.73011 3.16086 3.09701 2.86402 3.39795 3.67357 2.85117 2.59176 3.19715 6.11763 3.64499 2.69185 2.42136 2.86714 2.30552 2.2608 2.18218 2.11098 2.97326 2.59459 2.54597 2.0575 1.6319 1.52222 1.33205 1.19402 1.06482 0.996221
threshold=-0.58562132716178883 -0.09674565494060515 0.28024421632289892 -1.0301236808300016 1.0000000180025095e-35 -1.1998288035392759 -0.30295163393020624 1.0000000180025095e-35 0.70848286151885997 1.2168427705764773 -0.52752956748008717 0.76828992366790783 1.0000000180025095e-35 -0.27905312180519098 -0.29599569737911219 -0.23533573001623151 -0.29926106333732599 2.0245679616928105 -0.29230052232742304 0.88605710864067089 -0.60586094856262196 -0.29191556572914118 1.6255243420600893 -0.18862292170524594 1.0000000180025095e-35 -0.23846212774515149 0.057084098458290107 -0.25453157722949976 -0.2484299689531326 0.26989780366420751 -1.3153946399688718 0.24266453087329867 -0.29698981344699854 -1.1555036306381223 -0.86041858792304982 -0.09674565494060515 -0.69071349501609791 -0.27667117118835444 0.37954407930374151 -0.29479314386844629 -0.20855860412120816 1.0000000180025095e-35 -1.3249568939208982
decision_type=2 2 2 2 2 2 2 2 2 2 2 2 2 2 2 2 2 2 2 2 2 2 2 2 2 2 2 2 2 2 2 2 2 2 2 2 2 2 2 2 2 2 2
left_child=3 4 22 6 5 11 38 8 -7 -9 32 -2 13 14 -4 -15 -8 27 19 20 -6 39 23 25 -25 -3 31 28 -12 -29 -20 -24 35 42 -35 36 -5 -23 -1 -18 -32 -37 -34
right_child=1 2 12 10 18 7 16 9 -10 -11 17 -13 -14 15 -16 -17 21 -19 30 -21 -22 37 26 24 -26 -27 -28 29 -30 -31 40 -33 33 34 -36 41 -38 -39 -40 -41 -42 -43 -44
leaf_value=-0.097263931237178594 0.13156174024313311 -0.02308205176492616 0.013983355268184467 -0.077949314933266664 0.065951977588390651 -0.070746019084185166 0.090028881994990165 0.024601164364947702 0.041658572284135297 -0.016858862537802676 0.011715251150036479 0.0057532239378940229 0.098869092804671987 0.079695083262791955 -0.047380890597190028 0.018721724920590106 0.00083888851353645672 -0.097370227349136695 -0.008838977268506118 -0.0553454989974995 0.010437772034150295 0.090858459449453269 -0.0069249361156296365 -0.016421047226711359 0.060246687449693193 -0.11721784983829529 0.010649939485588872 -0.02513592263649508 -0.034836785873457725 0.038677419661261217 0.043937410621280759 -0.081863259718239365 -0.060005236766021847 -0.083963250082103424 -0.01642769446904243 -0.12359125109786002 -0.020058157273434227 0.022831730528895141 -0.022851196234103532 -0.05814797341104383 0.071254523792289845 -0.075953461334448469 -0.13088482946149291
leaf_weight=4.8615804463624936 7.0072089433670026 63.100222781300545 29.031997710466385 10.710566014051439 20.819500431418419 15.453903347253801 6.0008423924446097 132.20137678086758 7.7719610333442679 35.416692540049553 15.953159794211386 4.1181924790143967 5.1170530766248694 12.866347193717955 16.12402518093586 45.565333768725395 13.531445011496546 5.380040928721427 4.9084647297859183 4.6452061533927909 27.886148288846016 4.5625674724578849 5.0428921133279863 40.321691557765007 14.028893947601317 4.4000914692878714 6.0516072213649741 10.446254670619966 77.518320530653 12.361295223236082 25.046892672777176 16.935576364398003 4.2451284378767014 6.7118223756551734 37.313001304864883 7.0582042783498773 14.384286642074583 15.528386920690542 6.3263697177171707 5.3387884646654085 44.303682059049606 13.997458443045616 3.7211628854274741
leaf_count=21 36 294 121 52 96 69 25 557 34 150 77 20 23 58 68 197 55 29 21 21 124 19 24 173 60 19 27 44 367 51 124 91 24 30 182 46 74 69 26 22 221 87 21
internal_value=-8.52842e-05 0.0124669 -0.00433008 -0.0268391 0.0256457 0.0140183 0.00699603 0.00988079 -0.0331326 0.0158409 -0.0354826 0.0849923 0.0186409 0.0146778 -0.0079282 0.0321477 0.0224689 -0.0231953 0.0440484 0.0263738 0.0341676 0.0120633 -0.0209904 -0.0146834 0.00336832 -0.0292184 -0.0484078 -0.0197634 -0.0268916 0.0094498 0.0567466 -0.0646689 -0.0507142 -0.0368964 -0.0267239 -0.0662808 -0.0447663 0.0382803 -0.0551863 -0.0158497 0.0613886 -0.0919224 -0.0931141
internal_weight=864.116 588.165 258.586 275.951 329.579 201.969 56.15 190.844 23.2259 167.618 219.801 11.1254 108.705 103.588 45.156 58.4317 44.962 121.659 127.61 53.3509 48.7056 38.9612 149.881 121.851 54.3506 67.5003 28.0301 116.279 93.4715 22.8075 74.259 21.9785 98.1416 51.9911 44.0248 46.1505 25.0949 20.091 11.188 18.8702 69.3506 21.0557 7.96629
internal_count=3949 2628 1155 1321 1473 866 237 810 103 707 1084 56 467 444 189 255 190 568 607 241 220 165 688 546 233 313 142 539 444 95 366 115 516 257 212 259 126 88 47 77 345 133 45
is_linear=0
shrinkage=0.1


Tree=14
num_leaves=39
num_cat=0
split_feature=6 0 0 1 0 6 6 6 0 0 2 10 2 10 8 10 9 9 5 2 10 0 6 0 10 8 10 10 4 9 10 0 0 0 8 8 2 2
split_gain=23.9366 13.5883 5.68285 5.24078 4.93271 4.00537 3.91737 3.43254 3.37224 3.30163 3.69153 2.88459 4.57201 3.94548 2.8275 2.78076 2.73006 2.71598 2.58086 2.56892 2.54603 2.51116 3.1895 2.32255 2.14284 2.01985 3.47039 1.94175 1.64528 2.34905 1.62886 1.5574 1.31151 1.27667 1.21877 0.823911 0.64946 0.528778
threshold=-0.15268855541944501 -0.52100838720798481 -0.26645074784755701 1.0000000180025095e-35 -1.1998288035392759 0.92964339256286632 2.6613743305206303 -0.36915494501590723 1.5154527425765993 -1.1149762272834776 1.5807933807373049 -0.29217907786369318 0.88605710864067089 -0.29419784247875208 1.2168427705764773 -0.23738870024681089 -3.6581144332885738 -0.33926132321357721 2.9508505463600163 0.88605710864067089 -0.27583545446395868 1.3457476496696474 -0.58562132716178883 1.091190040111542 -0.29543592035770411 1.5557494163513186 -0.29106955230236048 -0.29440073668956751 1.0000000180025095e-35 0.24641866236925128 -0.27525198459625239 -0.60586094856262196 -0.52100838720798481 2.6185358762741093 1.2168427705764773 -1.0000000180025095e-35 0.88605710864067089 -0.50341553986072529
decision_type=2 2 2 2 2 2 2 2 2 2 2 2 2 2 2 2 2 2 2 2 2 2 2 2 2 2 2 2 2 2 2 2 2 2 2 2 2 2
left_child=1 3 5 7 27 9 11 25 16 -2 18 13 14 23 -13 20 -3 -10 -11 -17 -6 22 -18 -4 -23 26 -1 -5 29 34 -8 -30 -31 36 -7 -32 -19 -29
right_child=2 8 6 4 15 28 30 -9 17 10 -12 12 -14 -15 -16 19 21 33 -20 -21 -22 24 -24 -25 -26 -27 -28 37 31 32 35 -33 -34 -35 -36 -37 -38 -39
leaf_value=-0.046407630943248422 0.10463172368500705 -0.086577732253451931 0.0093137972427467363 0.026538323782465973 0.0043617320413433204 0.12402271743057761 0.01861881098791111 0.045208735979126169 0.0085580724394492009 0.030651169211561483 -0.061975311675821557 0.020023962115241122 0.085913963341724256 -0.077559683778697014 -0.021523450220479075 0.036919161499823439 -0.035737225696974774 -0.049916140413823556 -0.047332968667127606 -0.034017294258228449 -0.036202411908226088 -0.021019942147636091 -0.011476733145784592 -0.034507062746362067 0.060672386547393611 -0.098940987588899423 0.023388286316260838 0.071444349758907719 0.065349493282400126 0.00071600986921916635 0.053153068517737316 -0.0089538306742596146 0.080156407090442139 -0.10846620018141787 0.061438803668064729 0.10924814957620202 -0.089814461682480043 0.11925754524438473
leaf_weight=27.429689764976498 5.1798535436391822 6.6015676558017722 46.187885567545891 8.432196572422983 118.61719256639481 10.339379802346231 7.662403970956805 5.9501413553953162 6.3547217398881903 92.376713365316391 4.8910234421491614 63.251847833395004 8.5626554787158948 7.8060425817966452 22.104213133454323 39.285150796175003 111.05587330460548 31.598693713545799 4.4481248259544364 5.8677146285772315 17.794373571872711 6.1589378863573074 105.83181573450565 16.385737970471382 6.7081059962511045 4.5412550568580619 9.6232025176286715 5.2065682113170624 6.9651627987623215 4.3365236073732376 5.6332214027643213 4.7409232109785062 3.9906873255968076 5.1075725704431525 4.4513451755046836 4.8923944085836384 4.684698835015296 4.1619530618190748
leaf_count=135 26 32 195 36 503 67 35 25 30 412 21 270 36 33 94 167 558 172 20 24 76 34 482 73 32 21 44 28 36 22 28 24 23 32 26 28 27 22
internal_value=-8.60898e-05 -0.0131584 0.0213248 0.00400088 0.0111155 0.0363483 0.0096574 -0.0258326 -0.0280713 0.0267529 0.0227869 0.00478259 0.0162528 -0.010524 0.00926465 0.00619035 -0.0231745 -0.0523116 0.0270686 0.0277008 -0.000929707 -0.0213528 -0.0238992 -0.00216128 0.0215695 -0.0359953 -0.0282806 0.0613515 0.0658025 0.0812697 0.0536932 0.0352569 0.0387866 -0.0616569 0.105188 0.0792265 -0.0550676 0.0926853
internal_weight=855.218 531.011 324.206 246.909 199.365 141.72 182.486 47.5443 284.102 106.896 101.716 164.298 93.9187 70.3797 85.3561 181.564 236.356 47.7457 96.8248 45.1529 136.412 229.755 216.888 62.5736 12.867 41.5941 37.0529 17.8007 34.824 23.1179 18.188 11.7061 8.32721 41.391 14.7907 10.5256 36.2834 9.36852
internal_count=3949 2480 1469 1081 856 677 792 225 1399 479 453 701 400 301 364 770 1138 261 432 191 579 1106 1040 268 66 200 179 86 198 138 91 60 45 231 93 56 199 50
is_linear=0
shrinkage=0.1


Tree=15
num_leaves=38
num_cat=0
split_feature=6 9 0 6 0 9 8 10 0 6 8 10 5 8 10 10 10 10 8 10 10 8 8 0 10 0 10 10 0 2 10 10 8 10 10 0 8
split_gain=20.3332 10.0894 9.45945 7.83498 5.71746 5.21106 8.85876 4.24475 3.77367 4.62037 3.5389 3.09135 2.97028 4.17447 2.79295 6.68792 6.44811 6.12492 3.727 3.25696 2.63737 2.50824 2.9468 2.92341 2.44472 1.91665 1.89613 2.4063 2.64004 2.07986 2.93156 1.8194 1.31294 1.13972 1.08252 0.985584 0.795013
threshold=-0.58562132716178883 0.44164532423019415 -0.09674565494060515 0.28024421632289892 -1.0301236808300016 -0.14403465948998925 0.70848286151885997 -0.30295163393020624 -1.1998288035392759 1.0000000180025095e-35 -0.52752956748008717 -0.13190809637308118 1.0000000180025095e-35 -0.2484299689531326 -0.29127623140811915 -0.27928169071674341 -0.27071066200733179 -0.29674525558948511 -0.088944498449563966 -0.29543592035770411 -0.29926106333732599 1.6255243420600893 -0.18862292170524594 0.4123696237802506 -0.23424443602561948 -0.60586094856262196 -0.29728740453720087 0.13190712034702304 -0.86041858792304982 -0.50341553986072529 -0.31207759678363794 0.2735529243946076 0.37954407930374151 -0.27905312180519098 0.10156878083944322 -0.09674565494060515 0.29980133473873144
decision_type=2 2 2 2 2 2 2 2 2 2 2 2 2 2 2 2 2 2 2 2 2 2 2 2 2 2 2 2 2 2 2 2 2 2 2 2 2
left_child=4 2 5 21 7 6 11 32 36 -10 26 -2 13 -5 17 -16 -17 18 -12 -19 -9 22 -4 -23 33 -8 29 28 -28 30 -6 -3 -1 -22 -26 -31 -7
right_child=1 31 3 12 10 8 25 20 9 -11 14 -13 -14 -15 15 16 -18 19 -20 -21 24 23 -24 -25 34 -27 27 -29 -30 35 -32 -33 -34 -35 -36 -37 -38
leaf_value=-0.089718321594106809 -0.096344797437328628 0.16407139698955955 -0.028659420667764043 -0.018079856753565809 0.044702503822247101 0.11855359449126135 0.00086898441131314235 0.081396961948897284 0.011987599555625216 0.038173311520793958 0.025121805560419742 -0.0057841873003324287 0.090932869772047231 0.025490198441472128 0.088320919565682401 -0.09312541657955703 0.006668269377007487 -0.14040150633511567 -0.030899133003910409 -0.051435401832090645 0.0052305998391171515 -0.005596996309873533 0.002960172733474738 -0.074226535221723233 0.081730200159537109 0.077892303953176659 -0.081940999206790502 -0.10152306803770783 -0.015852964355353744 -0.056127086791705132 -0.057656389975762348 0.071967660734745517 -0.019941259290940365 -0.04427970592317429 0.015027918662949167 -0.094151995912526987 0.055447005176379439
leaf_weight=4.7163611203432065 11.484964504837992 4.2992489188909513 65.789027363061905 32.504393190145493 3.8681256771087638 4.6565543413162214 5.9291017800569534 5.9640045911073676 168.23041717708111 112.40529442578554 17.071470633149147 5.6108587980270377 4.9254572242498389 67.980359956622124 7.3451711833477011 8.4032848179340345 28.213563323020935 6.0056521743536022 39.019052192568779 13.070653542876242 22.865930840373039 9.9258361458778399 53.39552241563797 16.565495789051056 5.6062956899404544 7.0987334996461886 7.0869464874267569 4.566953942179679 41.095923364162445 12.586116820573807 10.11373548209667 4.2797531187534332 6.2969558238983154 5.8362430334091178 4.2985931038856506 14.869543164968491 3.4943425059318542
leaf_count=21 54 20 310 138 21 26 27 25 713 554 87 24 23 298 31 42 120 30 195 63 94 48 230 91 27 32 33 23 213 67 54 21 26 24 20 105 19
internal_value=-7.48078e-05 0.010485 0.00886489 -0.00565354 -0.0227956 0.0202956 -0.0192832 0.0057699 0.0244241 0.022476 -0.030239 -0.0666228 0.0151128 0.0113963 -0.0187862 0.00123535 -0.0162336 -0.030496 -0.0138488 -0.0794439 0.0195066 -0.0206799 -0.0144936 -0.0485123 0.0099458 0.0428382 -0.0447245 -0.032149 -0.0255735 -0.060733 -0.0293385 0.118124 -0.0498227 -0.00483673 0.0527823 -0.0767208 0.0914994
internal_weight=847.476 578.575 569.996 251.086 268.901 318.91 30.1237 55.5844 288.787 280.636 213.316 17.0958 105.41 100.485 119.129 43.962 36.6168 75.1668 56.0905 19.0763 44.5711 145.676 119.185 26.4913 38.6071 13.0278 94.1873 52.7498 48.1829 41.4375 13.9819 8.579 11.0133 28.7022 9.90489 27.4557 8.1509
internal_count=3949 2628 2587 1138 1321 1449 137 237 1312 1267 1084 78 459 436 568 193 162 375 282 93 190 679 540 139 165 59 516 269 246 247 75 41 47 118 47 172 45
is_linear=0
shrinkage=0.1


Tree=16
num_leaves=38
num_cat=0
split_feature=6 9 0 6 0 8 2 7 8 0 6 9 10 10 10 8 8 10 9 10 5 8 8 0 0 8 10 8 0 0 10 2 0 10 8 10 2
split_gain=16.7294 8.40603 7.73244 6.40533 5.38086 6.19938 4.67366 6.24914 5.09423 4.9969 7.88667 5.38007 3.05733 2.83538 8.4397 4.38329 2.76525 2.65159 3.18161 2.68608 2.51827 3.41224 2.29351 3.70955 6.10879 2.13294 2.80331 2.58294 1.74484 1.7228 1.67806 1.61533 1.60651 1.58386 1.20419 3.41398 2.07868
threshold=-0.58562132716178883 0.44164532423019415 -0.09674565494060515 0.28024421632289892 0.072959437966346755 0.99755024909973156 -0.50341553986072529 1.0000000180025095e-35 0.61877229809761058 -0.69071349501609791 0.49671061336994177 -1.9010745286941526 -0.30425292253494257 -0.29127623140811915 -0.2795585691928863 -1.1854071617126463 -0.52752956748008717 -0.29653573036193842 0.24641866236925128 -0.29801185429096216 1.0000000180025095e-35 -0.22849428653717038 -0.12881587073206899 0.32751707732677465 0.92148491740226757 1.6255243420600893 -0.29489447176456446 -1.1355679035186765 0.92148491740226757 1.9397154450416567 -0.30540411174297327 -1.0000000180025095e-35 1.4306002259254458 0.2735529243946076 -0.74682208895683277 -0.29767590761184687 1.5807933807373049
decision_type=2 2 2 2 2 2 2 2 2 2 2 2 2 2 2 2 2 2 2 2 2 2 2 2 2 2 2 2 2 2 2 2 2 2 2 2 2
left_child=4 2 6 25 5 13 9 8 -8 11 -11 -2 28 17 16 -16 -15 19 -19 -1 21 -5 34 -24 -25 27 -27 -4 -6 32 -9 -7 -30 -3 36 -36 -14
right_child=1 33 3 20 12 31 7 30 -10 10 -12 -13 22 14 15 -17 -18 18 -20 -21 -22 -23 23 24 -26 26 -28 -29 29 -31 -32 -33 -34 -35 35 -37 -38
leaf_value=-0.02605725399325471 -0.048276014657673505 0.15262496508026582 -0.036852399596200111 -0.014316630566908482 -0.12586492552189596 0.018633032058476839 0.044068723394527859 -0.082198380196310109 -0.0067002042697703644 -0.011226857660916072 0.046679799977691609 0.04903430278528171 -0.023663776265984503 0.022578368425880804 -0.11847565592600336 -0.0077418982121450798 0.12597998609076097 -0.038502271976903403 -0.13282529524085007 0.021961257947553773 0.084641671534039481 0.024111020793324368 -0.094976721333473402 0.06998376908777397 -0.035184405949459756 -0.10081567528323643 -0.025458570024898586 -0.0039407501439710779 -0.074390278649038327 -0.12030963539534467 -0.022353649738303394 0.082794487380954879 0.020419306978358663 0.065714226735335793 -0.0050648349135700797 -0.10189758838400845 -0.10270489136275429
leaf_weight=65.354207769036293 6.0408485680818549 4.1663400530815107 33.071095302700996 36.102350011467934 5.5866851806640616 8.258251950144766 39.164429716765881 5.4879918843507758 39.899835258722305 59.582003876566887 38.859896600246429 95.535620681941509 25.250127851963043 4.5061473697423935 3.9049337059259406 42.27102866768837 6.0704288333654386 20.601412385702137 4.3272748589515677 14.176263704895971 4.7706136852502814 64.197149664163589 4.2870721668005016 9.1211372166872042 14.001529827713965 6.64344294369221 19.213647738099098 85.485392466187477 3.7958664000034315 2.9707194417715073 32.042327329516411 7.4760407656431189 3.3774435445666313 4.2214572578668594 5.584011614322665 10.463578402996065 3.8321987688541403
leaf_count=318 27 20 161 153 36 36 177 24 177 255 210 438 150 20 21 187 25 95 20 66 23 283 22 43 71 38 101 379 24 22 141 34 21 21 33 54 23
internal_value=-8.15628e-05 0.0095089 0.00803647 -0.00512961 -0.0208554 -0.0107951 0.018411 0.00249773 0.0184481 0.0276872 0.0116318 0.0432472 -0.0410223 -0.0166427 0.00134966 -0.0171063 0.0819258 -0.0264179 -0.0548754 -0.017498 0.0136555 0.0102792 -0.0323557 -0.00953953 0.00630101 -0.018797 -0.04482 -0.0131214 -0.0809871 -0.0562712 -0.0311046 0.0491189 -0.0297506 0.108884 -0.0462131 -0.0682031 -0.0340791
internal_weight=839.701 574.484 566.097 249.484 265.216 176.946 316.613 116.595 79.0643 200.018 98.4419 101.576 88.2704 161.212 56.7525 46.176 10.5766 104.459 24.9287 79.5305 105.07 100.299 72.5397 27.4097 23.1227 144.414 25.8571 118.556 15.7307 10.144 37.5303 15.7343 7.17331 8.3878 45.1299 16.0476 29.0823
internal_count=3949 2628 2587 1138 1321 822 1449 519 354 930 465 465 499 752 253 208 45 499 115 384 459 436 396 136 114 679 139 540 103 67 165 70 45 41 260 87 173
is_linear=0
shrinkage=0.1


Tree=17
num_leaves=41
num_cat=0
split_feature=6 0 0 9 10 6 9 2 1 2 8 10 0 10 9 10 8 6 8 10 5 0 7 8 8 8 10 0 2 6 8 8 8 8 10 0 2 0 0 6
split_gain=14.0193 5.44839 5.28083 4.8472 4.77094 4.23942 3.79609 3.86837 3.68975 3.50774 3.49006 4.62694 4.29328 3.4058 4.88356 3.06446 3.01424 3.92781 3.34994 4.48476 3.7812 2.61073 2.54997 3.15264 2.39184 5.86564 2.89403 2.09189 2.67826 4.35205 2.27695 1.95035 1.38695 2.78296 1.37577 1.26413 1.16854 1.1139 0.606125 0.584063
threshold=-0.36915494501590723 -0.43615584075450892 -0.35130329430103296 -3.6581144332885738 -0.26141968369483942 0.49671061336994177 -1.9010745286941526 1.0000000180025095e-35 1.0000000180025095e-35 0.88605710864067089 0.51909387111663829 -0.29712085425853724 -0.69071349501609791 -0.31429085135459894 0.24641866236925128 0.42328749597072607 1.5557494163513186 1.1461097598075869 -0.22849428653717038 -0.28357027471065516 1.0000000180025095e-35 -1.1998288035392759 1.0000000180025095e-35 0.76828992366790783 0.95767891407012951 0.47922249138355261 -0.3001235425472259 2.1094205379486088 -0.50341553986072529 1.0000000180025095e-35 1.5956208109855654 -1.1056643724441526 -1.1056643724441526 -1.0259216427803037 -0.29440073668956751 -0.77556604146957386 0.88605710864067089 -0.94527113437652577 0.4123696237802506 1.7955088615417483
decision_type=2 2 2 2 2 2 2 2 2 2 2 2 2 2 2 2 2 2 2 2 2 2 2 2 2 2 2 2 2 2 2 2 2 2 2 2 2 2 2 2
left_child=2 6 8 -4 24 27 -2 13 10 15 11 31 -13 -8 -15 -6 18 38 20 -20 -7 34 23 -9 25 -5 -26 28 30 -30 -3 -1 36 -34 -10 -24 -23 -12 -18 -19
right_child=1 5 3 4 9 16 7 22 21 -11 37 12 -14 14 -16 -17 17 39 19 -21 -22 32 35 -25 26 -27 -28 -29 29 -31 -32 -33 33 -35 -36 -37 -38 -39 -40 -41
leaf_value=-0.014146037510824928 -0.038205849331166955 -0.011726819856138252 -0.13359376399720355 -0.037484520960825288 0.029414209153685447 -0.0043145019884018579 -0.048096884022189604 0.049606378239189799 0.014924182277630073 -0.059580373483924282 -0.047212034756077735 -0.007998168765545207 0.10056592420794296 0.034700768211872256 0.089789819449999739 -0.033331906169850038 -0.086918945180724058 0.050249162643474558 0.0099530433045209674 0.070661927367617144 0.086381927288559646 -0.025779448425392551 -0.001243048079477936 -0.010502140289940729 -0.010148561706301584 0.020544199579103709 -0.097338370262260276 -0.07195967111451626 -0.0089080725372444099 0.044126877267784512 -0.061527357723050846 -0.083443466771233765 0.072483082815300984 0.0019265599964610799 0.075836794258967957 -0.059594386187040355 0.017687294445206021 -0.10834648275196684 -0.03837258433838673 0.0053691178958411466
leaf_weight=7.9014539718627921 8.2859797179698926 49.877858102321625 4.0304382741451255 100.76724711060524 32.83116140961647 39.88281124830246 3.9413048624992362 20.244759269058704 7.7821745723485947 7.4976015836000434 6.7926077097654343 12.188647106289865 5.1952905058860805 73.317132577300072 20.61693049967289 10.202349960803984 4.6049001812934893 5.0081418603658658 21.794454924762249 27.550771564245224 5.1955553069710723 29.684141367673874 9.104218974709509 15.335523828864096 5.7807561382651356 21.05979235470295 11.149132952094076 4.9080438613891593 49.890162006020546 22.428826227784157 11.252054363489149 8.3570043444633466 5.8551578521728507 123.57151778042316 7.0825163722038251 6.2693317681550971 7.8126740306615821 5.3104779273271543 5.8253797590732574 6.8875995352864265
leaf_count=43 36 212 22 578 149 177 19 93 33 35 31 56 25 361 102 46 20 23 97 139 26 131 40 69 33 102 62 24 224 96 55 44 25 532 39 29 35 27 24 35
internal_value=-8.62187e-05 0.0130213 -0.012925 -0.0250776 -0.0227671 0.00399902 0.0276707 0.0313384 -0.00259972 0.00354097 -0.0279851 -0.011418 0.0244468 0.0429708 0.0467919 0.0145384 0.0180325 -0.0150118 0.0258457 0.0438485 0.00613881 0.00378831 0.00899401 0.0236989 -0.0323476 -0.0274533 -0.0675672 -0.00784283 -0.00548471 0.00754005 -0.0208935 -0.0497656 0.000212146 0.00511848 0.043947 -0.0250387 -0.0167229 -0.074036 -0.0598055 0.0242637
internal_weight=833.074 412.222 420.852 193.318 189.288 255.107 157.115 148.829 227.534 50.5311 45.7455 33.6424 17.3839 97.8754 93.9341 43.0335 116.75 22.326 94.4236 49.3452 45.0784 181.788 50.9538 35.5803 138.757 121.827 16.9299 138.357 133.449 72.319 61.1299 16.2585 166.923 129.427 14.8647 15.3736 37.4968 12.1031 10.4303 11.8957
internal_count=3949 1901 2048 1027 1005 1152 749 713 1021 230 226 168 81 482 463 195 541 102 439 236 203 795 231 162 775 680 95 611 587 320 267 87 723 557 72 69 166 58 44 58
is_linear=0
shrinkage=0.1


Tree=18
num_leaves=34
num_cat=0
split_feature=6 9 0 0 8 6 6 0 8 10 10 10 10 8 10 10 2 0 0 0 10 10 6 8 0 0 2 4 10 10 0 8 10
split_gain=12.1344 7.38825 5.4592 4.18779 5.0631 4.16722 3.94465 3.34636 3.12931 3.09149 2.74883 2.65583 3.60024 5.72916 2.34095 2.30656 3.57222 2.62654 2.19243 3.03815 3.96087 2.39387 1.93417 2.03464 1.71666 1.6662 1.6332 1.51566 1.46931 1.46641 1.39904 1.31633 1.04085
threshold=-0.58562132716178883 3.7604985237121586 -0.09674565494060515 0.072959437966346755 0.99755024909973156 1.7955088615417483 0.49671061336994177 -1.1998288035392759 0.76828992366790783 -0.29743820428848261 -0.30425292253494257 0.53828907012939464 -0.29127623140811915 -1.1854071617126463 -0.29653573036193842 0.10156878083944322 -0.50341553986072529 0.15781198441982272 1.6003052592277529 1.3457476496696474 -0.29543592035770411 -0.29893162846565241 3.7437063455581669 1.2467463016510012 0.92148491740226757 1.9397154450416567 0.88605710864067089 1.0000000180025095e-35 -0.28111211955547327 -0.29935149848461146 1.4306002259254458 0.64867582917213451 -0.27246531844139094
decision_type=2 2 2 2 2 2 2 2 2 2 2 2 2 2 2 2 2 2 2 2 2 2 2 2 2 2 2 2 2 2 2 2 2
left_child=3 2 5 4 11 7 15 8 -2 -9 24 12 14 -14 -1 16 -4 -17 19 21 -21 -12 23 -8 -5 30 32 31 29 -6 -26 -7 -20
right_child=1 -3 6 10 28 27 22 9 -10 -11 18 -13 13 -15 -16 17 -18 -19 26 20 -22 -23 -24 -25 25 -27 -28 -29 -30 -31 -32 -33 -34
leaf_value=-0.014443591718098748 0.11726227115558535 0.13211178351968719 -0.038588081502074809 -0.12244200147604865 0.063243616625593718 0.12253336312091188 0.017654427265470379 -0.0045494945275252391 0.0048806492328355754 0.017999015157254425 0.022085090075257233 -0.084698345642676406 -0.11041531315331839 0.01887191260786418 -0.049863064705970496 0.080182202023329707 -0.0055149618516334214 -0.0019726927226940533 -0.061672156470503281 -0.040815936884125825 0.10232473893646671 -0.038360223997106521 0.066363583370772972 -0.020321246799993503 -0.068321693578633685 -0.11755023419882171 -0.12420053616853099 0.029466859952616282 0.089085907708222084 -0.011125229114124155 0.021669918386206747 0.045370102395951517 0.00066786021016118613
leaf_weight=78.430172577500343 5.8435253798961622 4.7662005573511115 52.707426227629185 5.0908906534314147 5.0024440288543692 5.570622578263281 61.79801943898201 87.184720486402512 4.3017871379852295 200.9499444887042 7.9130064174532881 5.2068597972393027 3.6935102343559256 47.593428716063499 24.48529152572155 5.0274422019720104 85.852981023490429 17.223032161593437 9.7001045718789101 3.4512929767370224 4.3947356641292563 38.094459176063538 6.339853659272193 18.282092779874802 3.5610909238457662 2.6794293224811554 3.1775659248232833 6.7119462043046942 5.1047123670577994 5.6414994746446601 3.3551889657974243 3.6654311195015907 3.699797898530961
leaf_count=384 36 24 252 36 22 39 273 387 23 916 47 24 20 209 115 21 409 75 65 21 21 200 35 78 24 22 22 37 23 25 21 23 20
internal_value=-8.25484e-05 0.0081325 0.00708004 -0.0179543 -0.00911184 0.0158265 -0.00403667 0.0131637 0.0696105 0.0111762 -0.0361505 -0.0144557 -0.0120839 0.00956109 -0.0228705 -0.0132965 -0.0180957 0.01659 -0.0279443 -0.0181554 0.0393603 -0.027964 0.013194 0.00898467 -0.0755042 -0.0506018 -0.0597444 0.0656301 0.0449796 0.0238267 -0.0246654 0.0919103 -0.0444597
internal_weight=826.501 566.225 561.459 260.275 175.158 314.228 247.231 298.28 10.1453 288.135 85.1176 159.409 154.202 51.2869 102.915 160.811 138.56 22.2505 70.431 53.8535 7.84603 46.0075 86.42 80.0801 14.6866 9.59571 16.5775 15.948 15.7487 10.6439 6.91628 9.23605 13.3999
internal_count=3949 2628 2604 1321 822 1461 1143 1362 59 1303 499 752 728 229 499 757 661 96 396 289 42 247 386 351 103 67 107 99 70 47 45 62 85
is_linear=0
shrinkage=0.1


Tree=19
num_leaves=37
num_cat=0
split_feature=6 0 10 10 8 8 8 8 2 10 10 0 1 0 0 0 0 10 9 0 2 9 8 8 8 2 9 0 7 8 2 2 8 6 0 8
split_gain=10.0414 5.94263 3.96134 4.27728 4.01591 3.79648 3.13523 5.92215 3.06031 3.56253 4.05224 5.13413 2.84431 2.95352 2.37428 2.21014 2.17816 2.32871 2.70537 3.18501 2.69634 2.28795 2.10942 2.08903 1.81756 1.81236 3.80718 2.93473 1.67901 2.26242 1.454 1.38849 1.35381 1.2948 1.16674 0.498694
threshold=-0.15268855541944501 -0.52100838720798481 -0.29217907786369318 -0.29383772611618036 -0.12881587073206899 -1.2950533628463743 -1.0558251738548277 -0.32817271351814264 0.88605710864067089 3.7927908897399907 1.3042160868644717 -0.35130329430103296 1.0000000180025095e-35 -1.1998288035392759 1.0000000180025095e-35 -0.69071349501609791 1.5154527425765993 -0.3204366117715835 1.0000000180025095e-35 1.1760425567626955 0.88605710864067089 -0.33926132321357721 -0.67704716324806202 -1.0000000180025095e-35 -0.67704716324806202 -0.50341553986072529 1.0000000180025095e-35 -0.86041858792304982 1.0000000180025095e-35 -0.12881587073206899 -0.50341553986072529 1.0000000180025095e-35 0.71845069527626049 -0.58562132716178883 2.6185358762741093 -0.4976260364055633
decision_type=2 2 2 2 2 2 2 2 2 2 2 2 2 2 2 2 2 2 2 2 2 2 2 2 2 2 2 2 2 2 2 2 2 2 2 2
left_child=1 12 3 5 -5 -2 30 -8 9 10 14 -12 15 28 -4 31 17 -3 20 -20 -19 -18 -10 -24 -17 27 -27 -15 29 -14 -7 33 -33 -1 35 -23
right_child=2 16 8 4 -6 6 7 -9 22 -11 11 -13 13 25 -16 24 21 18 19 -21 -22 34 23 -25 -26 26 -28 -29 -30 -31 -32 32 -34 -35 -36 -37
leaf_value=-0.03433815050194932 -0.094887865438833818 -0.082077814471183841 0.033824433151953381 -0.0032471206204060898 -0.12424209799776503 0.066300684650707306 -0.040920527807543551 0.016056016807553943 0.1195218573443132 0.086260474106910831 0.053034879083389941 -0.07006366055779592 -0.031920137526673678 0.025830944642992262 0.0074112813189414033 -0.018968238992214018 0.017050815757260359 -0.027272989913617776 -0.013383589781230732 0.029769272614108673 -0.10511309633897675 -0.055556915104563759 0.001787038682112013 0.085653923452379599 0.073993155447308598 -0.075825670840551584 -9.0116764366364449e-05 -0.010104273038618147 0.10598112623103353 0.05964234015412137 0.011996249310416986 -0.073163114993564468 -0.0054472715982533748 0.014617386526287218 -0.098338084566358674 -0.030868305152500261
leaf_weight=13.460999220609663 3.5892431288957587 5.0607038885354987 74.803356170654297 6.0072898864746094 5.0484500378370267 12.522153332829477 24.179195567965508 74.300629660487175 4.9195735603570965 7.6394257694482794 4.9229541793465623 10.867511704564091 3.9449234902858743 64.591877706348896 62.439525052905083 4.304954782128334 6.1337291598319998 24.44852085411549 171.61424893885851 18.997067108750343 5.4403295144438735 15.492057830095289 6.2437599152326593 5.6646024733781788 4.1123187243938428 7.3108811974525443 72.061689376831055 35.062873885035515 3.8862631469964972 8.5417445749044418 8.1327424049377424 10.566433414816855 4.0972391515970221 9.0245702713727969 4.2266080081462851 17.338343493640423
leaf_count=67 16 27 390 28 22 57 112 335 22 38 27 49 21 279 281 24 30 126 858 98 29 101 29 27 20 32 309 150 19 46 36 54 19 41 32 98
internal_value=-8.11405e-05 -0.0087236 0.0140708 0.00107658 -0.0584978 0.00644341 0.00949628 0.00206689 0.0238643 0.019615 0.016288 -0.0316855 0.00267945 0.00792597 0.0218076 -0.0198189 -0.0189478 -0.0150083 -0.013469 -0.00908281 -0.0414413 -0.0395212 0.0644375 0.0416811 0.0264487 0.00420795 -0.007066 0.0131874 0.04858 0.0307149 0.0449186 -0.0303022 -0.0542423 -0.0146899 -0.048885 -0.0425184
internal_weight=820.999 509.718 311.28 133.78 11.0557 122.724 119.135 98.4798 177.501 160.673 153.033 15.7905 240.967 195.4 137.243 45.5665 268.752 225.561 220.5 190.611 29.8889 43.1907 16.8279 11.9084 8.41727 179.027 79.3726 99.6548 16.3729 12.4867 20.6549 37.1492 14.6637 22.4856 37.057 32.8304
internal_count=3949 2480 1469 606 50 556 540 447 863 785 747 76 1081 856 671 225 1399 1138 1111 956 155 261 78 56 44 770 341 429 86 67 93 181 73 108 231 199
is_linear=0
shrinkage=0.1


Tree=20
num_leaves=28
num_cat=0
split_feature=6 9 8 8 8 6 8 10 9 10 9 6 0 10 8 0 10 10 10 10 8 8 10 10 8 8 10
split_gain=8.82344 6.18662 4.78164 5.97396 9.91072 6.53423 4.90024 4.76981 6.12011 4.09132 3.88967 3.6034 3.52777 3.29609 2.5938 2.23 2.77053 2.80061 2.55787 2.21641 1.97235 3.91243 1.949 1.38746 1.26542 1.26078 0.72804
threshold=-0.58562132716178883 0.44164532423019415 1.6255243420600893 -0.32817271351814264 -0.82656481862068165 1.3625761270523074 -1.1355679035186765 -0.30425292253494257 -3.2676610946655269 -0.31549103558063502 -1.5106213092803953 1.0000000180025095e-35 -1.0301236808300016 -0.30295163393020624 1.5756851434707644 -0.86041858792304982 -0.29340294003486628 0.4038823544979096 -0.31294728815555567 -0.29926106333732599 0.57890090346336376 0.060573128983378417 -0.23424443602561948 0.2735529243946076 -0.088944498449563966 0.59883660078048717 -0.1006462052464485
decision_type=2 2 2 2 2 2 2 2 2 2 2 2 2 2 2 2 2 2 2 2 2 2 2 2 2 2 2
left_child=12 2 3 4 6 -6 -2 -4 -9 -5 -10 -11 13 25 15 20 18 -18 -17 -15 21 -14 24 -3 -21 -1 -24
right_child=1 23 7 9 5 -7 -8 8 10 11 -12 -13 14 19 -16 16 17 -19 -20 22 -22 -23 26 -25 -26 -27 -28
leaf_value=-0.07220214971958408 0.00072675326414334068 0.13860027450090276 0.083740648277351198 -0.046379347212808036 -0.051907423502375441 0.030467090085560845 0.042442448756828899 0.074910310161295887 -0.1164926692712764 0.012003693249432748 -0.021595263916939146 0.036670688430382459 -0.043289092827997221 0.076322647292586476 0.049755358966113945 0.003777940358209319 0.004322585799969237 -0.061161176588758914 -0.03688537532941303 0.013197511874652804 -0.0054166131373252829 -0.15098807718198731 0.080992886638933434 0.054120175061635016 -0.030529635728534274 -0.0027675473253963492 0.025531213575021441
leaf_weight=6.1606635451316816 106.80663949996233 3.8113896474242202 4.6951870992779723 8.8458845019340497 50.035171896219254 11.924573183059691 38.241191655397415 6.3734934628009787 4.564019948244094 134.44406858086586 80.520937718451023 105.84579718112946 16.598101809620864 5.8738728314638129 4.9709756672382346 19.007000744342804 58.407492011785507 7.3533305376768103 83.114693947136402 18.057024136185646 7.5156261324882498 4.2333591580390921 4.1150213181972504 3.96805040538311 10.447001844644545 4.5439289659261703 5.5712810307741183
leaf_count=28 498 20 22 39 230 62 181 29 22 593 393 518 84 25 25 113 283 35 489 74 35 20 20 21 44 19 27
internal_value=-7.54599e-05 0.00695416 0.00570681 0.00997884 -0.00257584 -0.0360539 0.0117249 -0.0145593 -0.0196057 0.0204105 -0.0266856 0.0228693 -0.0154567 0.00704442 -0.0215817 -0.0233889 -0.0190084 -0.00299976 -0.0293171 0.0191358 -0.0493318 -0.0651756 0.0103401 0.0955096 -0.00282891 -0.0427283 0.0490929
internal_weight=816.046 560.076 552.297 456.143 207.008 61.9597 145.048 96.1536 91.4585 249.136 85.085 240.29 255.969 54.7688 201.201 196.23 167.883 65.7608 102.122 44.0642 28.3471 20.8315 38.1903 7.77944 28.504 10.7046 9.6863
internal_count=3949 2628 2587 2121 971 292 679 466 444 1150 415 1111 1321 237 1084 1059 920 318 602 190 139 104 165 41 118 47 47
is_linear=0
shrinkage=0.1


Tree=21
num_leaves=37
num_cat=0
split_feature=6 0 10 9 10 10 10 8 8 8 7 10 10 10 8 9 6 4 0 10 9 0 0 8 0 1 0 4 8 0 6 8 9 10 10 8
split_gain=7.48717 5.67452 3.95619 5.01117 3.79803 3.34073 4.07175 3.26927 3.03364 4.78017 5.40711 3.76344 4.80735 4.20659 3.79473 3.55024 3.1275 2.99478 3.52932 2.77182 2.6716 2.37616 2.37349 2.10832 3.51661 2.2486 2.07894 3.36602 2.27955 3.07143 2.21034 2.12534 1.90086 1.31342 1.02327 0.439104
threshold=0.49671061336994177 0.15781198441982272 -0.2908084094524383 -0.14403465948998925 -0.2795585691928863 3.4915993213653569 2.3465595245361333 -0.088944498449563966 -0.41788329184055323 0.97761461138725292 1.0000000180025095e-35 0.13190712034702304 -0.29653573036193842 -0.29793977737426752 -0.74682208895683277 -1.5106213092803953 -0.58562132716178883 1.0000000180025095e-35 -0.26645074784755701 -0.29767590761184687 -3.8533411026000972 -0.77556604146957386 0.32751707732677465 0.99755024909973156 -0.18159820139408109 1.0000000180025095e-35 -0.35130329430103296 1.0000000180025095e-35 1.2467463016510012 1.8548629283905032 1.7955088615417483 -0.57736876606941212 0.24641866236925128 0.35775250196456915 -0.23424443602561948 0.81812912225723278
decision_type=2 2 2 2 2 2 2 2 2 2 2 2 2 2 2 2 2 2 2 2 2 2 2 2 2 2 2 2 2 2 2 2 2 2 2 2
left_child=1 2 3 19 7 6 26 21 11 10 15 12 13 -3 -14 -10 -12 18 -6 20 -1 -4 -11 25 -25 -5 27 30 29 -28 -2 -29 -24 -30 -19 -9
right_child=5 8 4 23 17 -7 -8 35 9 22 16 -13 14 -15 -16 -17 -18 34 -20 -21 -22 -23 32 24 -26 -27 28 31 33 -31 -32 -33 -34 -35 -36 -37
leaf_value=-0.021286853724580834 0.043990236837150254 -0.038538047191309779 0.058366633998272147 -0.02661968505169315 -0.0033284794318210811 0.096194805435882963 -0.08083943295082896 0.11028973944227759 -0.093903018556287493 0.03201917938230818 0.00083832402887670159 -0.11349601368377016 0.011214991172717542 -0.12724874133208194 -0.055552446834976038 0.00044569656866033387 0.099717747574875684 0.015204362066201783 0.033100675362899623 0.0064704518524720924 -0.12312522937848469 -0.03806125285612022 -0.057335771547978899 0.032546027407015031 -0.06162010971343649 -0.0014155583231945793 0.026074902371768918 0.058817502544334425 -0.0040695558133539414 -0.040866025894051305 0.11806349930702749 -0.028998911130440078 0.0026594966876297642 -0.063632800724840094 0.080299083822482409 0.06930321569190373
leaf_weight=3.9626436680555335 27.934508785605431 30.427223697304726 5.3587063103914261 45.142508804798126 131.10361248254776 5.520409181714057 4.1375953555107108 5.763008698821066 4.2778863757848731 4.4344020783901206 5.0664451122283927 5.4017246365547171 33.975029021501541 6.4845677018165579 11.358170263469217 58.913777403533459 8.6774061471223813 3.6402225941419601 33.362081915140152 4.3440414965152732 7.3615896254777899 4.8850769102573413 27.402387566864491 29.604069113731384 4.5792953819036475 163.96785615384579 69.172707237303257 3.8268519937992087 15.92937806248665 7.6080779433250418 4.7072549760341635 9.8488015756010991 6.5417355746030799 4.8229891508817664 7.1741507872939092 4.7834692150354385
leaf_count=20 156 203 24 230 601 30 19 25 19 23 28 27 181 42 59 278 37 18 146 21 39 21 151 128 23 745 325 20 71 35 38 55 33 22 36 20
internal_value=-7.21816e-05 -0.00471167 0.00149043 -0.00662301 0.0122064 0.0198143 0.0169651 0.0526183 -0.0186166 -0.00795795 0.00642213 -0.0326399 -0.0273294 -0.0541225 -0.0055135 -0.00594143 0.0632675 0.00741303 0.00406122 -0.0614389 -0.0874893 0.0123819 -0.036785 -0.00309283 0.0199313 -0.0068566 0.0197783 0.0372232 0.0114939 0.0194418 0.0546723 -0.00442528 -0.0457734 -0.0179125 0.0583876 0.0916999
internal_weight=811.502 657.993 455.032 258.962 196.07 153.509 147.988 20.7903 202.961 115.314 76.9355 87.6467 82.245 36.9118 45.3332 63.1917 13.7439 175.28 164.466 15.6683 11.3242 10.2438 38.3785 243.294 34.1834 209.11 143.851 46.3174 97.5332 76.7808 32.6418 13.6757 33.9441 20.7524 10.8144 10.5465
internal_count=3949 3178 2097 1206 891 771 741 90 1081 569 362 512 485 245 240 297 65 801 747 80 59 45 207 1126 151 975 722 269 453 360 194 75 184 93 54 45
is_linear=0
shrinkage=0.1


Tree=22
num_leaves=22
num_cat=0
split_feature=6 9 8 9 10 0 8 10 9 9 0 8 10 8 10 10 10 2 8 8 0
split_gain=6.59865 5.31851 4.001 5.19724 4.83099 3.98923 3.82234 3.72796 5.05317 3.13611 2.9539 3.17489 2.75383 2.37932 3.58624 2.59647 1.65224 1.5108 1.35912 1.72111 0.279928
threshold=-0.58562132716178883 3.7604985237121586 1.6255243420600893 -4.4390211105346671 -0.27928169071674341 -1.1149762272834776 1.5557494163513186 -0.30425292253494257 -3.2676610946655269 -1.5106213092803953 1.6851578354835512 1.5756851434707644 -0.3204366117715835 -1.1953749656677244 -0.29704248905181879 -0.29357671737670893 -0.29452170431613917 0.88605710864067089 -0.70695069432258595 -0.088944498449563966 2.1094205379486088
decision_type=2 2 2 2 2 2 2 2 2 2 2 2 2 2 2 2 2 2 2 2 2
left_child=10 2 3 16 6 -6 -5 -4 -9 -10 11 12 -1 14 -14 -15 -2 18 20 -20 -12
right_child=1 -3 7 4 5 -7 -8 8 9 -11 17 -13 13 15 -16 -17 -18 -19 19 -21 -22
leaf_value=-0.090478311164334371 -0.018290124928988866 0.1158559129880976 0.073589702785082256 -0.0004851179098887039 0.082791155588290477 0.018952340285651431 0.088426684272760139 0.06821684095396495 -0.10602064701058861 -0.019691834601848136 -0.091939807969531662 0.062848542892055034 0.027274950589928116 -0.017475587929043641 -0.089430303871040756 0.005064321563397642 -0.10133148254094937 -0.11925544299422038 0.038200669855291677 -0.05603908531590384 -0.050664523826254332
leaf_weight=4.4288128688931456 4.4026292115449905 4.3741892948746672 4.6940505728125563 241.00358145684004 10.326462730765341 187.9218477755785 4.9341433048248282 6.3602329194545737 4.4384724497795096 81.054352149367332 3.6479688733816156 5.7492576688528052 3.8040277957916251 126.46475268155336 8.5536672919988614 85.766636662185192 5.2568863630294782 2.8963067755103102 3.6563247740268707 4.1234750151634225 2.9897446408867836
leaf_count=25 22 24 22 1112 56 896 22 29 22 399 29 27 23 677 51 390 24 24 24 25 26
internal_value=-7.17119e-05 0.00602431 0.00515143 0.00908388 0.010662 0.0222776 0.00129868 -0.0133341 -0.0177763 -0.0241737 -0.0134875 -0.0105478 -0.0123903 -0.0108505 -0.0535053 -0.00836679 -0.0634828 -0.0533487 -0.0401088 -0.0117486 -0.0733487
internal_weight=806.848 554.767 550.393 453.846 444.186 198.248 245.938 96.5471 91.8531 85.4928 252.081 234.767 229.018 224.589 12.3577 212.231 9.65952 17.3138 14.4175 7.7798 6.63771
internal_count=3949 2628 2604 2132 2086 952 1134 472 450 421 1321 1193 1166 1141 74 1067 46 128 104 49 55
is_linear=0
shrinkage=0.1


Tree=23
num_leaves=29
num_cat=0
split_feature=6 0 6 10 0 10 0 10 10 0 10 9 10 0 6 8 9 0 10 10 8 10 8 10 10 10 10 10
split_gain=5.75281 4.62622 3.02751 2.79745 6.02088 5.80275 3.13552 2.68804 3.91768 2.50826 2.65214 2.40284 5.43634 2.5038 2.90498 2.2946 2.17288 2.73924 2.50671 1.99504 1.92826 2.8236 2.07453 1.80735 4.76695 3.12113 0.951212 0.607437
threshold=0.49671061336994177 -0.52100838720798481 4.3931052684783944 0.86819115281105053 -0.09674565494060515 -0.23223147541284558 1.1760425567626955 3.4915993213653569 2.3465595245361333 0.4123696237802506 -0.29728740453720087 -0.72971463203430165 -0.13190809637308118 -1.1149762272834776 -0.36915494501590723 -1.1555036306381223 -0.72971463203430165 1.091190040111542 -0.13190809637308118 -0.29613466560840601 -1.1854071617126463 -0.293300911784172 -0.91627538204193104 -0.29272040724754328 -0.29964163899421686 -0.23424443602561948 0.22920164465904239 -0.29440073668956751
decision_type=2 2 2 2 2 2 2 2 2 2 2 2 2 2 2 2 2 2 2 2 2 2 2 2 2 2 2 2
left_child=1 11 7 5 -5 9 -6 8 23 10 -3 12 27 14 19 -11 17 -7 -18 -13 21 -15 -22 24 -2 -25 -16 -1
right_child=2 3 -4 4 6 16 -8 -9 -10 15 -12 13 -14 20 26 -17 18 -19 -20 -21 22 -23 -24 25 -26 -27 -28 -29
leaf_value=-0.054916024655208395 0.036153777043627114 -0.021378644876197433 0.10676162186179593 -0.1271063247613235 0.028675178123073627 0.0093235740881517145 -0.075370756932267691 0.087494524763418999 -0.084998118927890359 -0.083259862861368439 0.0054621251208580544 -0.0071231763217922952 0.045299338841683114 0.026575934894384087 0.10365943010054529 -0.023923301136655865 0.054654190143896636 -0.083492869354568164 0.0098738343498525581 0.033504127265773363 0.021425144913107801 -0.074116266115720877 -0.0012882459243701483 0.051452283222841483 -0.022691889706217321 0.01064405866199186 0.034208651341071143 -0.1071825685860499
leaf_weight=4.1969172209501258 23.577107325196266 72.983404979109764 3.7055164724588385 6.5113599225878742 8.0715809762477857 10.746445223689078 4.5174426957964888 4.9762284755706778 3.9875515550374976 6.9227232858538619 74.281753771007061 20.97504040598869 5.2935385257005683 4.4261392652988434 5.5871846228837949 111.26080869138241 18.460438624024391 4.5157946050167075 38.719553969800472 28.523960195481781 54.074684843420982 7.5104769021272642 156.85686714947224 28.925243064761162 33.081884369254112 53.23633348941803 3.0478566363453865 4.7291549891233435
leaf_count=22 112 371 23 29 36 49 22 28 18 45 349 90 23 21 32 641 83 22 171 134 254 37 707 153 156 281 19 21
internal_value=-7.04601e-05 -0.00414792 0.0174843 -0.0118068 -0.049039 -0.0097021 -0.00866064 0.0152458 0.0127282 -0.0165481 -0.00783994 0.00511341 -0.0349916 0.00714285 0.0256251 -0.027399 0.0153834 -0.018139 0.0243311 0.0162884 0.00232186 -0.0367792 0.00453459 0.0155354 0.00179514 0.0250107 0.0791458 -0.0826076
internal_weight=803.703 652.213 151.49 356.991 19.1004 337.891 12.589 147.784 142.808 265.449 147.265 295.222 14.2196 281.002 58.134 118.184 72.4422 15.2622 57.18 49.499 222.868 11.9366 210.932 138.821 56.659 82.1616 8.63504 8.92607
internal_count=3949 3178 771 1818 87 1731 58 748 720 1406 720 1360 66 1294 275 686 325 71 254 224 1019 58 961 702 268 434 51 43
is_linear=0
shrinkage=0.1


Tree=24
num_leaves=19
num_cat=0
split_feature=9 6 9 10 0 6 0 10 0 0 3 6 8 2 10 10 8 8
split_gain=5.50338 4.87231 3.60579 3.65639 3.00409 2.9085 2.64805 2.49009 2.19713 3.81853 2.62827 2.18031 2.13364 1.95123 1.74459 1.74163 0.955575 0.910893
threshold=0.44164532423019415 -0.36915494501590723 -1.7058479189872739 -0.045466853305697434 -1.1149762272834776 4.1766390800476083 -1.0301236808300016 -0.3204366117715835 0.15781198441982272 0.072959437966346755 1.0000000180025095e-35 -0.58562132716178883 -1.0259216427803037 -1.0000000180025095e-35 -0.21623942255973813 -0.2908084094524383 0.77825775742530834 0.76828992366790783
decision_type=2 2 2 2 2 2 2 2 2 2 2 2 2 2 2 2 2 2
left_child=1 2 3 16 17 8 12 -8 9 -6 -10 -9 15 -2 -14 -4 -1 -3
right_child=13 4 6 -5 5 -7 7 11 10 -11 -12 -13 14 -15 -16 -17 -18 -19
leaf_value=-0.1303542300630379 0.036510185336571209 0.086654140781250111 0.014551683039781743 0.016633701368214553 0.007782858113891282 0.085844405157438575 -0.07306296327736389 -0.016298890168902073 -0.0025732320305564367 0.068864344902144187 -0.075246866170772475 0.0012821425341757097 -0.0091320693656178464 0.13872358506492052 0.035045078262094374 0.073864834391780251 -0.062372532638776429 0.02523500016474832
leaf_weight=4.5615970194339734 3.9147045090794563 5.8426188006997091 13.34488518536091 4.0118559151887885 227.33536449074745 4.4680803790688506 6.3532671481370917 190.96052733063698 134.7627018392086 10.717240452766417 5.1672277078032485 111.85848151892424 46.14207599312067 3.5715753212571135 11.087083071470259 7.8701763898134223 3.7819288820028305 4.1156114414334297
leaf_count=28 23 34 57 19 1095 29 36 1059 620 48 24 523 199 19 56 37 20 23
internal_value=-6.30679e-05 -0.000869322 -0.00863636 -0.0618176 0.00704741 0.00563555 -0.00694119 -0.0111045 0.00468742 0.0105328 -0.00525687 -0.00980462 0.00946781 0.0852744 -0.00057357 0.0365552 -0.0995397 0.0612704
internal_weight=799.867 792.381 399.972 12.3554 392.409 382.451 387.616 309.172 377.983 238.053 139.93 302.819 78.4442 7.48628 57.2292 21.2151 8.34353 9.95823
internal_count=3949 3907 2034 67 1873 1816 1967 1618 1787 1143 644 1582 349 42 255 94 48 57
is_linear=0
shrinkage=0.1


Tree=25
num_leaves=22
num_cat=0
split_feature=9 6 0 8 0 10 10 10 10 0 10 10 9 10 10 0 0 10 8 2 0
split_gain=4.59754 4.30272 3.16998 2.85253 2.8938 3.1388 4.609 2.78892 4.98391 2.64475 2.24658 2.13194 2.07465 2.64075 2.02236 1.95388 2.93927 1.95341 1.88596 1.72467 0.965652
threshold=0.44164532423019415 1.0000000180025095e-35 -0.35130329430103296 -1.3349247574806211 -0.52100838720798481 0.86819115281105053 0.3137784898281098 3.7927908897399907 1.4058054685592654 -0.09674565494060515 0.47761373221874243 -0.31378196179866785 -0.72971463203430165 -0.13190809637308118 -0.29383772611618036 -0.94527113437652577 -0.77556604146957386 -0.28996357321739191 0.93774321675300609 -1.0000000180025095e-35 1.1760425567626955
decision_type=2 2 2 2 2 2 2 2 2 2 2 2 2 2 2 2 2 2 2 2 2
left_child=1 3 10 17 12 6 -6 8 11 -7 15 -4 13 -5 -14 -3 -17 -1 -12 -2 -10
right_child=19 2 7 4 5 9 -8 -9 20 -11 18 -13 14 -15 -16 16 -18 -19 -20 -21 -22
leaf_value=-0.010367668143414126 0.033280318213542319 0.069919034817572445 -0.061118789142254062 -0.075164206399418551 -0.011648306251194439 -0.11919112570393908 0.057016228709562855 0.079039954627263043 -0.09385118537096454 -0.025730747920895958 0.10776910957859297 0.0072284958533847853 -0.0034906272050815573 0.022064189220023629 0.014724960988658191 -0.024104601054839844 0.026392378490182861 -0.098383287093426669 0.021776905031123627 0.13077509140610896 -0.033854199393334006
leaf_weight=4.6535983458161354 3.8677347674965858 7.1102608144283286 4.7303156405687323 7.2644708305597305 267.45111201703548 4.705394633114337 10.146412447094916 4.5554276108741751 5.7479705139994604 8.4926177784800512 5.8040515184402448 129.70191049575806 128.50936751812696 4.5387598872184736 115.93618045002222 15.001827232539652 49.761482231318951 5.5039207413792592 4.5496660247445107 3.4178293421864501 5.0303559899330139
leaf_count=26 23 37 20 37 1429 21 43 23 27 41 39 596 586 20 532 77 274 31 26 19 22
internal_value=-5.69891e-05 -0.000786975 0.0106562 -0.0055514 -0.00457643 -0.0114039 -0.00913856 0.00199476 -0.000422242 -0.0590515 0.026432 0.00482354 0.0031715 -0.0377764 0.0051487 0.0201584 0.0146952 -0.0580595 0.0699821 0.0790174 -0.06585
internal_weight=796.481 789.195 231.993 557.202 547.044 290.796 277.598 149.766 145.211 13.198 82.2273 134.432 256.249 11.8032 244.446 71.8736 64.7633 10.1575 10.3537 7.28556 10.7783
internal_count=3949 3907 1141 2766 2709 1534 1472 688 665 62 453 616 1175 57 1118 388 351 57 65 42 49
is_linear=0
shrinkage=0.1


Tree=26
num_leaves=23
num_cat=0
split_feature=6 9 8 8 8 0 1 10 9 10 8 6 0 8 10 8 8 10 2 8 8 8
split_gain=3.88966 3.47265 3.33457 4.76441 7.3569 4.48651 3.92581 3.13818 4.50029 2.78106 2.7057 2.44636 2.19819 2.54177 2.11637 1.81961 3.78557 1.78222 1.48687 1.24957 1.48796 0.70893
threshold=-0.58562132716178883 3.7604985237121586 1.6255243420600893 -0.32817271351814264 -0.82656481862068165 -0.86041858792304982 1.0000000180025095e-35 -0.30425292253494257 -3.2676610946655269 -0.31549103558063502 -0.26836566627025599 1.1461097598075869 1.6851578354835512 1.5756851434707644 -0.3204366117715835 -1.1953749656677244 -1.3149890899658201 -0.23738870024681089 0.88605710864067089 -0.70695069432258595 -0.088944498449563966 -1.0857287049293516
decision_type=2 2 2 2 2 2 2 2 2 2 2 2 2 2 2 2 2 2 2 2 2 2
left_child=12 2 3 4 6 -6 -2 -4 -9 -5 -11 -10 13 14 -1 16 -16 -17 19 21 -21 -14
right_child=1 -3 7 9 5 -7 -8 8 11 10 -12 -13 18 -15 15 17 -18 -19 -20 20 -22 -23
leaf_value=-0.081266372206085513 -0.027311419545857109 0.097995628604743659 0.067117541557772373 -0.038692189125495345 -0.1194103279916061 -0.024432158368984155 0.016352723757223794 0.064786075498165882 -0.030263319869077744 0.11677547643743971 0.017833095458170457 0.017477090491448289 -0.042311194548687259 0.057504126254660781 0.0068010689806007954 -0.010407004090239771 -0.10736576149627806 0.014089980715457874 -0.11617456753784093 0.040416519802740913 -0.048744909477799338 -0.11463541638300366
leaf_weight=4.0535572171211234 24.995909459888935 3.9569555968046179 4.652015581727027 8.6605799496173841 5.4705257266759864 54.73939087241888 116.84735308587551 6.250813975930213 71.969895794987679 2.7969305217266074 233.73643192648888 12.61510683596134 4.0021900311112413 5.7787414267659178 6.1869768276810646 173.04692463576794 5.4740676283836347 35.851526714861393 2.554677039384841 3.6176828891038895 3.8781983628869066 2.0492647439241409
leaf_count=25 120 24 22 39 26 268 560 29 353 13 1106 68 35 27 42 907 32 160 24 24 25 20
internal_value=-4.76327e-05 0.00465456 0.00397403 0.00759585 -0.00377396 -0.0330616 0.00865814 -0.0129899 -0.0170925 0.0169652 0.0190031 -0.0231433 -0.0104765 -0.00797997 -0.00966471 -0.00834878 -0.0467925 -0.00620279 -0.0461975 -0.0330016 -0.00571357 -0.0668031
internal_weight=793.186 546.692 542.735 447.247 202.053 60.2099 141.843 95.4878 90.8358 245.194 236.533 84.585 246.494 230.392 224.613 220.559 11.661 208.898 16.102 13.5473 7.49588 6.05145
internal_count=3949 2628 2604 2132 974 294 680 472 450 1158 1119 421 1321 1193 1166 1141 74 1067 128 104 49 55
is_linear=0
shrinkage=0.1


Tree=27
num_leaves=31
num_cat=0
split_feature=6 0 10 10 10 8 10 9 10 9 9 10 0 0 8 9 10 10 8 7 0 10 0 2 6 6 0 10 10 0
split_gain=3.487 3.05737 2.89459 3.93527 9.22369 5.91285 3.81675 3.48841 3.37093 5.96422 3.56567 3.10923 2.49435 2.99125 2.81262 2.46493 2.31589 2.32919 2.08825 3.05764 2.14812 1.82412 2.92751 1.72848 2.93638 1.55677 1.6313 2.11477 2.08421 0.464941
threshold=0.49671061336994177 1.6851578354835512 -0.23424443602561948 0.15509242564439776 0.076113279908895506 -0.2484299689531326 0.4038823544979096 -0.14403465948998925 -0.29851412773132319 -3.4628877639770503 -4.0485677719116202 0.3137784898281098 0.4123696237802506 0.32751707732677465 0.82809695601463329 -0.72971463203430165 3.4915993213653569 2.3465595245361333 -0.70695069432258595 1.0000000180025095e-35 2.4488307237625127 -0.29452170431613917 2.1942731142044072 1.0000000180025095e-35 -0.36915494501590723 4.1766390800476083 1.4306002259254458 -0.30269144475460047 -0.293300911784172 2.0245679616928105
decision_type=2 2 2 2 2 2 2 2 2 2 2 2 2 2 2 2 2 2 2 2 2 2 2 2 2 2 2 2 2 2
left_child=1 2 7 4 15 11 -7 8 10 -10 -1 -5 13 -9 -14 -4 17 25 21 23 -21 22 -3 -20 -25 26 27 -2 -28 -23
right_child=16 18 3 5 -6 6 -8 12 9 -11 -12 -13 14 -15 -16 -17 -18 -19 19 20 -22 29 -24 24 -26 -27 28 -29 -30 -31
leaf_value=0.011135323170281342 0.05415894150623235 0.025679327549739631 -0.021076403762313137 -0.11265749828332028 0.12961870641748321 0.055693207711815344 -0.005886964460637095 -0.00089278231204998617 -0.11730777387749991 0.0256346563523356 -0.099419255250676117 -0.027580906637776764 -0.011139433990515977 0.062310502816098727 -0.063887961368197493 0.023513392271494606 0.081436386409023384 -0.061191650686499177 0.0021615299644515882 -0.0037443442764381399 0.096686024848683258 -0.12712455988598251 -0.114812859094631 -0.024089907772221017 -0.13422512423470842 0.07634261262748325 -0.063040371908727633 0.011547960932553773 0.007616775565761744 -0.074566151905129552
leaf_weight=3.9180587008595458 13.129916846752165 4.1429692730307579 15.562527038156984 5.6461700573563602 7.6484103724360457 14.683296166360376 31.999883145093918 333.80444996058941 3.7603946924209621 13.045320093631743 11.422121077775953 17.959549903869629 62.734984666109085 7.6599667891859999 12.050281040370463 60.958754807710648 4.8907719105482093 4.2810783237218848 6.2606266066432026 5.9423606321215647 3.3194440230727196 3.136954687535761 2.3102474883198738 6.6322241947054872 3.8123211413621876 3.8566394597291938 6.1617736369371441 103.13803055137396 12.945754766464232 3.6316497772932053
leaf_count=21 66 36 72 27 35 66 147 1567 21 66 66 89 356 40 71 283 30 19 33 34 19 20 24 43 18 27 26 544 59 24
internal_value=-4.81361e-05 -0.00324137 -0.00148196 0.0103243 0.0249107 -0.00714261 0.0134819 -0.00554885 -0.0372882 -0.0063497 -0.0711823 -0.0479301 -0.0030977 0.000525038 -0.0196389 0.0144449 0.0137668 0.0114607 -0.0303069 -0.013835 0.03225 -0.062657 -0.0246168 -0.0393858 -0.0642899 0.0136946 0.0119098 0.0163599 -0.0151687 -0.0989247
internal_weight=790.447 642.043 602.854 154.459 84.1697 70.2889 46.6832 448.396 32.1459 16.8057 15.3402 23.6057 416.25 341.464 74.7853 76.5213 148.404 143.513 39.1888 25.967 9.2618 13.2218 6.45322 16.7052 10.4445 139.232 135.375 116.268 19.1075 6.7686
internal_count=3949 3178 2927 719 390 329 213 2208 174 87 87 116 2034 1607 427 355 771 741 251 147 53 104 60 94 61 722 695 610 85 44
is_linear=0
shrinkage=0.1


Tree=28
num_leaves=24
num_cat=0
split_feature=9 6 8 8 8 6 8 10 9 8 8 9 8 8 0 10 5 0 8 0 0 2 8
split_gain=3.43064 2.76552 2.51264 3.63608 6.33955 3.77966 3.35703 2.56696 3.67582 2.39129 2.36801 2.32865 1.76331 3.20505 2.23789 3.3985 1.96819 1.70967 4.25478 1.96866 1.618 1.60981 1.5379
threshold=0.44164532423019415 -0.58562132716178883 1.6255243420600893 -0.32817271351814264 -0.82656481862068165 1.3625761270523074 -1.1355679035186765 -0.30425292253494257 -3.2676610946655269 -0.25839781761169428 1.5657172799110415 -1.5106213092803953 -1.1953749656677244 -1.2850855588912962 -1.0301236808300016 -0.30295163393020624 1.0000000180025095e-35 -0.86041858792304982 0.93774321675300609 -0.52100838720798481 -0.43615584075450892 -1.0000000180025095e-35 0.59883660078048717
decision_type=2 2 2 2 2 2 2 2 2 2 2 2 2 2 2 2 2 2 2 2 2 2 2
left_child=1 12 3 4 6 -6 -3 -4 -9 -5 -11 -10 13 20 15 22 -17 18 -16 -19 -1 -2 -14
right_child=21 2 7 9 5 -7 -8 8 11 10 -12 -13 14 -15 17 16 -18 19 -20 -21 -22 -23 -24
leaf_value=0.027042477911973256 0.025251584068702468 -0.0010588265363226615 0.06121473562848509 0.098110543421890739 -0.042963715974670233 0.021231292939785179 0.034093034200999385 0.058910077508042114 -0.092950025217531665 0.011772924464133227 0.06925767487827858 -0.016986433839732615 -0.075711277946979849 -0.13715450432598655 -0.052419607393623328 0.014030532376866628 0.072785293073399399 0.011888075137257483 0.056675096305129027 -0.014867172243806523 -0.056986593150482448 0.12222622514119588 0.0029441283602742365
leaf_weight=4.3225736692547789 3.6903232336044312 104.33832955360413 4.6089280545711508 3.3920625150203696 48.354142941534519 11.318576686084269 36.732662677764893 6.2047091871500006 4.2543079406023017 231.30779602378607 7.3951332941651335 78.446844317018986 5.6167979389429075 2.9587448164820662 23.309037223458294 33.574825167655945 6.8675937429070464 35.861762039363384 4.2225715368986121 117.96525300294161 4.8767756670713416 3.1929135695099822 4.4594543427228928
leaf_count=25 23 498 22 16 230 62 181 29 22 1100 34 393 27 18 118 147 31 173 20 703 39 19 19
internal_value=-5.34555e-05 -0.000673419 0.00334202 0.00648729 -0.00346369 -0.0307874 0.00809416 -0.0115524 -0.0153246 0.0147386 0.0135538 -0.0208941 -0.00949876 -0.046621 -0.00755232 0.0110614 0.0240078 -0.0127373 -0.0356876 -0.00862971 -0.0175032 0.070235 -0.0409007
internal_weight=787.272 780.389 536.353 442.839 200.744 59.6727 141.071 93.5148 88.9059 242.095 238.703 82.7012 244.035 12.1581 231.877 50.5187 40.4424 181.359 27.5316 153.827 9.19935 6.88324 10.0763
internal_count=3949 3907 2587 2121 971 292 679 466 444 1150 1134 415 1320 82 1238 224 178 1014 138 876 64 42 46
is_linear=0
shrinkage=0.1


Tree=29
num_leaves=19
num_cat=0
split_feature=9 6 9 0 10 10 0 9 8 8 8 10 0 6 10 8 8 10
split_gain=2.86834 2.51658 2.68547 2.64744 3.40446 2.50082 2.4224 2.74033 2.09839 2.10485 2.05031 1.72986 1.7146 1.67032 1.67226 1.47245 0.948244 0.0604216
threshold=0.44164532423019415 1.0000000180025095e-35 -4.2437944412231436 1.4306002259254458 3.7927908897399907 1.6778816580772402 -1.1149762272834776 -0.14403465948998925 -1.3349247574806211 -1.3249568939208982 0.99755024909973156 0.96800941228866588 -0.60586094856262196 -0.36915494501590723 -0.31045740842819208 -0.18862292170524594 0.76828992366790783 -0.28111211955547327
decision_type=2 2 2 2 2 2 2 2 2 2 2 2 2 2 2 2 2 2
left_child=1 6 -3 4 5 -4 7 -1 12 -10 15 -11 -8 14 -9 -5 -2 -14
right_child=16 2 3 10 -6 -7 8 13 9 11 -12 -13 17 -15 -16 -17 -18 -19
leaf_value=-0.051040291909411888 0.10380313402121638 -0.062378239334505592 0.014337300243913385 -0.036964789041003969 0.097527275725046464 -0.043164318372218707 -0.10801028236295458 0.078340968759659263 0.066364185444706639 -0.0050178385875684749 -0.069387135904945288 -0.035707794072723266 -0.011644865203279576 0.070471639995382571 0.0098011222171873434 0.01590949090758954 0.028517976822783914 -0.031262212104535635
leaf_weight=5.6841313913464537 3.2553258612751952 5.2653582096099845 181.95132003724575 8.5579748153686577 4.7650441005825988 7.8915318250656119 3.5378646850585938 3.8831702023744574 4.0256306976079932 457.57224478572607 6.2152800709009162 19.134206108748913 3.2922794222831726 6.2735072448849669 42.737204931676388 13.695488527417181 3.4419580549001694 3.0013428106904012
leaf_count=29 22 23 918 38 29 40 17 17 23 2315 29 90 20 39 196 64 20 20
internal_value=-5.18241e-05 -0.000613145 0.0082097 0.00987582 0.0140425 0.011947 -0.00428183 0.0149385 -0.00657692 -0.00564162 -0.0186069 -0.00624968 -0.0523108 0.0220288 0.01551 -0.00442428 0.0651116 -0.0210001
internal_weight=784.181 777.484 228.342 223.077 194.608 189.843 549.142 58.578 490.564 480.732 28.4687 476.706 9.83149 52.8939 46.6204 22.2535 6.69728 6.29362
internal_count=3949 3907 1141 1118 987 958 2766 281 2485 2428 131 2405 57 252 213 102 42 40
is_linear=0
shrinkage=0.1


end of trees

feature_importances:
Column_10=311
Column_8=238
Column_0=235
Column_6=142
Column_9=83
Column_2=48
Column_1=21
Column_4=15
Column_7=13
Column_5=12
Column_3=1

parameters:
[boosting: gbdt]
[objective: binary]
[metric: binary_logloss]
[tree_learner: serial]
[device_type: cpu]
[data_sample_strategy: bagging]
[data: ]
[valid: ]
[num_iterations: 30]
[learning_rate: 0.1]
[num_leaves: 64]
[num_threads: 4]
[seed: 0]
[deterministic: 1]
[force_col_wise: 1]
[force_row_wise: 0]
[histogram_pool_size: -1]
[max_depth: 6]
[min_data_in_leaf: 20]
[min_sum_hessian_in_leaf: 0.001]
[bagging_fraction: 1]
[pos_bagging_fraction: 1]
[neg_bagging_fraction: 1]
[bagging_freq: 0]
[bagging_seed: 7719]
[bagging_by_query: 0]
[feature_fraction: 1]
[feature_fraction_bynode: 1]
[feature_fraction_seed: 2437]
[extra_trees: 0]
[extra_seed: 11797]
[early_stopping_round: 0]
[early_stopping_min_delta: 0]
[first_metric_only: 0]
[max_delta_step: 0]
[lambda_l1: 0]
[lambda_l2: 0]
[linear_lambda: 0]
[min_gain_to_split: 0]
[drop_rate: 0.1]
[max_drop: 50]
[skip_drop: 0.5]
[xgboost_dart_mode: 0]
[uniform_drop: 0]
[drop_seed: 21238]
[top_rate: 0.2]
[other_rate: 0.1]
[min_data_per_group: 100]
[max_cat_threshold: 32]
[cat_l2: 10]
[cat_smooth: 10]
[max_cat_to_onehot: 4]
[top_k: 20]
[monotone_constraints: ]
[monotone_constraints_method: basic]
[monotone_penalty: 0]
[feature_contri: ]
[forcedsplits_filename: ]
[refit_decay_rate: 0.9]
[cegb_tradeoff: 1]
[cegb_penalty_split: 0]
[cegb_penalty_feature_lazy: ]
[cegb_penalty_feature_coupled: ]
[path_smooth: 0]
[interaction_constraints: ]
[verbosity: -1]
[saved_feature_importance_type: 0]
[use_quantized_grad: 0]
[num_grad_quant_bins: 4]
[quant_train_renew_leaf: 0]
[stochastic_rounding: 1]
[linear_tree: 0]
[max_bin: 255]
[max_bin_by_feature: ]
[min_data_in_bin: 3]
[bin_construct_sample_cnt: 200000]
[data_random_seed: 38]
[is_enable_sparse: 1]
[enable_bundle: 1]
[use_missing: 1]
[zero_as_missing: 0]
[feature_pre_filter: 1]
[pre_partition: 0]
[two_round: 0]
[header: 0]
[label_column: ]
[weight_column: ]
[group_column: ]
[ignore_column: ]
[categorical_feature: ]
[forcedbins_filename: ]
[precise_float_parser: 0]
[parser_config_file: ]
[objective_seed: 8855]
[num_class: 1]
[is_unbalance: 0]
[scale_pos_weight: 1]
[sigmoid: 1]
[boost_from_average: 1]
[reg_sqrt: 0]
[alpha: 0.9]
[fair_c: 1]
[poisson_max_delta_step: 0.7]
[tweedie_variance_power: 1.5]
[lambdarank_truncation_level: 30]
[lambdarank_norm: 1]
[label_gain: ]
[lambdarank_position_bias_regularization: 0]
[eval_at: ]
[multi_error_top_k: 1]
[auc_mu_weights: ]
[num_machines: 1]
[local_listen_port: 12400]
[time_out: 120]
[machine_list_filename: ]
[machines: ]
[gpu_platform_id: -1]
[gpu_device_id: -1]
[gpu_device_id_list: ]
[gpu_use_dp: 0]
[num_gpu: 1]

end of parameters

pandas_categorical:null
