tree
version=v4
num_class=1
num_tree_per_iteration=1
label_index=0
max_feature_idx=7
objective=regression
feature_names=Column_0 Column_1 Column_2 Column_3 Column_4 Column_5 Column_6 Column_7
feature_infos=[-1.7636926174163818:5.829803466796875] [-2.1890950202941895:1.8662768602371216] [-2.0147302150726318:56.502407073974609] [-1.7154110670089722:74.377593994140625] [-1.2687584161758423:24.1805419921875] [-0.36392155289649963:112.59320068359375] [-1.4418894052505493:2.9454309940338135] [-2.3804905414581299:2.6151056289672852]
tree_sizes=5132 5271 5382 5472 5562 5131 5570 5400 5400 5346 4567 5263 4909 5088 4592 4940 4762 4661 5367 4741 4318 4236 4220 5400 4939 4355 4876 4790 4866 3723

Tree=0
num_leaves=61
num_cat=0
split_feature=0 0 0 5 5 2 1 5 0 5 0 0 1 6 1 0 5 0 1 0 6 0 7 7 2 2 7 7 7 0 2 0 1 6 0 6 5 1 7 7 7 7 5 6 5 4 1 6 0 3 1 7 2 6 0 7 3 4 0 5
split_gain=5647.59 1532.7 908.705 856.776 339.334 258.15 239.247 197.051 160.757 157.742 127.479 118.947 112.726 102.204 80.0901 72.7763 60.3523 63.0086 59.8453 57.0665 53.7584 53.5098 51.4094 50.9872 46.2038 43.8103 40.9245 35.2838 32.3232 30.6911 30.0629 29.8446 37.6608 24.8092 24.4253 23.9357 21.8278 20.729 18.7054 18.302 16.2776 15.7255 14.3267 13.5566 12.7989 10.4446 8.32858 8.30269 8.24657 7.71072 7.11234 6.61685 5.65697 5.64377 2.81672 2.61873 1.39045 0.684416 0.569115 0.145202
threshold=0.66163665056228649 -0.41748902201652521 2.0626697540283208 -0.10772594437003134 -0.027437180280685421 -0.50368228554725636 -0.55899453163146962 -0.18398220837116239 0.035391326993703849 -0.093252677470445619 1.2484487295150759 -0.75947967171668995 -0.55899453163146962 1.0734764933586123 0.79279610514640819 -0.83187872171401966 -0.15843439102172849 1.2235738039016726 1.1903815269470217 -0.90435633063316334 -0.54437702894210804 -0.16470763087272641 0.90097925066947948 0.64721888303756725 -1.0562950372695921 -0.28542797267436976 -1.0693953037261961 -1.1390549540519712 -1.4127181172370908 1.2484487295150759 -0.80720716714858998 2.5506368875503544 1.0000000180025095e-35 -0.14807283133268354 0.93397757411003124 1.0828012824058535 -0.01982233393937349 -0.24092613905668256 -0.138940654695034 0.6521945893764497 0.87610077857971203 1.1000069975852969 0.028193804435431961 -0.69823628664016713 -0.078162349760532365 -1.0125813484191892 -0.79754582047462452 -0.73553550243377674 1.555300295352936 -0.09715594723820685 -0.55899453163146962 0.76663553714752208 1.039008677005768 -0.6469498574733733 2.7873673439025883 -1.3778882622718809 -0.13634003698825833 -0.50913766026496876 3.2383100986480717 -0.085967425256967531
decision_type=2 2 2 2 2 2 2 2 2 2 2 2 2 2 2 2 2 2 2 2 2 2 2 2 2 2 2 2 2 2 2 2 2 2 2 2 2 2 2 2 2 2 2 2 2 2 2 2 2 2 2 2 2 2 2 2 2 2 2 2
left_child=1 5 4 6 12 9 35 21 18 15 34 33 29 -9 27 30 43 -18 25 24 22 -8 -13 -17 -11 -5 -22 -10 -20 44 -1 32 51 41 46 39 -16 48 -35 -3 -21 -7 -36 -14 -2 -33 -6 -39 -12 -31 54 53 -53 -4 -47 -37 57 -34 -52 -58
right_child=2 3 31 8 10 11 7 13 14 19 37 20 16 -15 36 23 17 -19 28 40 26 -23 -24 -25 -26 -27 -28 -29 -30 49 -32 45 56 38 42 55 -38 47 -40 -41 -42 -43 -44 -45 -46 50 -48 -49 -50 -51 58 52 -54 -55 -56 -57 59 -59 -60 -61
leaf_value=2.0579864753098707 2.1591768214660636 2.1080106077990775 2.3096772293228196 2.0444311547539371 2.0691411494439884 1.9896758334224605 2.1783231019430453 2.1503638767887803 2.0854262464021187 2.0351198364036849 2.1477258511918444 2.0505686003850303 2.3411490345789661 2.0481543962063418 2.1349019703213958 2.1251800645408707 2.194374282521093 2.2593257380920932 2.1374017755615995 2.0280603578444527 2.0078394280016463 2.2613954811942549 1.9891950745258666 2.0379933060291053 1.9704940755434495 2.0100063922901419 1.9640352087582933 2.0504599362229521 2.0517608436213535 2.1788189201038932 1.9966946359463851 2.2708944127140729 2.3391461821962984 1.9535160546411312 2.1481053352284718 2.0527887418049859 2.078909062987603 2.1689201192486571 1.9221008048472932 2.0645159125808039 1.9787100747802144 1.9550937236338464 2.1054004331846246 2.2631549753998925 2.1103367413432101 2.2905204119958764 2.0992385803758422 2.2380384445131014 2.1818283056740402 2.2317795214730785 2.3461306957341144 2.1905407423156786 2.26006870239938 2.2501777685565583 2.3312545902775974 2.0136422959643885 2.3589281750044369 2.3138522993701982 2.3579486672601453 2.3470224975723313
leaf_weight=169 140 195 25 519 159 261 131 550 362 136 156 270 52 119 184 208 371 250 60 614 335 190 276 99 593 1285 587 1423 166 56 152 21 23 730 140 25 112 24 256 192 75 265 179 39 87 24 218 63 130 54 58 25 22 44 58 54 21 20 137 20
leaf_count=169 140 195 25 519 159 261 131 550 362 136 156 270 52 119 184 208 371 250 60 614 335 190 276 99 593 1285 587 1423 166 56 152 21 23 730 140 25 112 24 256 192 75 265 179 39 87 24 218 63 130 54 58 25 22 44 58 54 21 20 137 20
internal_value=2.06571 2.03321 2.19729 2.06936 2.16871 1.99318 2.13528 2.16309 2.04601 2.02053 2.12906 1.9744 2.20911 2.13218 2.06554 2.06225 2.23167 2.22052 2.02599 2.00205 1.99468 2.22749 2.01954 2.09706 1.98255 2.01991 1.97995 2.05755 2.0745 2.16147 2.02896 2.31883 2.28895 1.95472 2.10378 2.07619 2.11372 2.17623 1.94536 2.08643 2.02269 1.97225 2.12414 2.30772 2.14046 2.33889 2.08654 2.21897 2.16323 2.20482 2.34404 2.25202 2.22309 2.27174 2.31933 2.02603 2.33994 2.32738 2.35443 2.35312
internal_weight=13209 10593 2616 5567 2118 5026 1456 990 4111 2046 1069 2980 1049 669 2081 628 712 621 2030 1418 1468 321 546 307 729 1804 922 1785 226 337 321 498 200 1512 696 466 296 373 986 387 689 526 319 91 227 298 377 87 286 110 277 116 47 69 82 79 84 43 195 41
internal_count=13209 10593 2616 5567 2118 5026 1456 990 4111 2046 1069 2980 1049 669 2081 628 712 621 2030 1418 1468 321 546 307 729 1804 922 1785 226 337 321 498 200 1512 696 466 296 373 986 387 689 526 319 91 227 298 377 87 286 110 277 116 47 69 82 79 84 43 195 41
is_linear=0
shrinkage=1


Tree=1
num_leaves=60
num_cat=0
split_feature=0 0 0 5 5 5 1 6 0 5 7 1 7 6 0 0 5 6 6 7 1 1 5 5 6 6 7 6 5 7 0 1 0 7 5 6 7 6 1 0 7 0 6 5 2 0 4 3 4 1 5 6 3 1 1 7 6 7 3
split_gain=4590.19 1165.8 797.092 657.761 288.3 214.344 193.31 181.033 152.426 150.812 133.791 108.451 101.055 117.411 89.332 87.6904 86.3337 83.0333 72.9092 91.1617 60.9482 55.0673 45.1824 38.2473 37.268 34.8474 33.9861 33.9391 30.1423 28.2645 24.1741 30.5052 23.144 22.7498 22.2836 21.3811 16.5387 15.0428 13.7457 13.3552 12.7708 12.6272 11.3087 11.244 10.7073 8.54149 8.46009 7.73617 7.16312 7.06593 6.50877 6.33522 5.85847 5.7956 5.76099 5.46617 4.51458 3.6942 1.13782
threshold=0.60788068175315868 -0.38839846849441523 1.5116513371467593 -0.10772594437003134 -0.076146136969327913 -0.15843439102172849 -0.63851162791252125 -0.54437702894210804 2.0626697540283208 -0.18398220837116239 0.88605216145515453 1.1108644604682925 -1.0693953037261961 1.0548269152641299 0.9578051269054414 0.13030872493982318 0.084572128951549544 1.1014509797096255 1.0734764933586123 0.65717029571533214 -0.95657998323440541 -0.16140905022621152 0.0053909928537905225 -0.17435522377490995 -0.69357389211654652 1.0734764933586123 -1.348034083843231 1.0175276994705202 -0.029536565765738484 -0.21855174750089643 2.5506368875503544 1.0000000180025095e-35 0.13761408627033236 0.84127092361450206 -0.0085947117768228037 1.0734764933586123 1.5030381083488467 1.0828012824058535 0.077142238616943373 0.23342174291610721 -1.233593165874481 0.91913118958473217 0.93360447883605968 -0.0060044794809073201 -0.35029162466526026 1.3155847787857058 -1.0125813484191892 -0.058410437777638428 0.245582289993763 -1.3541654348373411 -0.073848757892847047 1.0921261310577395 -0.092628244310617433 -0.081891953945159898 -0.55899453163146962 0.75170844793319713 1.7401999831199648 -1.2435445189476011 -0.10037753358483313
decision_type=2 2 2 2 2 2 2 2 2 2 2 2 2 2 2 2 2 2 2 2 2 2 2 2 2 2 2 2 2 2 2 2 2 2 2 2 2 2 2 2 2 2 2 2 2 2 2 2 2 2 2 2 2 2 2 2 2 2 2
left_child=1 5 4 6 20 18 39 10 21 27 16 15 13 -9 34 25 -7 -11 19 24 41 40 33 53 -1 -5 43 -8 -17 -14 31 55 -28 -16 37 -25 -12 -6 -21 44 -4 49 50 -13 -3 -24 -32 -43 -41 -2 -23 -36 -42 -22 -48 -10 57 -20 -33
right_child=2 3 8 11 14 7 9 12 30 17 36 26 29 -15 22 28 -18 -19 56 38 23 42 45 35 -26 -27 32 -29 -30 -31 46 58 -34 -35 51 -37 -38 -39 -40 48 52 47 -44 -45 -46 -47 54 -49 -50 -51 -52 -53 -54 -55 -56 -57 -58 -59 -60
leaf_value=0.099693929394468292 0.0016963920314554818 0.016587263078871348 0.17416684598692003 -0.03074625532480495 0.059382081681042878 -0.0064202273482220368 0.15448763146312661 -0.022506404879565164 0.18624891639033805 0.074615384345036506 -0.079651739441297775 0.097514426170123958 -0.09606499365285158 -0.096883539075016484 0.11886254668034907 0.016359901019576979 -0.055806822419145155 -0.030043960267423911 -0.040576762977677094 -0.055786510314792398 0.18343542101482552 0.2319367890264474 0.043795168431568894 0.14775021420485021 0.019748410943379521 -0.063029563148016041 -0.0091530960136200143 0.022775278360183754 -0.015389178843504889 -0.12434873980278678 0.18466821963943186 0.23745140176193391 0.047348346525115208 0.049956466791109516 0.016628051429664292 0.056776278040238798 -0.12140087778014796 -0.0009996754450839944 -0.0055280085524711288 0.022124814523446661 0.09522455067520863 0.060179359413898341 0.14278791822875156 0.038064525862992332 -0.020303275956761804 0.079721682187583714 0.22826241243903234 0.12990971849095531 0.085111064873635775 0.074735286745887544 0.18537670815848326 -0.025205944798653946 0.13331132227724249 0.23946472803751628 0.25985346901111112 0.14230131795819925 -0.10787242408151981 -0.074219041825363458 0.26128201918168503
leaf_weight=78 27 141 31 1610 236 646 286 378 67 547 621 72 883 484 255 459 783 88 48 180 30 51 250 334 231 422 209 21 858 589 21 51 111 59 381 28 112 50 78 65 152 26 39 57 178 90 82 41 25 26 73 40 55 48 195 49 27 102 33
leaf_count=78 27 141 31 1610 236 646 286 378 67 547 621 72 883 484 255 459 783 88 48 180 30 51 250 334 231 422 209 21 858 589 21 51 111 59 381 28 112 50 78 65 152 26 39 57 178 90 82 41 25 26 73 40 55 48 195 49 27 102 33
internal_value=1.54109e-11 -0.0307127 0.113147 0.00308058 0.0767766 -0.0639191 0.0630076 -0.0721465 0.190863 0.0879326 -0.0512973 -0.0182363 -0.0914592 -0.064268 0.0519268 -0.0244236 -0.0334809 0.0601114 -0.0142007 0.00328969 0.137171 0.144976 0.0785644 0.154399 0.0399288 -0.0374508 0.027914 0.145478 -0.00432401 -0.107382 0.227813 0.200919 0.0104458 0.105915 0.027286 0.140714 -0.0860309 0.0488258 -0.0405921 0.00560076 0.114309 0.073999 0.189755 0.0712459 -0.00399743 0.0533051 0.245862 0.10285 0.039621 0.0375268 0.204526 0.0126533 0.105344 0.217915 0.250502 0.167685 -0.0702293 -0.0634535 0.246813
internal_weight=13209 10389 2820 5149 1921 5240 1351 4496 899 942 2162 3798 2334 862 1361 3349 1429 635 744 567 560 401 654 440 309 2032 449 307 1317 1472 498 200 320 314 707 362 733 286 258 409 238 120 163 129 319 340 298 67 90 53 124 421 207 78 277 116 177 150 84
internal_count=13209 10389 2820 5149 1921 5240 1351 4496 899 942 2162 3798 2334 862 1361 3349 1429 635 744 567 560 401 654 440 309 2032 449 307 1317 1472 498 200 320 314 707 362 733 286 258 409 238 120 163 129 319 340 298 67 90 53 124 421 207 78 277 116 177 150 84
is_linear=0
shrinkage=0.1


Tree=2
num_leaves=61
num_cat=0
split_feature=0 0 0 5 5 2 1 0 0 6 5 0 1 5 0 2 1 5 7 0 7 2 6 6 7 1 6 5 1 7 6 0 1 4 7 5 6 5 7 0 1 3 5 7 6 6 6 4 6 7 6 7 3 7 6 7 7 1 7 6
split_gain=3730.57 821.785 793.958 542.995 311.06 180.512 150.882 147.152 111.363 89.321 87.8228 86.6931 67.8829 65.869 63.7123 60.5175 59.775 58.5262 58.3764 48.7785 46.7101 43.3092 40.1296 37.4863 54.0315 34.0516 26.4541 26.1116 24.941 24.0278 20.8069 20.1038 26.1224 19.937 18.5827 18.0531 17.4911 16.2381 15.723 15.6253 16.1046 14.3649 13.1201 13.1068 11.6882 10.8388 9.23446 8.17379 8.06466 8.05484 8.43619 7.39682 5.96649 5.16336 4.54502 3.86881 2.53798 1.58839 1.45974 0.998008
threshold=0.43375635147094732 1.4263435006141665 -0.54463905096054066 -0.13648238033056256 -0.056929985061287873 -0.71022331714630116 -0.32044322788715357 2.0626697540283208 -0.11215612664818762 1.0175276994705202 -0.061304569244384759 -0.83187872171401966 -0.55899453163146962 -0.11930876225233077 0.93397757411003124 -0.21546398103237149 -0.16140905022621152 0.021920016966760162 -1.4127181172370908 0.87736752629280101 -1.4127181172370908 -0.4788831621408462 1.0734764933586123 1.0734764933586123 0.67707306146621715 1.5084499120712282 1.0128652453422549 -0.13049817085266111 0.15665933489799502 -1.3878396749496458 -0.55370181798934925 2.7873673439025883 1.0000000180025095e-35 -0.7613050341606139 -0.138940654695034 0.028193804435431961 1.1107757687568667 -0.093252677470445619 0.61736473441123974 -0.26041054725646967 -0.95657998323440541 -0.010883051902055739 -0.029536565765738484 0.84127092361450206 -0.76817232370376576 0.93360447883605968 1.0921261310577395 -0.91011050343513478 0.77974519133567821 1.1995208859443667 -0.12476081773638724 0.76663553714752208 -0.07227654010057448 0.87610077857971203 0.97556608915328991 0.91590631008148204 -0.94997864961624134 -0.55899453163146962 -1.313204228878021 0.87765562534332286
decision_type=2 2 2 2 2 2 2 2 2 2 2 2 2 2 2 2 2 2 2 2 2 2 2 2 2 2 2 2 2 2 2 2 2 2 2 2 2 2 2 2 2 2 2 2 2 2 2 2 2 2 2 2 2 2 2 2 2 2 2 2
left_child=2 4 5 6 12 17 39 16 15 18 22 30 33 26 28 29 42 23 -8 -15 -12 37 -10 24 -1 -17 -14 -23 46 -5 38 32 51 -2 -32 43 -11 -13 -7 48 -41 -35 53 -16 -30 52 -6 -33 -4 50 -19 -9 -18 -3 -37 -44 -25 -49 -47 -34
right_child=1 7 3 8 14 11 9 31 10 36 20 21 13 19 35 25 45 49 -20 -21 -22 27 -24 56 -26 -27 -28 -29 44 -31 34 47 59 41 -36 54 -38 -39 -40 40 -42 -43 55 -45 -46 58 -48 57 -50 -51 -52 -53 -54 -55 -56 -57 -58 -59 -60 -61
leaf_value=0.02902680880551587 -0.0075065983130651369 0.14430816016263434 -0.0012036274952281799 0.039148893251097695 0.0094792638723783275 -0.015229195022309284 0.18841075812139221 0.17569019250910392 0.037158324255889177 0.040302553499538096 0.037855331894976127 0.0051529407915141857 0.18059865555320032 0.066636105414227556 0.085818107146170206 -0.056141409180790615 0.17290023753122122 -0.042161857458820902 0.092641781719841554 0.13839048729990336 -0.023561509536985503 -0.03395200447509221 -0.022211008218341863 -0.067053174367174506 -0.0435984224288 0.011289999421860557 0.088368569072839381 -0.07448445439362901 0.01428499493176787 -0.022894747552488954 -0.091114297195619684 0.17531492067822096 0.22859915636385542 0.0559308778415359 -0.12001679396363581 0.042833232825239993 -0.041600119390835369 -0.041599546088015332 -0.08075792307721355 0.0020614750198377618 0.051474198896037653 0.1065188386022452 0.09366375238123921 0.035336451807101682 0.053059471161219389 0.14564890080974216 -0.021834991202568231 0.21728105655472196 -0.055077459820313382 -0.095985399549071856 -0.077508079987019307 0.12944913992756291 0.21986933878489903 0.093699947239032813 -0.00067295735428127019 0.061427848117083919 -0.11246361851692199 0.23680256407685074 0.10878931324590335 0.20601200621861679
leaf_weight=310 34 72 91 67 520 39 74 88 530 62 135 108 195 214 233 1172 119 433 455 170 1497 192 145 32 153 80 37 923 128 913 763 29 79 155 314 217 45 238 599 145 121 88 155 66 198 21 115 56 40 37 80 57 35 28 27 49 20 163 22 26
leaf_count=310 34 72 91 67 520 39 74 88 530 62 135 108 195 214 233 1172 119 433 455 170 1497 192 145 32 153 80 37 923 128 913 763 29 79 155 314 217 45 238 599 145 121 88 155 66 198 21 115 56 40 37 80 57 35 28 27 49 20 163 22 26
internal_value=-3.03089e-11 0.0903379 -0.0312634 -0.00644767 0.0585805 -0.0638672 0.0589892 0.166536 -0.02134 0.0891842 -0.00593316 -0.0758141 0.105331 0.12382 0.0308224 -0.0372645 0.128272 -0.0282398 0.106039 0.0984024 -0.0184811 -0.0579138 0.0244049 -0.00401402 0.00502754 -0.0518327 0.16589 -0.0675049 0.0153511 -0.018653 -0.0910632 0.205031 0.18502 0.0642156 -0.0995408 0.0582034 0.0058575 -0.0270063 -0.0767522 0.0106163 0.0245387 0.0742508 0.100466 0.074675 0.0378351 0.17118 0.00380818 0.225204 -0.0176537 -0.050924 -0.0476739 0.157513 0.183575 0.130138 0.038019 0.0859208 -0.0845187 0.231811 0.126791 0.223006
internal_weight=13209 3396 9813 5572 2397 4241 1033 999 4539 636 2307 3176 893 616 1504 2232 501 1065 529 384 1632 1461 675 515 463 1252 232 1115 961 980 1715 498 250 277 1077 543 107 346 638 397 266 243 304 299 326 197 635 248 131 550 513 145 154 100 244 204 52 219 43 105
internal_count=13209 3396 9813 5572 2397 4241 1033 999 4539 636 2307 3176 893 616 1504 2232 501 1065 529 384 1632 1461 675 515 463 1252 232 1115 961 980 1715 498 250 277 1077 543 107 346 638 397 266 243 304 299 326 197 635 248 131 550 513 145 154 100 244 204 52 219 43 105
is_linear=0
shrinkage=0.1


Tree=3
num_leaves=62
num_cat=0
split_feature=0 0 0 5 5 2 1 0 0 1 6 0 5 0 0 2 5 1 1 7 5 6 7 5 2 5 7 7 0 7 1 7 0 0 1 0 1 5 4 1 7 5 5 2 2 6 5 5 6 6 1 2 4 5 3 0 6 4 5 0 6
split_gain=3028.14 726.064 576.733 451.557 213.978 145.549 132.659 108.699 92.1121 89.7624 79.5265 71.2925 62.9897 60.7446 57.1989 50.5119 50.3528 48.9207 42.8208 39.1611 35.0768 31.2858 33.7976 29.8355 29.6627 26.8552 26.7637 26.446 21.1284 21.0011 18.728 18.063 16.9372 16.476 20.55 15.8715 26.5258 15.7453 15.0496 17.6973 14.5132 14.3378 14.0435 14.0264 13.2834 12.5932 12.5596 9.52184 9.22691 7.69842 6.4734 6.34795 5.92937 5.15135 4.96243 4.53363 3.59209 3.1358 2.54603 0.967182 0.855787
threshold=0.53652897477149974 -0.41748902201652521 1.4632107615470888 -0.12904947251081464 -0.076146136969327913 -0.49125933647155756 -0.32044322788715357 2.0626697540283208 -0.88181182742118824 1.1108644604682925 1.0175276994705202 -0.78807270526885975 -0.18100615590810773 -0.017605309374630448 0.9578051269054414 -0.9334290325641631 -0.22357764840126035 -0.55899453163146962 -0.16140905022621152 -1.3579855561256406 0.02662056498229504 -0.54437702894210804 0.60741335153579723 -0.17435522377490995 -0.31632339954376215 0.0053909928537905225 -0.25338159501552576 0.62234044075012218 0.87736752629280101 0.6521945893764497 0.63376191258430492 -1.2286174893379209 0.13761408627033236 2.5506368875503544 0.15665933489799502 -0.17887323349714276 -0.79754582047462452 -0.078162349760532365 -0.76754239201545704 -1.3541654348373411 0.76663553714752208 -0.19830253720283506 -0.16666439920663831 -0.36808903515338892 0.12431801483035089 1.0921261310577395 0.025030050426721576 -0.029536565765738484 -0.14807283133268354 0.93360447883605968 -0.71802872419357289 0.4864023625850678 -0.42983415722846979 -0.073848757892847047 -0.18319699168205258 1.3155847787857058 -0.69357389211654652 -0.17232050001621244 -0.10150033980607985 1.7548755407333376 0.80305719375610363
decision_type=2 2 2 2 2 2 2 2 2 2 2 2 2 2 2 2 2 2 2 2 2 2 2 2 2 2 2 2 2 2 2 2 2 2 2 2 2 2 2 2 2 2 2 2 2 2 2 2 2 2 2 2 2 2 2 2 2 2 2 2 2
left_child=1 5 4 6 17 8 35 18 15 13 16 41 27 24 30 46 -8 38 47 37 -15 22 -13 56 -5 40 -23 -10 -25 -14 45 -12 -21 34 54 43 -37 -11 -2 -40 -16 50 -17 -3 -32 -6 -1 52 -43 53 -7 -35 -4 -20 -9 -27 -19 -49 -53 -51 -36
right_child=2 3 7 9 14 11 10 33 12 19 31 21 29 20 25 42 -18 23 49 32 -22 26 -24 28 -26 55 -28 -29 -30 -31 44 -33 -34 51 60 36 -38 -39 39 -41 -42 48 -44 -45 -46 -47 -48 57 -50 59 -52 58 -54 -55 -56 -57 -58 -59 -60 -61 -62
leaf_value=-0.0020458029722259649 -0.0088865002779209105 0.016869856184188993 0.085901099576286111 -0.012426364410082687 0.021135824774715716 -0.069207431064095604 0.16366580993469274 0.11496610032361852 0.074235529397727457 0.12255394623065606 0.037098484393248025 0.039375692851276012 -0.0070860397566227407 0.0026771767146814077 0.096273411781375495 -0.029581503353306445 0.087969519146381403 0.21062215598853859 0.19009328051046892 -0.0074836473979447635 -0.026233438821329832 -0.054912692728962834 -0.042426242736694902 0.09240517957053708 -0.041504100857402984 0.034671659201581495 -0.094386576008689299 -0.0074307048329847886 0.14164904940851211 -0.038505143726610055 0.013338448037393391 -0.051682262416138797 0.038968870206327555 0.14501472726464271 0.20970838835426406 0.009954413740469412 0.079984829099093741 0.048424669552628918 0.034755063790177544 0.10100622684528521 0.045917741605677666 -0.074753005611931989 -0.072254868631013866 -0.04753388347370284 0.094104261616511017 -0.015970026716185772 -0.041461266120217298 0.062971467061622724 -0.092825220978407674 0.13267003994523771 -0.011730400959236754 0.17069905427369206 0.1390235784378919 0.15043751666391339 0.15553681605379099 0.063626687528322567 0.16265090439054702 0.089595326957377527 0.20614956315839664 0.10231997988053732 0.18794971584408945
leaf_weight=174 23 73 34 484 667 43 112 57 107 39 75 56 428 1191 215 87 408 37 55 252 648 759 515 181 1275 250 222 63 168 423 32 33 114 20 51 201 74 108 63 112 78 420 679 63 56 106 151 74 863 21 36 22 55 81 64 69 27 110 256 21 28
leaf_count=174 23 73 34 484 667 43 112 57 107 39 75 56 428 1191 215 87 408 37 55 252 648 759 515 181 1275 250 222 63 168 423 32 33 114 20 51 201 74 108 63 112 78 420 679 63 56 106 151 74 863 21 36 22 55 81 64 69 27 110 256 21 28
internal_value=7.14534e-11 -0.0261397 0.0877011 0.000248308 0.0582749 -0.0531787 0.0591488 0.152321 -0.0331897 -0.014638 0.0880557 -0.0676663 -0.0116018 -0.0202176 0.0376375 -0.0533925 0.104273 0.108028 0.116758 0.0244952 -0.00750992 -0.0530136 -0.0344036 0.12762 -0.0335032 0.0610107 -0.0638456 0.043971 0.11611 -0.0227033 0.0210237 0.00997103 0.00698517 0.184528 0.162326 0.0149795 0.028799 0.0680916 0.067161 0.0771558 0.0828681 -0.0843632 -0.0674082 -0.0129642 0.0647349 0.0160476 -0.0203588 0.0918766 -0.0869091 0.154918 -0.0430154 0.199429 0.11873 0.166475 0.136425 0.0409347 0.190384 0.0788879 0.203344 0.117495 0.201996
internal_weight=13209 10176 3033 5150 2084 5026 1039 949 2112 4111 628 2914 1021 3598 1473 1091 520 611 451 513 1839 1552 571 413 1759 612 981 170 349 851 861 108 366 498 200 411 275 147 198 175 293 1362 766 136 88 773 325 273 1283 178 79 298 89 136 121 319 64 184 278 42 79
internal_count=13209 10176 3033 5150 2084 5026 1039 949 2112 4111 628 2914 1021 3598 1473 1091 520 611 451 513 1839 1552 571 413 1759 612 981 170 349 851 861 108 366 498 200 411 275 147 198 175 293 1362 766 136 88 773 325 273 1283 178 79 298 89 136 121 319 64 184 278 42 79
is_linear=0
shrinkage=0.1


Tree=4
num_leaves=63
num_cat=0
split_feature=0 0 0 5 5 2 0 1 6 7 5 6 0 1 1 0 5 5 5 6 6 7 7 6 6 7 7 6 7 0 1 0 0 1 5 6 7 5 5 1 0 4 2 0 6 5 7 4 1 0 4 7 7 6 4 6 3 7 7 5 3 5
split_gain=2462.62 551.974 517.143 356.415 205.416 123.47 119.167 106.232 96.2134 166.644 88.8547 53.4168 51.4851 48.3038 46.1881 43.9568 39.9558 39.0252 37.3636 32.8518 27.8307 37.3892 27.5288 26.0455 25.3282 30.2234 23.9557 40.923 19.4421 18.4957 13.9033 20.0413 13.6404 17.8555 13.0146 13.413 12.6698 12.5144 12.0797 11.0226 10.3038 10.0593 7.28878 7.17404 7.11449 9.37758 6.98908 6.61831 6.60187 6.2487 6.2259 5.73233 5.60375 5.36466 5.03706 4.82789 3.8239 3.55177 3.52116 1.48199 1.39108 0.820681
threshold=0.42323035001754766 1.3155847787857058 -0.56322976946830738 -0.1475126966834068 -0.076146136969327913 -0.71022331714630116 2.0626697540283208 -0.32044322788715357 1.0734764933586123 -1.3331070542335508 -0.028499504551291462 1.0175276994705202 -0.87589421868324269 -0.95657998323440541 -0.16140905022621152 -0.22349095344543454 -0.17435522377490995 -0.0035720787709578867 0.017476394772529606 -0.54437702894210804 1.0734764933586123 0.72682997584342968 0.62731611728668224 1.3112590312957766 1.0828012824058535 0.85619801282882702 -1.4127181172370908 1.4511310458183291 -0.51211765408515919 0.93397757411003124 -0.95657998323440541 1.0000000180025095e-35 2.7873673439025883 1.0000000180025095e-35 -0.18659587949514386 -0.55370181798934925 -1.3430584073066709 -0.059097267687320702 0.020490317605435852 -0.79754582047462452 0.91913118958473217 -0.79694706201553334 -1.120874762535095 -1.0079406499862669 0.93360447883605968 -0.076146136969327913 -0.9848085045814513 -0.25786136090755457 -0.79754582047462452 -0.1376070827245712 -1.0125813484191892 0.76663553714752208 0.81141677498817455 1.0828012824058535 0.23578073084354403 1.0455021262168886 1.0000000180025095e-35 1.2393264174461367 -1.3331070542335508 -0.15843439102172849 -0.32560072839260096 -0.11141699925065039
decision_type=2 2 2 2 2 2 2 2 2 2 2 2 2 2 2 2 2 2 2 2 2 2 2 2 2 2 2 2 2 2 2 2 2 2 2 2 2 2 2 2 2 2 2 2 2 2 2 2 2 2 2 2 2 2 2 2 2 2 2 2 2 2
left_child=2 4 5 7 13 18 14 30 9 38 -11 15 34 40 37 -9 41 24 20 22 21 -1 -14 -18 25 -6 27 -10 -21 39 53 -32 33 51 57 -36 -26 48 -5 -19 54 -15 47 -44 45 -16 -13 -20 -3 -28 -34 -8 -39 -4 -2 -31 -42 -7 -46 -22 -52 -35
right_child=1 6 3 8 17 12 32 11 26 10 -12 46 19 16 44 -17 23 29 42 28 59 -23 -24 -25 36 -27 49 -29 -30 55 31 -33 50 61 35 -37 -38 52 -40 -41 56 -43 43 -45 58 -47 -48 -49 -50 -51 60 -53 -54 -55 -56 -57 -58 -59 -60 -61 -62 -63
leaf_value=0.021654826812150738 0.00068127740399047203 0.092055203173966982 -0.0027525154102569934 0.081225078929449135 0.06222852670841033 -0.035006934225206586 0.14285198749170044 0.059568998443682221 0.01735120890662074 0.0031272179928723328 -0.028914103643331381 0.023386972579437327 0.016816987039655753 0.10051171819546395 0.17055600277789229 0.12166337269290742 0.096701474055204142 -0.014228060262201622 -0.056320333505264546 -0.052615523582148188 -0.058962432133654756 -0.044218563705939677 -0.041101113614838862 -0.01742228575361272 0.055331228738995625 0.0052206988847846615 -0.063256077949578562 -0.077234092014176511 -0.084667826100902732 0.036127469284046025 0.012900740481752285 0.097564123209033696 0.13059922272250765 0.19769034333851027 -0.065528556619879871 -0.085727253918589319 -0.024697702218199502 0.081929141863224086 0.032984271409350188 0.01276117964459801 0.050495682791646179 0.17859214788133448 -0.063411295302215814 -0.036916922089596189 0.13559888925403357 0.12598559024942216 -0.041657705356677371 -0.0032858187105597523 0.1499997393344529 -0.044586423995612391 0.16474431779934096 0.10214483749219461 0.054837377914585754 -0.05262795748561621 0.047489725110622556 -0.0055401983821103656 0.10445750523358584 -0.081415237635374074 0.082719639162806904 -0.093599209615162438 0.19020295846344804 0.17631510530666608
leaf_weight=335 56 51 157 186 469 94 88 211 132 1491 2063 53 97 21 77 248 419 257 33 662 30 116 533 21 27 116 378 70 265 270 139 35 21 23 521 891 74 185 72 368 29 77 163 274 20 122 24 82 32 341 24 57 130 25 39 31 24 20 34 21 203 82
leaf_count=335 56 51 157 186 469 94 88 211 132 1491 2063 53 97 21 77 248 419 257 33 662 30 116 533 21 27 116 378 70 265 270 139 35 21 23 521 891 74 185 72 368 29 77 163 274 20 122 24 82 32 341 24 57 130 25 39 31 24 20 34 21 203 82
internal_value=-5.53211e-11 0.0726629 -0.0256575 -0.00591889 0.044367 -0.0524958 0.129255 0.0520644 -0.0168466 -0.00983851 -0.0154719 0.080189 -0.062597 0.0901982 0.101088 0.0931189 0.104116 0.0248631 -0.0229495 -0.0498035 -0.00320606 0.00471178 -0.0321836 0.0912547 0.0429404 0.0509244 -0.0458532 -0.0154259 -0.0617783 0.011471 0.00971939 0.0299307 0.166075 0.149592 -0.0756503 -0.0782743 -0.00330383 0.0798506 0.0677625 0.0016632 0.0396054 0.161861 -0.0409045 -0.0467993 0.134496 0.143231 0.00311331 -0.0185044 0.114395 -0.0544016 0.182692 0.12685 0.0707484 -0.00960354 0.0198974 0.0318361 0.0749312 -0.0431487 0.102305 -0.0732246 0.187511 0.180997
internal_weight=13209 3447 9762 5625 2298 4137 1149 892 4733 3812 3554 536 3083 686 651 459 538 1612 1054 1557 502 451 630 440 686 585 921 202 927 926 356 174 498 250 1526 1412 101 398 258 625 148 98 552 437 253 199 77 115 83 719 248 145 315 182 95 301 53 114 54 51 227 105
internal_count=13209 3447 9762 5625 2298 4137 1149 892 4733 3812 3554 536 3083 686 651 459 538 1612 1054 1557 502 451 630 440 686 585 921 202 927 926 356 174 498 250 1526 1412 101 398 258 625 148 98 552 437 253 199 77 115 83 719 248 145 315 182 95 301 53 114 54 51 227 105
is_linear=0
shrinkage=0.1


Tree=5
num_leaves=58
num_cat=0
split_feature=0 0 5 0 5 5 1 6 7 5 6 7 6 7 7 7 6 5 1 0 0 7 5 0 3 6 7 3 7 7 7 3 0 1 7 0 0 7 7 6 7 2 0 2 4 1 3 1 3 2 4 7 5 7 1 6 7
split_gain=2007.93 562.4 328.384 310.168 128.69 122.025 98.3547 97.5946 87.5028 77.1829 63.1334 59.2689 88.9713 68.088 58.6803 54.9951 64.1032 47.6167 47.5354 41.9788 40.3766 34.2785 31.0522 36.0094 28.6037 21.8568 16.1996 16.1957 16.4587 13.7826 12.7522 12.4917 11.2075 13.8342 9.96823 8.79299 8.264 8.03368 7.21687 6.34891 5.75436 5.26206 4.93985 4.68478 4.13906 6.15394 4.12857 3.98288 3.88264 3.18806 2.56465 2.24133 1.94789 1.4633 1.34597 0.676336 0.265269
threshold=0.66163665056228649 -0.35757978260517115 -0.10892172530293463 2.0626697540283208 -0.0085947117768228037 -0.13199926167726514 -0.63851162791252125 -0.54437702894210804 0.88605216145515453 -0.18659587949514386 1.0734764933586123 0.93580910563468944 1.0734764933586123 -1.3231557011604307 -1.3679369091987608 -1.0246140360832212 1.4138318896293642 0.084572128951549544 -0.63851162791252125 0.1021346189081669 1.3942679762840273 1.2094722390174868 -0.12712029367685315 0.89637720584869396 -0.02978393621742725 -0.80547153949737538 1.5030381083488467 -0.21074109524488446 1.184593737125397 -1.4127181172370908 -0.17874620109796521 -0.28773708641529078 2.5506368875503544 0.15665933489799502 1.5030381083488467 0.93397757411003124 0.23342174291610721 0.68204873800277721 1.1796180605888369 1.5164046883583071 -1.3878396749496458 -0.9334290325641631 0.89637720584869396 0.4864023625850678 -0.68021941184997547 -0.081891953945159898 -0.16599362343549726 -0.79754582047462452 -0.18319699168205258 0.55820465087890636 -0.38260847330093378 -0.80568355321884144 -0.10150033980607985 0.77658692002296459 -0.63851162791252125 0.80305719375610363 0.59248626232147228
decision_type=2 2 2 2 2 2 2 2 2 2 2 2 2 2 2 2 2 2 2 2 2 2 2 2 2 2 2 2 2 2 2 2 2 2 2 2 2 2 2 2 2 2 2 2 2 2 2 2 2 2 2 2 2 2 2 2 2
left_child=1 5 6 4 18 10 36 8 17 24 14 12 13 -4 41 16 -9 -7 27 -11 35 -16 31 -24 -8 26 -13 42 -29 -14 -17 -20 33 48 -10 47 38 -38 -3 40 -12 -1 -2 -34 -22 -46 -37 -6 50 -27 -5 -41 -45 -54 -50 56 -35
right_child=3 2 11 32 20 7 9 15 34 19 39 25 29 -15 21 30 -18 -19 22 -21 44 -23 23 -25 -26 49 -28 28 -30 -31 -32 -33 43 55 -36 46 37 -39 -40 51 -42 -43 -44 52 45 -47 -48 -49 54 -51 -52 -53 53 -55 -56 -57 -58
leaf_value=0.064553815014660357 -0.03055340126156807 0.00301758756898847 0.058102794645459088 0.065133654293806659 -0.0043737993718390043 0.00031860666994069177 0.087000020606339809 -0.021771443505812921 -0.057851633488062063 0.025240293537628734 -0.0084447584665295755 -0.017990997222001148 -0.0081749414233356094 -0.00098289488045760374 0.0045581774549589759 -0.068225358238706554 -0.079468935256383863 -0.036188741030871739 0.060718286111950875 0.07779721090611702 0.02545984908938408 -0.051365704436532482 0.051382365593649816 0.10190042227981254 0.15498215541550794 -0.068760385953261199 -0.092253321036696437 0.07081640386521551 -0.013867163762450219 -0.043872119185620895 -0.087795047357440203 0.14495395034691003 0.11501187212765217 0.17635402525624921 -0.091095630676960054 0.020493001279288103 0.059931176794426777 0.0020621763903925076 -0.049586778224028391 -0.077793983820565918 -0.049363317218413402 0.12994051561690867 0.027481749365952886 0.13656673363663935 0.067418394731066658 0.12443561170782363 0.042093112612892385 0.018336162482398843 0.11442174814842843 -0.038532282468364681 0.10836989730596543 -0.042649872520047691 0.17134567802999079 0.15241678240252476 0.14378645718097688 0.15121787360736305 0.16158226184546948
leaf_weight=20 20 259 213 23 137 643 171 511 605 360 44 358 135 2312 646 815 309 804 20 263 20 132 202 468 97 185 32 280 25 544 563 147 20 31 106 175 49 47 29 86 157 32 55 22 192 21 179 177 37 43 34 23 205 51 27 28 20
leaf_count=20 20 259 213 23 137 643 171 511 605 360 44 358 135 2312 646 815 309 804 20 263 20 132 202 468 97 185 32 280 25 544 563 147 20 31 106 175 49 47 29 86 157 32 55 22 192 21 179 177 37 43 34 23 205 51 27 28 20
internal_value=-1.32799e-10 -0.0193753 0.0045512 0.0784566 0.0617599 -0.0415648 0.0484977 -0.0491875 -0.0340812 0.0667311 -0.012438 -0.0101091 -0.00464001 0.00400136 0.00194395 -0.0640188 -0.0435135 -0.0199661 0.0829692 0.0474272 0.033112 -0.00493019 0.0962858 0.0866696 0.111605 -0.0384635 -0.0240843 0.0536377 0.0638751 -0.0367747 -0.0762208 0.134866 0.149468 0.131156 -0.0628078 0.0206096 0.00619033 0.0315995 -0.00227938 -0.0509446 -0.040406 0.104792 0.0120057 0.161758 0.0689557 0.0730398 0.0314151 0.00842768 0.109905 -0.0630595 0.0909237 -0.0703783 0.165121 0.167575 0.12681 0.163705 0.170561
internal_weight=13209 10593 5097 2616 2118 5496 1275 4356 2158 891 1140 3822 3204 2525 830 2198 820 1447 1217 623 901 778 837 670 268 618 390 380 305 679 1378 167 498 200 711 668 384 96 288 310 201 52 75 298 233 213 354 314 121 228 57 109 278 256 64 79 51
internal_count=13209 10593 5097 2616 2118 5496 1275 4356 2158 891 1140 3822 3204 2525 830 2198 820 1447 1217 623 901 778 837 670 268 618 390 380 305 679 1378 167 498 200 711 668 384 96 288 310 201 52 75 298 233 213 354 314 121 228 57 109 278 256 64 79 51
is_linear=0
shrinkage=0.1


Tree=6
num_leaves=63
num_cat=0
split_feature=0 0 0 5 5 2 1 0 6 6 7 6 7 1 5 7 1 0 7 6 7 5 5 6 7 6 5 0 4 6 7 3 7 6 2 6 5 7 1 4 6 0 3 4 6 5 4 6 2 6 4 5 6 7 6 7 2 7 0 7 1 1
split_gain=1642.82 399.173 322.269 257.253 152.028 80.952 80.2195 75.157 62.5192 60.3592 94.4395 139.266 48.2003 36.2024 37.0012 31.8385 31.2311 26.5387 23.643 28.9242 22.463 20.7866 20.1372 18.3291 25.2417 16.4286 16.965 15.492 15.1507 14.4041 21.002 14.2743 13.7473 10.1314 13.373 10.1293 9.67902 9.63099 9.42124 11.0001 8.08858 7.46396 6.59057 5.95051 5.75923 6.93232 5.05591 5.00985 4.94251 4.42773 3.96054 3.89811 3.80707 3.40922 3.30653 2.77557 2.26493 1.74444 1.42669 1.34326 0.693232 0.655306
threshold=0.35543969273567205 1.3155847787857058 -0.63280093669891346 -0.13049817085266111 -0.056929985061287873 -0.71022331714630116 -0.47947742044925684 2.0626697540283208 1.0361773371696474 1.0641517043113711 -0.94002726674079884 -0.53038978576660145 -1.348034083843231 -0.24092613905668256 -0.1560193672776222 -1.4226695299148557 -0.16140905022621152 -0.99581742286682118 0.93580910563468944 1.0128652453422549 -1.3579855561256406 -0.011167210526764391 0.025030050426721576 1.0734764933586123 0.67707306146621715 1.6935760378837588 -0.10150033980607985 -0.32401174306869501 -0.82189646363258351 1.8008112311363222 -1.4027667641639707 -0.010883051902055739 -1.4226695299148557 -0.8287835121154784 0.53318130970001232 -0.72621071338653553 -0.079261418431997285 -1.178860545158386 -0.55899453163146962 -0.98139455914497364 1.0874636769294741 2.7873673439025883 -0.14104423671960828 -0.79694706201553334 0.93360447883605968 -0.076146136969327913 -0.15895473957061765 0.91961723566055309 -1.120874762535095 -0.33923131227493281 -0.084106478840112672 -0.1475126966834068 -0.78215950727462757 0.76663553714752208 0.80771958827972423 -1.3331070542335508 0.61408996582031261 0.59248626232147228 3.7737227678298955 -0.94997864961624134 -0.32044322788715357 -1.0360970795154569
decision_type=2 2 2 2 2 2 2 2 2 2 2 2 2 2 2 2 2 2 2 2 2 2 2 2 2 2 2 2 2 2 2 2 2 2 2 2 2 2 2 2 2 2 2 2 2 2 2 2 2 2 2 2 2 2 2 2 2 2 2 2 2 2
left_child=2 4 5 6 13 22 27 16 12 10 15 -12 -8 28 35 -5 36 43 19 21 -16 -6 23 24 -1 26 -19 54 57 30 -11 -30 -10 34 -20 -15 42 -21 41 -40 -29 52 -3 47 45 -18 49 -7 -48 -24 -38 -45 -9 -41 -4 -46 -35 -2 -43 -25 -27 -31
right_child=1 7 3 9 18 17 8 38 32 29 11 -13 -14 14 20 -17 44 25 33 37 -22 -23 46 59 -26 60 -28 40 31 61 -32 -33 -34 56 -36 -37 50 -39 39 53 -42 58 -44 51 55 -47 48 -49 -50 -51 -52 -53 -54 -55 -56 -57 -58 -59 -60 -61 -62 -63
leaf_value=0.018881640284711135 0.0040905052472067919 0.054784471236846669 -0.019681024360348961 0.068161614575102683 0.049115835746892524 -0.032323126374210073 0.12639709806535393 0.075189439238359537 0.039609797475104402 -0.0022503799835029339 -0.0089059074968513632 -0.061462244195943899 0.052437614742706841 0.16569917607307436 0.11987527790925888 0.011450416564059977 0.14173505488154178 -0.025845307510853961 -0.015919173110803937 0.0089010528515692869 0.059678311151318664 0.01894757574168756 -0.03991342236906404 -0.049054831429384653 -0.033036183240547988 -0.070768421178772342 -0.049738076355191778 0.018361164769312988 0.033821427953768184 -0.057857375233261676 -0.043942104465967989 0.078212096963802158 -0.032457387169963249 -0.047513536393882769 0.043149800579754059 0.10583088140361585 0.046727790651061842 -0.031946052304279486 0.074249516356559034 0.15335710069480935 -0.032690959340996216 0.13176348780592281 0.12133106597820703 -0.050825475101892871 0.11097853191196919 0.10341371264018606 -0.0044109242419673967 -0.065980481538766386 -0.033761863356896842 -0.078684373543058572 0.0686785253414086 -0.072963757398675264 0.11444444106270871 0.12358706573645273 -0.052995268092490735 0.064030362556085865 -0.018041046993781087 -0.036291045183315877 0.16386317372322085 -0.08209120079874993 -0.083787240154707621 -0.075324940085411074
leaf_weight=275 23 22 97 122 324 82 104 42 37 149 2404 638 577 50 73 525 77 409 113 118 411 774 131 32 142 105 1087 225 220 27 639 108 93 62 58 65 155 113 21 265 36 45 46 89 20 122 73 96 268 38 175 748 60 45 43 34 45 20 20 20 67 105
leaf_count=275 23 22 97 122 324 82 104 42 37 149 2404 638 577 50 73 525 77 409 113 118 411 774 131 32 142 105 1087 225 220 27 639 108 93 62 58 65 155 113 21 265 36 45 46 89 20 122 73 96 268 38 175 748 60 45 43 34 45 20 20 20 67 105
internal_value=-4.95619e-11 0.0562615 -0.0221059 -0.00748424 0.0344059 -0.045348 0.033511 0.10528 0.0516015 -0.0182645 -0.0125496 -0.0199286 0.0637325 0.0656686 0.0808725 0.022144 0.0829105 -0.0543293 0.0155355 0.0210831 0.0687576 0.0278497 -0.0207345 -0.00577882 0.00120219 -0.046571 -0.0432059 -0.00307598 0.041121 -0.04118 -0.0360588 0.0484379 -0.011946 -0.0109851 0.00411592 0.131861 0.0654473 -0.0110804 0.134521 0.144291 0.0113195 0.115157 0.0998013 -0.0670788 0.110382 0.118242 -0.0344879 -0.0504754 -0.0274785 -0.0486312 0.0583683 -0.0706097 0.0982806 0.149036 -0.0299133 0.0814186 -0.0351186 -0.0146916 0.14164 -0.0617611 -0.0758397 -0.071752
internal_weight=13209 3726 9483 5821 2577 3662 1212 1149 811 4609 3689 3042 681 970 599 647 651 2683 1607 1329 484 1098 979 469 417 1668 1496 401 371 920 788 328 130 278 171 115 398 231 498 331 261 167 68 1015 253 199 510 178 341 169 330 837 102 310 140 54 107 43 65 52 172 132
internal_count=13209 3726 9483 5821 2577 3662 1212 1149 811 4609 3689 3042 681 970 599 647 651 2683 1607 1329 484 1098 979 469 417 1668 1496 401 371 920 788 328 130 278 171 115 398 231 498 331 261 167 68 1015 253 199 510 178 341 169 330 837 102 310 140 54 107 43 65 52 172 132
is_linear=0
shrinkage=0.1


Tree=7
num_leaves=61
num_cat=0
split_feature=0 0 0 5 5 0 2 6 7 7 1 5 1 0 5 6 6 1 3 6 7 7 7 6 5 7 6 6 7 7 6 4 5 3 6 7 7 2 3 0 6 7 4 1 7 0 1 7 6 2 4 3 6 6 7 1 6 0 7 6
split_gain=1347.11 411.898 189.589 174.219 173.222 69.2654 63.2271 56.0722 91.8966 58.4239 53.9074 49.7132 45.2397 37.1659 35.4757 26.9619 25.3096 23.6825 23.6281 21.8777 23.1685 18.6753 18.5442 17.9421 14.7302 14.4881 13.4448 19.9002 12.1045 11.8465 11.4833 11.0088 10.7821 10.6522 9.776 12.7703 9.74753 8.32868 7.78715 6.75287 6.61084 15.4717 6.00298 9.21003 5.91842 5.83086 7.32366 5.42562 4.64905 4.1583 3.81602 3.41121 3.38951 2.31854 1.57067 1.10598 0.858502 0.826924 0.725928 0.694762
threshold=0.13761408627033236 1.2484487295150759 -0.68969899415969838 -0.16123389452695844 -0.078162349760532365 2.1684011220932011 -0.79335767030715931 1.0734764933586123 -1.3331070542335508 0.93580910563468944 -0.71802872419357289 -0.17435522377490995 -0.47947742044925684 0.75414511561393749 -0.02347049210220575 1.1573997139930727 1.0175276994705202 0.79279610514640819 -0.29564747214317316 -0.54437702894210804 0.59746193885803234 -0.94997864961624134 -0.38772530853748316 1.5350543856620791 -0.0023100597318261857 -1.4326209425926206 -0.74019789695739735 1.0734764933586123 1.1597152948379519 1.6075276732444765 0.91961723566055309 0.21706866472959521 -0.15843439102172849 -0.076714590191841112 1.7401999831199648 -1.4027667641639707 -1.3032528758049009 0.029370358213782314 -0.02978393621742725 0.9578051269054414 0.94292926788330089 0.58253487944602977 -0.78803655505180348 1.0000000180025095e-35 1.1995208859443667 2.7873673439025883 0.077142238616943373 -1.2534959912300108 0.95691645145416271 0.32314889132976538 -1.0125813484191892 -0.19396233558654782 -0.88006997108459462 -0.66093707084655751 -1.3579855561256406 -0.55899453163146962 0.87765562534332286 -1.1118130087852476 -0.9649057388305663 2.3975987434387211
decision_type=2 2 2 2 2 2 2 2 2 2 2 2 2 2 2 2 2 2 2 2 2 2 2 2 2 2 2 2 2 2 2 2 2 2 2 2 2 2 2 2 2 2 2 2 2 2 2 2 2 2 2 2 2 2 2 2 2 2 2 2
left_child=2 4 6 12 10 14 26 8 25 -10 31 38 40 17 28 -13 18 21 -14 20 53 -6 23 -21 36 -5 44 33 30 -22 -3 39 -33 -28 35 -9 -15 -19 -12 -2 41 -4 -16 -44 52 46 51 -18 -24 -26 -47 -7 -1 -8 -42 -52 -48 -46 -29 -36
right_child=1 5 3 7 13 45 19 34 9 -11 11 15 16 24 42 -17 47 37 -20 22 29 -23 48 -25 49 -27 27 58 -30 -31 -32 32 -34 -35 59 -37 -38 -39 -40 -41 54 -43 43 -45 57 50 56 -49 -50 -51 55 -53 -54 -55 -56 -57 -58 -59 -60 -61
leaf_value=0.011702379584312439 0.0019006133429471874 0.10821944854967297 0.044243586829430623 0.077715720856500858 0.015816174746046206 0.077236718345772143 0.050421705092910843 -0.010395211948994794 -0.01099829832496429 -0.043220223842703222 0.1068092018529609 0.066368396035564894 -0.045467353463172912 0.090806235810741792 0.010324183001273102 -0.019675262312954054 0.019644337191712113 0.013031655850381655 0.06595642857569621 -0.040587841036089062 -0.039182385960574238 -0.0095533411401671764 -0.076738030852996603 -0.06828390774500212 0.0023983139032828261 0.027010430736039339 -0.010875001394861313 -0.048425642465767658 0.018719600401818755 -0.080983963200490783 0.069090124987997117 0.10767891860008241 0.032328790775205521 0.025271348327909029 -0.060163865173709086 -0.042639441401406658 0.038113576475894306 0.055775995688397709 0.15345237474825424 0.049117796319360668 -0.010664251595735551 -0.014382087860286722 0.049691683162573073 0.096441852103690717 -0.073309202851920302 0.093158988938445153 0.14108605695695714 -0.036613520967463654 -0.037815736879587572 0.023197514776584528 0.12580033883388186 0.11084261792920419 -0.028772811074563351 0.0075718699023127559 -0.046178962041934335 0.14180437344065785 0.11705963941290976 -0.047918681282064196 -0.072601731452676996 -0.075869017678338133
leaf_weight=23 167 300 71 91 402 55 23 152 2642 715 91 550 20 40 31 39 40 86 393 682 951 1043 438 356 141 148 172 23 20 73 100 25 79 155 118 640 287 97 59 37 20 123 301 49 29 21 58 30 33 302 58 67 206 28 33 169 20 23 27 37
leaf_count=23 167 300 71 91 402 55 23 152 2642 715 91 550 20 40 31 39 40 86 393 682 951 1043 438 356 141 148 172 23 20 73 100 25 79 155 118 640 287 97 59 37 20 123 301 49 29 21 58 30 33 302 58 67 206 28 33 169 20 23 27 37
internal_value=-7.47635e-11 0.0430118 -0.0237108 -0.0120106 0.0251753 0.0922086 -0.0427407 -0.019297 -0.0135957 -0.0178612 0.0591111 0.07376 0.0333343 0.0103585 0.0745969 0.0606711 0.0511364 0.00179666 0.0605606 -0.0497878 -0.0388861 -0.00249552 -0.0575541 -0.0500867 0.0284606 0.0463166 -0.0150663 -0.00272541 0.094641 -0.0421624 0.0984371 0.0239633 0.0504418 0.00625859 -0.0409459 -0.0364512 0.0445592 0.0356885 0.125156 0.0104645 -0.0014773 0.0070737 0.052501 0.0562367 -0.0316233 0.123697 0.110993 -0.00446617 -0.074011 0.0165775 0.133942 0.0956924 -0.0247076 0.0268963 -0.0327772 0.137715 0.134925 -0.0620788 -0.0614807 -0.0639128
internal_weight=13209 4694 8515 5273 3445 1249 3242 4543 3596 3357 1047 739 730 2398 801 589 483 1628 413 2584 1075 1445 1509 1038 770 239 658 377 420 1024 400 308 104 327 947 792 327 183 150 204 247 194 381 350 281 448 200 70 471 443 248 122 229 51 53 227 78 52 50 155
internal_count=13209 4694 8515 5273 3445 1249 3242 4543 3596 3357 1047 739 730 2398 801 589 483 1628 413 2584 1075 1445 1509 1038 770 239 658 377 420 1024 400 308 104 327 947 792 327 183 150 204 247 194 381 350 281 448 200 70 471 443 248 122 229 51 53 227 78 52 50 155
is_linear=0
shrinkage=0.1


Tree=8
num_leaves=61
num_cat=0
split_feature=0 0 0 5 5 5 6 7 6 7 7 6 7 5 0 1 0 5 6 7 0 6 1 3 6 1 3 1 1 6 7 7 4 7 1 6 3 7 7 4 3 3 7 2 7 7 6 4 7 7 3 7 1 4 5 5 7 0 6 1
split_gain=1091.71 244.112 233.2 168.728 101.006 71.5478 59.7587 61.1584 52.3322 55.2405 47.4639 50.0277 41.7131 37.9749 35.6045 31.5202 31.2738 29.3845 32.3632 26.2769 22.6666 22.3922 21.7149 19.0001 17.7308 17.7098 15.8511 15.1178 12.8126 11.6869 11.404 11.0897 11.0595 9.7511 9.32849 9.1242 7.85439 6.49532 5.62943 5.60487 6.48051 5.17322 5.16152 5.10165 5.15691 5.1014 5.06617 4.60049 3.99655 3.78683 3.3219 3.36089 3.87943 3.24107 3.06416 2.4599 2.4006 4.31092 1.81465 1.58905
threshold=0.43375635147094732 -0.35757978260517115 1.4632107615470888 -0.10403649508953093 -0.078162349760532365 -0.16123389452695844 -0.55370181798934925 0.88605216145515453 1.0874636769294741 -1.4127181172370908 -1.0246140360832212 1.0548269152641299 1.1945451498031618 0.023376091383397583 2.268503069877625 -0.95657998323440541 0.93397757411003124 0.021920016966760162 1.3112590312957766 0.93580910563468944 -0.91341605782508839 1.0128652453422549 -0.16140905022621152 -0.21074109524488446 0.98955327272415172 -0.081891953945159898 -0.0085456361994147283 0.31569351255893713 -0.16140905022621152 -1.038591682910919 0.87610077857971203 -0.21855174750089643 -0.96268248558044422 -1.2634473443031309 -1.1156141757965086 -0.76817232370376576 -0.060234902426600449 -1.2286174893379209 -1.3878396749496458 -0.67398205399513234 -0.010883051902055739 -0.08596488460898398 -1.3430584073066709 -0.49125933647155756 -1.1390549540519712 -1.5520375370979307 1.0921261310577395 -0.91011050343513478 1.5279166102409365 -0.85046479105949391 -0.26936188340187067 -1.1390549540519712 0.4747277051210404 -0.24271351099014279 -0.12712029367685315 -0.20478262752294538 0.76663553714752208 3.2383100986480717 1.0128652453422549 0.31569351255893713
decision_type=2 2 2 2 2 2 2 2 2 2 2 2 2 2 2 2 2 2 2 2 2 2 2 2 2 2 2 2 2 2 2 2 2 2 2 2 2 2 2 2 2 2 2 2 2 2 2 2 2 2 2 2 2 2 2 2 2 2 2 2
left_child=1 5 4 8 15 20 7 13 9 24 11 -8 -11 -7 22 39 28 18 19 -5 43 23 37 -17 -3 32 -27 38 46 -9 34 -12 -22 -23 -19 -30 -29 53 -18 -2 -41 -39 45 44 -1 -10 -6 -24 -32 -20 51 -16 -53 -4 -49 -45 58 -58 -52 -44
right_child=2 3 14 17 16 6 10 29 42 12 31 -13 -14 -15 50 21 27 30 49 -21 25 33 47 -25 -26 26 -28 36 35 -31 48 -33 -34 -35 -36 -37 -38 41 -40 40 -42 -43 59 55 -46 -47 -48 54 -50 -51 56 52 -54 -55 -56 -57 57 -59 -60 -61
leaf_value=0.015481731836639701 -0.024613226428627968 0.039639509037137033 0.06450545699113891 0.0073850155534818541 0.0040648013806629524 0.010514805398148745 -0.002765944796714697 -0.033826355293900039 -0.037861218133475635 0.03896546538787668 -0.050279550996484762 -0.049020499741513429 -0.046530428986813199 -0.023300178740829507 0.12434575282610381 0.053804467394603074 0.075599404796957981 -0.049326504059135912 -0.045659358350235518 -0.026283067948617306 0.056844828342613965 0.054730305631112842 0.054846222122961835 0.098601590666320613 0.13721607597927526 0.012107043400161215 0.066736830157538257 0.052291317784227437 0.0038965307945956389 -0.058478365277947565 -0.0388093204233418 -0.067786000321489612 -0.015897299660223348 -0.015175242532765674 -0.015534413081572766 0.031946291445562457 0.10676344859724243 0.044790525454594644 0.026972402398294761 0.014612186142408008 0.060117681985538386 0.076985166476896183 -0.022168339072268898 -0.024876006838290932 -0.025231643618705377 0.023741897845231907 -0.019428512613923678 0.13038249019095127 -0.084407336513201398 -0.020339058457023426 0.12590810143098033 0.058015263729518464 0.11450548619031907 0.11829962798704703 0.097496826983269252 -0.05481085187938968 0.080293538523837929 0.129976043393535 0.099302614968398525 -0.046962997325412606
leaf_weight=42 20 25 21 1347 489 497 413 367 20 885 873 539 61 1001 26 135 25 90 165 280 23 56 22 317 73 182 75 100 186 404 227 618 229 31 885 308 36 215 499 81 51 65 59 47 120 41 113 34 21 92 221 31 20 24 170 66 40 31 29 46
leaf_count=42 20 25 21 1347 489 497 413 367 20 885 873 539 61 1001 26 135 25 90 165 280 23 56 22 317 73 182 75 100 186 404 227 618 229 31 885 308 36 215 499 81 51 65 59 47 120 41 113 34 21 92 221 31 20 24 170 66 40 31 29 46
internal_value=1.09379e-11 -0.0169123 0.0488694 0.000883846 0.0325502 -0.0308908 -0.0355449 -0.0238595 0.0325635 0.0408562 -0.0463979 -0.0289542 0.0334525 -0.0120812 0.0909483 0.0649379 0.0198054 -0.0114536 -0.00361817 0.00159088 -0.00291908 0.0762797 0.0744862 0.0852219 0.112324 0.00957897 0.0280496 0.0370028 0.00944934 -0.0467439 -0.0235238 -0.0575357 -0.00925814 0.0298214 -0.0186537 0.021385 0.0667104 0.0579317 0.0292924 0.0247192 0.0321939 0.0522643 -0.0195906 -0.0260518 -0.0146763 0.00354415 -0.000345073 0.0982924 -0.0426704 -0.0365953 0.113739 0.0950854 0.0801683 0.0931957 0.102978 -0.0423601 0.118213 0.101986 0.122822 -0.0330308
internal_weight=13209 9813 3396 4317 2447 5496 4712 2269 1210 1044 2443 952 946 1498 949 691 1756 3107 1884 1627 784 539 551 452 98 509 257 660 1096 771 1223 1491 252 87 975 494 136 325 524 152 132 280 166 275 162 61 602 226 248 257 398 77 51 45 204 113 321 71 250 105
internal_count=13209 9813 3396 4317 2447 5496 4712 2269 1210 1044 2443 952 946 1498 949 691 1756 3107 1884 1627 784 539 551 452 98 509 257 660 1096 771 1223 1491 252 87 975 494 136 325 524 152 132 280 166 275 162 61 602 226 248 257 398 77 51 45 204 113 321 71 250 105
is_linear=0
shrinkage=0.1


Tree=9
num_leaves=60
num_cat=0
split_feature=0 0 5 5 6 7 0 7 6 0 1 5 6 6 7 7 6 5 7 6 5 0 7 7 6 6 6 7 7 6 6 4 3 6 6 6 5 6 7 0 4 7 3 6 7 2 2 0 7 0 2 2 4 7 6 1 1 1 1
split_gain=896.964 271.501 134.577 116.997 93.9706 80.8526 62.6135 54.8876 65.6843 45.4089 41.6244 46.6786 30.1491 28.7373 61.4382 46.0289 40.2368 32.1675 24.445 27.022 23.4229 20.7885 18.6265 14.6463 31.4399 12.9709 12.8191 12.6963 10.7008 15.5638 10.498 10.0358 12.2247 9.43721 8.8823 8.68156 9.65172 8.48788 5.41359 7.12696 5.47735 4.77916 7.21865 4.7738 4.62034 4.24668 4.24531 4.24131 3.73728 3.52243 3.26544 3.06218 2.80511 2.59822 1.89118 1.20824 1.19586 0.664325 0.343559
threshold=0.13761408627033236 1.2484487295150759 -0.10403649508953093 -0.056929985061287873 1.0641517043113711 -1.3679369091987608 -0.70684960484504689 1.1995208859443667 -0.54437702894210804 2.0626697540283208 -0.71802872419357289 -0.1475126966834068 -0.42781695723533625 -0.55370181798934925 -0.21855174750089643 0.87610077857971203 1.0641517043113711 0.048844674602150924 0.88605216145515453 -0.74019789695739735 0.0053909928537905225 0.73649701476097118 -1.3579855561256406 -0.9649057388305663 -0.45112895965576166 -0.92203158140182484 1.0641517043113711 1.1696667075157168 -1.0246140360832212 0.97556608915328991 1.0035404562950136 -0.81387701630592335 1.0000000180025095e-35 1.0175276994705202 0.91961723566055309 0.97556608915328991 -0.0023100597318261857 1.7401999831199648 0.76663553714752208 2.7873673439025883 -1.0357486605644224 -1.4027667641639707 0.37729401886463171 1.0082028508186343 1.6572846770286562 -0.77527517080306996 1.039008677005768 -0.40324486792087549 -1.3231557011604307 1.555300295352936 0.055675411596894271 -0.26504933834075922 -0.22578354179859159 1.6075276732444765 -0.92203158140182484 -1.0360970795154569 -1.3541654348373411 -1.0360970795154569 0.077142238616943373
decision_type=2 2 2 2 2 2 2 2 2 2 2 2 2 2 2 2 2 2 2 2 2 2 2 2 2 2 2 2 2 2 2 2 2 2 2 2 2 2 2 2 2 2 2 2 2 2 2 2 2 2 2 2 2 2 2 2 2 2 2
left_child=2 3 4 10 5 30 12 8 -7 20 31 33 18 15 16 17 -15 -8 19 -4 27 23 -13 26 -25 -17 -5 34 29 -14 45 55 -33 -12 -3 36 -23 41 40 46 -11 42 -6 -42 -9 -1 -40 -16 -37 56 -43 -30 -51 -20 -41 -2 -22 -39 -59
right_child=1 9 6 21 37 7 13 44 -10 38 11 22 28 14 47 25 -18 -19 53 -21 49 35 -24 24 -26 -27 -28 -29 51 -31 -32 32 -34 -35 -36 48 -38 57 39 54 43 50 -44 -45 -46 -47 -48 -49 -50 52 -52 -53 -54 -55 -56 -57 -58 58 -60
leaf_value=0.031614628315649256 -0.04577377788297346 0.083488906032140514 -0.031969269706118159 0.027791138302290037 0.0059258945243454535 0.030790458987382981 0.014094108885606541 -0.033405713072375595 -0.013208381623314981 0.055869258330626927 0.10014167236455528 0.081484263219409492 0.018883518639597155 -0.0027885519599843865 -0.054370872343933542 -0.019492968642197624 -0.035893548791916412 -0.016670185096822342 -0.046033993913581421 0.0071767029178758657 0.0048062966167926793 0.042650917016771463 0.035619359308644898 0.0015622627011501482 -0.041739390604197985 -0.048590450939347975 -0.010897371218921105 -0.0036279935744546708 -0.065380281921784966 -0.045781950194058257 0.13294809240143043 0.007045854046496801 0.047213539553798228 0.037352148857381605 0.050999055045064204 0.025334652042947711 0.015641212632371768 -0.038496739901602267 0.031588756365817976 0.12104989325298983 0.11216236849902537 -0.037471331330177944 -0.047317999415099621 0.07988870843417116 -0.080530946798946554 0.081815455525389158 0.082707412296793237 -0.07687604579519719 -0.019542707342447507 0.030063781155017663 -0.015165441209340796 -0.052368122538394637 0.060898027090089658 -0.067875542732385483 0.082296542674303058 -0.012166563086211682 0.028919256668425455 -0.053572928424064928 -0.064795808303863445
leaf_weight=22 23 358 548 263 87 873 703 218 555 22 211 103 42 722 151 312 747 658 336 260 25 194 631 788 213 301 127 21 389 327 37 215 117 27 110 25 416 20 32 34 303 288 36 54 23 72 33 188 72 51 85 338 70 65 20 20 116 65 47
leaf_count=22 23 358 548 263 87 873 703 218 555 22 211 103 42 722 151 312 747 658 336 260 25 194 631 788 213 301 127 21 389 327 37 215 117 27 110 25 416 20 32 34 303 288 36 54 23 72 33 188 72 51 85 338 70 65 20 20 116 65 47
internal_value=-4.56822e-11 0.0350973 -0.0193478 0.0206162 0.000557577 0.0121778 -0.0272877 0.00624012 0.0136901 0.075039 0.0436153 0.054534 -0.0402792 -0.0193699 -0.0284782 -0.0110275 -0.0196227 -0.000779444 -0.02939 -0.0193728 0.0595122 0.00584985 0.0420554 -0.00124682 -0.00765178 -0.0337806 0.0151926 0.0724391 -0.052291 -0.0384217 0.0878268 0.0153139 0.0212013 0.0930185 0.0758524 0.0198123 0.0242312 -0.0327489 0.0984541 0.0798472 0.104296 -0.0267514 -0.00965768 0.107281 -0.0379031 0.0700663 0.0575413 -0.0668516 -0.00797638 0.0353851 -0.0323882 -0.0593306 0.0479018 -0.0495744 0.106697 -0.0301425 0.0246439 -0.0552847 -0.0582825
internal_weight=13209 4694 8515 3445 2428 1800 6087 1669 1428 1249 1347 972 2305 3782 1808 1974 1469 1361 1209 808 751 2098 734 1391 1001 613 390 489 1096 369 131 375 332 238 468 707 610 628 498 119 379 496 123 357 241 94 65 339 97 262 373 727 121 401 54 43 141 132 112
internal_count=13209 4694 8515 3445 2428 1800 6087 1669 1428 1249 1347 972 2305 3782 1808 1974 1469 1361 1209 808 751 2098 734 1391 1001 613 390 489 1096 369 131 375 332 238 468 707 610 628 498 119 379 496 123 357 241 94 65 339 97 262 373 727 121 401 54 43 141 132 112
is_linear=0
shrinkage=0.1


Tree=10
num_leaves=51
num_cat=0
split_feature=0 0 5 0 5 5 1 6 7 7 6 6 5 6 7 7 0 5 7 1 5 5 6 2 7 7 7 7 6 6 0 1 3 1 7 0 7 6 7 7 3 2 7 6 6 6 7 7 7 2
split_gain=728.715 239.897 125.264 93.6506 72.9759 52.4101 49.6325 41.0794 61.4072 59.7115 58.0198 33.6422 32.4522 29.7167 29.2035 27.1426 24.4511 23.1457 22.1541 20.0658 21.7466 15.6231 14.4403 14.1577 13.8586 13.424 12.3129 12.1568 30.5922 12.7964 11.1127 9.96136 8.54191 7.63119 7.57113 6.00178 5.64008 6.86733 5.44247 4.94307 4.93599 4.55155 4.41095 11.1605 5.75264 3.31577 3.28073 3.05722 1.45218 1.37458
threshold=0.73649701476097118 -0.16470763087272641 -0.120930477976799 1.8296573758125307 -0.16123389452695844 -0.046134056523442261 -0.79754582047462452 -0.54437702894210804 0.6322917938232423 -1.0246140360832212 1.4231566786766054 1.0175276994705202 -0.011167210526764391 1.0641517043113711 -1.3579855561256406 0.94576048851013195 -0.86871978640556324 -0.22357764840126035 1.1995208859443667 -0.081891953945159898 -0.26015426218509669 -0.067508667707443223 1.0734764933586123 0.11822225898504259 -0.17874620109796521 0.76663553714752208 -1.3778882622718809 -0.9649057388305663 -0.53038978576660145 1.0734764933586123 1.1537145972251894 -0.79754582047462452 0.10125454515218736 0.79279610514640819 -1.3331070542335508 2.5506368875503544 1.1995208859443667 0.9522540569305421 -1.4127181172370908 0.82634383440017711 -0.23763439804315564 -0.79335767030715931 0.59248626232147228 -0.6516122817993163 -0.85675793886184681 1.0268525481224062 -1.0246140360832212 0.76663553714752208 -1.3231557011604307 1.3451537489891054
decision_type=2 2 2 2 2 2 2 2 2 2 2 2 2 2 2 2 2 2 2 2 2 2 2 2 2 2 2 2 2 2 2 2 2 2 2 2 2 2 2 2 2 2 2 2 2 2 2 2 2 2
left_child=1 4 6 5 16 18 42 8 21 10 -9 17 13 14 -4 -10 40 -8 22 32 -21 -6 25 -5 -11 -2 -24 29 -29 -14 36 35 -18 39 -15 46 37 -7 -13 -32 -1 -42 43 -3 -44 47 -25 -33 -47 -37
right_child=3 2 12 23 7 30 11 9 15 24 -12 38 27 34 -16 -17 19 -19 -20 20 -22 -23 26 31 -26 -27 -28 28 -30 -31 33 45 -34 -35 -36 49 -38 -39 -40 -41 41 -43 44 -45 -46 48 -48 -49 -50 -51
leaf_value=-0.057510451611972629 0.075385354609663752 0.085336500708945107 0.073678601427699428 0.0038553254340182651 0.040577269693784106 0.021394528790449226 0.11276292148777234 -0.0034910910453561771 -0.016626302702958107 -0.039982115595105845 -0.050214196069125361 0.042889244303107261 0.016602824309461372 0.0049254810800555895 0.012341327524815097 -0.039174105052727358 -0.013429194586571356 0.057604029729325129 -0.029749962052813286 0.10739573749768383 0.022846760952629303 0.0019154318514123627 0.071544083774089814 0.081214124001562596 -0.058343996973030221 0.040125372173746919 -0.018818668148627409 -0.0075468976092780806 -0.045777452766899651 -0.023352528652666432 0.039284776008891645 0.10058491727019228 0.02480328971018585 0.092251482335003951 -0.024770552942810477 0.080343548923122649 -0.026346058627082544 -0.010370592701674244 -0.011465930133126676 0.016901037372533092 0.0017398393964394927 -0.024617528640144312 0.0022305684946736111 0.0035731088282485116 -0.049670275154390507 0.086536397514864805 0.042975437881822669 0.077286867387181921 0.049305100129409273 0.11092277282760257
leaf_weight=31 472 20 83 22 142 426 93 839 1355 1056 389 25 270 127 1198 881 233 418 27 34 289 396 25 30 673 140 38 996 265 114 300 328 78 22 265 49 33 81 70 147 100 190 90 101 28 20 89 68 22 21
leaf_count=31 472 20 83 22 142 426 93 839 1355 1056 389 25 270 127 1198 881 233 418 27 34 289 396 25 30 673 140 38 996 265 114 300 328 78 22 265 49 33 81 70 147 100 190 90 101 28 20 89 68 22 21
internal_value=-1.4022e-11 -0.0109548 0.00789024 0.0503597 -0.0226886 0.038091 0.0422635 -0.0269533 -0.0182122 -0.0351535 -0.0182918 0.0574836 -0.000863649 0.00894296 0.0163156 -0.0255103 0.00290435 0.0676427 0.0590736 0.0142899 0.0317467 0.0121199 0.0626266 0.0827043 -0.0471293 0.0673193 0.0170396 -0.0108372 -0.0155811 0.00474108 0.0234926 0.0854709 -0.00384034 0.0347536 -0.0151496 0.0662828 0.0137123 0.0163196 0.00283806 0.0319237 -0.0195831 -0.0155288 0.00367196 0.0170877 -0.0100849 0.0937507 0.0526154 0.0965842 0.0670343 0.0895173
internal_weight=13209 10849 4163 2360 6686 1711 845 5731 2774 2957 1228 606 3318 1673 1281 2236 955 511 702 634 323 538 675 649 1729 612 63 1645 1261 384 1009 627 311 469 392 189 540 507 95 447 321 290 239 121 118 438 119 396 42 70
internal_count=13209 10849 4163 2360 6686 1711 845 5731 2774 2957 1228 606 3318 1673 1281 2236 955 511 702 634 323 538 675 649 1729 612 63 1645 1261 384 1009 627 311 469 392 189 540 507 95 447 321 290 239 121 118 438 119 396 42 70
is_linear=0
shrinkage=0.1


Tree=11
num_leaves=59
num_cat=0
split_feature=0 0 5 5 6 7 7 6 0 1 0 5 6 1 1 2 6 7 7 6 5 6 5 6 4 7 7 6 4 6 4 7 0 3 6 7 3 3 4 7 6 6 1 0 0 2 0 1 1 6 1 3 4 1 4 2 4 2
split_gain=598.341 178.367 94.5814 80.3475 75.2799 72.6977 42.1506 54.5546 37.8231 36.8213 29.7313 25.6698 23.9836 21.1528 19.4187 18.7717 17.8943 38.5606 30.726 25.0003 22.9113 16.7146 15.2865 14.445 10.1293 8.44653 8.19893 7.50754 7.07769 6.8584 6.85002 7.15102 6.29205 5.86331 5.75143 5.24878 5.93782 4.82794 4.76228 4.20136 5.3113 4.06394 3.90453 3.80057 3.71571 2.89689 2.8534 4.20788 2.7277 2.63473 2.28121 2.1484 1.95079 0.98795 0.697803 0.531057 0.457908 0.291226
threshold=0.13761408627033236 1.2484487295150759 -0.090692687779664979 -0.10150033980607985 1.0734764933586123 -1.4127181172370908 1.1995208859443667 -0.54437702894210804 -0.69708293676376332 -0.95657998323440541 2.1684011220932011 0.037353908643126495 1.0734764933586123 1.6674841642379763 -0.24092613905668256 -0.75384894013404835 -0.55370181798934925 -0.21855174750089643 0.87610077857971203 1.0641517043113711 0.14126509428024295 0.93360447883605968 -0.17435522377490995 0.98955327272415172 -1.1391105055809019 -1.3778882622718809 1.0303472876548769 -0.92203158140182484 -0.96268248558044422 1.7401999831199648 -0.07163177058100699 0.64224320650100719 -1.0179430246353147 -0.045173199847340577 1.0128652453422549 1.1597152948379519 -0.08596488460898398 -0.08596488460898398 0.72095784544944774 -1.3430584073066709 1.4324814677238467 -0.81945872306823719 0.39521060883998876 0.91913118958473217 -0.40324486792087549 -0.61766323447227467 2.7873673439025883 0.077142238616943373 1.8265182971954348 0.32749217748641973 -0.95657998323440541 -0.19396233558654782 -0.308651253581047 0.077142238616943373 -0.93773308396339405 -0.17977339029312131 -0.50913766026496876 0.083094101399183287
decision_type=2 2 2 2 2 2 2 2 2 2 2 2 2 2 2 2 2 2 2 2 2 2 2 2 2 2 2 2 2 2 2 2 2 2 2 2 2 2 2 2 2 2 2 2 2 2 2 2 2 2 2 2 2 2 2 2 2 2
left_child=2 3 4 9 5 23 7 -7 15 38 14 13 22 21 35 30 18 19 20 -18 -10 -5 -11 -1 -17 -14 34 -20 -16 39 49 -32 -26 -30 -13 36 -3 -15 43 40 -6 -8 -41 -2 -19 -25 47 51 54 -4 -28 -12 -37 55 -48 -31 -49 -55
right_child=1 10 8 11 29 6 41 -9 16 12 46 26 25 37 28 24 17 44 27 -21 -22 -23 -24 45 32 -27 50 -29 33 53 31 -33 -34 -35 -36 52 -38 -39 -40 42 -42 -43 -44 -45 -46 -47 48 56 -50 -51 -52 -53 -54 57 -56 -57 -58 -59
leaf_value=0.019466971007308792 -0.0099360449809180809 0.032167561601192239 -0.024738268519764489 0.018592437502997574 0.0028176826731252831 0.025483846967441843 -0.026317794171719519 -0.011656750650594822 0.007555959231175597 0.088441602125143015 0.046538464217023422 0.001336905030316462 0.048306737784296276 0.049713529284344991 0.0095123774558305754 0.030520843608038768 -0.0029983629320318311 -0.043142055635049886 -0.017888705218959782 -0.030439643123928068 -0.021398006425621549 -0.0042480098501454493 0.052202843498216828 0.081862740362571046 -0.046704080571328445 -0.031980480672791599 -0.01909276510899266 -0.04088275480585285 0.064655587319078486 -0.050123149513133937 0.0089108792958374483 -0.020924239773495987 -0.034243415271165312 0.099940277008633865 -0.026981442426273851 -0.020029730647802352 0.059500095313759875 0.10573281219601632 0.038169720151594706 -0.020284728356148293 -0.037755610959397425 -0.058611911249921683 -0.040227757424270372 0.035248333689841357 -0.064794151954872606 0.11642925470239587 0.11080176919698714 0.098585471549095249 0.062525693609324459 -0.051140456675898796 -0.047415844390683991 0.07320820063130179 0.022257690170469385 -0.050631960246123764 0.091183642974872262 -0.035409427743132521 0.083261483181745588 -0.065540065765380864
leaf_weight=28 121 301 146 1351 114 978 228 664 887 168 55 626 20 40 20 21 663 141 286 665 395 420 379 44 688 38 72 282 271 35 142 185 986 57 81 20 108 25 35 262 45 47 157 22 181 54 20 39 34 51 47 67 24 38 194 82 39 20
leaf_count=28 121 301 146 1351 114 978 228 664 887 168 55 626 20 40 20 21 663 141 286 665 395 420 379 44 688 38 72 282 271 35 142 185 986 57 81 20 108 25 35 262 45 47 157 22 181 54 20 39 34 51 47 67 24 38 194 82 39 20
internal_value=3.11904e-11 0.0286655 -0.0158022 0.0169281 -0.000729157 0.00923256 0.0043964 0.0104648 -0.0231714 0.045087 0.0610398 0.00864548 0.0568495 0.0152321 0.0495013 -0.0333849 -0.0166961 -0.0242673 -0.00994334 -0.0167397 -0.00136511 0.0131757 0.0633328 0.0828112 -0.0384988 -0.00429523 -0.00599494 -0.0293048 0.0672658 -0.0277568 -0.0168427 -0.00796832 -0.0393646 0.0707874 -0.00190749 0.0358544 0.039385 0.0712594 0.00510754 -0.0225054 -0.00866532 -0.0318372 -0.0277574 -0.0029846 -0.055313 0.10091 0.0816699 0.072783 0.0888368 -0.0315734 -0.0302792 0.061185 0.00303614 -0.0451011 0.0930171 -0.039811 0.0909235 -0.0557727
internal_weight=13209 4694 8515 3445 2796 2043 1917 1642 5719 783 1249 2662 605 1836 801 2219 3500 1650 1850 1328 1282 1771 547 126 1695 58 826 568 348 753 524 327 1674 328 707 453 409 65 178 578 159 275 419 143 322 98 448 200 248 197 119 122 44 175 214 117 78 58
internal_count=13209 4694 8515 3445 2796 2043 1917 1642 5719 783 1249 2662 605 1836 801 2219 3500 1650 1850 1328 1282 1771 547 126 1695 58 826 568 348 753 524 327 1674 328 707 453 409 65 178 578 159 275 419 143 322 98 448 200 248 197 119 122 44 175 214 117 78 58
is_linear=0
shrinkage=0.1


Tree=12
num_leaves=55
num_cat=0
split_feature=0 0 0 5 5 6 7 6 2 7 0 7 6 7 5 0 2 6 7 5 7 6 7 6 7 4 7 6 2 7 5 6 7 6 7 6 6 7 7 7 6 7 3 7 0 5 6 3 6 1 7 7 2 2
split_gain=491.522 107.099 106.135 88.3043 50.6716 41.3024 43.3725 31.7499 26.6076 22.4954 19.4567 18.6204 29.498 46.7677 22.3337 18.3685 18.3617 17.6858 20.2329 13.4828 13.4139 13.4887 13.1124 13.0986 11.2352 10.6869 11.3484 10.495 10.3036 10.1475 9.85046 9.39974 9.06212 8.50449 9.86271 6.86382 6.35995 5.20891 5.09726 5.07653 5.96743 4.93763 4.92958 3.95142 3.81072 2.83474 2.38741 2.33172 2.17998 2.05447 1.3435 10.9612 1.20994 0.373213
threshold=0.37903156876564031 1.3942679762840273 -0.61326760053634632 -0.089488822966814027 -0.056929985061287873 1.0734764933586123 -1.3679369091987608 -0.67958664894103993 -1.0562950372695921 1.1995208859443667 -1.0288879871368406 0.87610077857971203 -0.53038978576660145 -0.28821144998073572 0.10625886917114259 2.3956792354583745 -0.46606816351413721 1.0734764933586123 0.59746193885803234 -0.27871431410312647 0.91590631008148204 1.0128652453422549 0.82136815786361705 0.99421566724777233 -1.3778882622718809 -0.2632076740264892 0.64224320650100719 -0.74019789695739735 0.59780585765838634 -1.3878396749496458 -0.011167210526764391 -0.68424907326698292 -1.2286174893379209 -0.8287835121154784 1.1995208859443667 -0.97798040509223927 -0.93135637044906605 -1.3331070542335508 0.64224320650100719 -1.3878396749496458 1.2599726319313052 0.91590631008148204 -0.31105773150920862 1.189569413661957 -1.5700610876083372 -0.0096144159324467165 -0.42781695723533625 -0.37920825183391565 -0.16206003725528714 0.31569351255893713 -1.1390549540519712 0.40340991318225866 0.41868437826633459 1.039008677005768
decision_type=2 2 2 2 2 2 2 2 2 2 2 2 2 2 2 2 2 2 2 2 2 2 2 2 2 2 2 2 2 2 2 2 2 2 2 2 2 2 2 2 2 2 2 2 2 2 2 2 2 2 2 2 2 2
left_child=2 4 8 5 9 6 23 -8 19 17 44 12 14 -14 -5 22 29 18 -2 -1 21 30 31 -4 -19 42 -27 28 -13 -12 -6 38 -33 34 -22 -18 43 -23 -3 40 -7 -38 -21 -24 -10 -35 -29 -17 -46 -41 53 -52 -11 -49
right_child=1 15 3 11 20 39 7 -9 10 52 16 27 13 -15 -16 47 35 24 -20 25 33 37 36 -25 -26 26 -28 46 -30 -31 -32 32 -34 45 -36 -37 41 -39 -40 49 -42 -43 -44 -45 48 -47 -48 50 -50 -51 51 -53 -54 -55
leaf_value=0.08186277954706124 0.058628292206573153 0.092465769120937458 0.040435158054698522 0.010642349486960039 0.032828927530596651 0.03449916641284536 0.027379031322923936 -0.0026970721373700351 -0.0037078020162880422 -0.049581231487294042 0.042320308532319308 -0.02286724741889283 -0.010427936627689427 -0.05501246652964268 -0.016055529049023035 0.043946558274328709 -0.0034270207145406552 0.049990313150919979 0.026738534582563891 -0.061622919621212149 0.03280838160642556 0.017385508085332686 0.061467909416706684 0.099445328395813715 -0.022212736611607289 0.03426915924467791 -0.02410201705536064 -0.042160560902090395 0.037689633661260213 -0.013297324015315732 0.012066569350268768 0.066295958592518647 0.033771770698197111 -0.061295505821704871 -0.015293544459096885 -0.031127150374737629 0.025314067160327209 -0.017074349906829277 0.057341913110887016 -0.017113679268579245 -0.017254381972764219 -0.020912280744440587 -0.012870894258376212 0.013783559750765562 -0.033760400834275908 -0.023089127388151214 -0.075715433806180954 0.094970602062013409 -0.042602355363837718 -0.035312765735980807 0.0058351010261547005 0.081911010969758349 -0.016023274813778698 0.083264832403780756
leaf_weight=21 513 92 71 940 330 37 882 583 32 21 34 443 1420 282 470 20 96 32 325 28 70 59 57 80 66 104 49 182 30 933 743 151 198 25 109 1312 68 171 75 169 56 35 80 25 499 87 24 45 632 98 21 193 22 69
leaf_count=21 513 92 71 940 330 37 882 583 32 21 34 443 1420 282 470 20 96 32 325 28 70 59 57 80 66 104 49 182 30 933 743 151 198 25 109 1312 68 171 75 169 56 35 80 25 499 87 24 45 632 98 21 193 22 69
internal_value=-1.84957e-11 0.0313837 -0.0118569 -0.00329349 0.0204041 0.0138461 0.0206698 0.0154102 -0.0247848 0.0383108 -0.0271411 -0.0122272 -0.00895356 -0.017815 0.00174306 0.0583145 -0.0219517 0.0415598 0.0462605 0.00477659 0.0094062 0.0137414 0.048991 0.0716988 0.00136377 -0.00142575 0.0155751 -0.0272311 -0.0190264 -0.0113418 0.018452 0.0571802 0.0478438 -0.0100053 0.00351726 -0.0292385 0.0261497 -0.00823465 0.0766916 -0.0167851 0.00333574 0.00960608 -0.0255103 0.04693 -0.0377384 -0.0316173 -0.0460699 0.0770955 -0.0387013 -0.0237935 0.0791168 0.0744456 -0.032412 0.0878855
internal_weight=13209 3622 9587 5767 2573 1976 1616 1465 3820 979 3538 3791 3112 1702 1410 1049 2375 936 838 282 1594 1303 701 151 98 261 153 679 473 967 1073 516 349 291 179 1408 185 230 167 360 93 103 108 82 1163 112 206 348 1131 267 328 214 43 114
internal_count=13209 3622 9587 5767 2573 1976 1616 1465 3820 979 3538 3791 3112 1702 1410 1049 2375 936 838 282 1594 1303 701 151 98 261 153 679 473 967 1073 516 349 291 179 1408 185 230 167 360 93 103 108 82 1163 112 206 348 1131 267 328 214 43 114
is_linear=0
shrinkage=0.1


Tree=13
num_leaves=57
num_cat=0
split_feature=0 0 5 5 1 0 0 1 7 6 7 5 7 6 7 7 6 7 6 3 2 6 6 2 3 1 7 3 1 0 7 6 7 6 7 4 7 2 5 4 7 2 7 7 0 4 6 7 1 6 2 0 3 7 5 2
split_gain=405.819 135.768 63.6903 62.3445 36.3885 34.7403 29.5643 24.0557 23.8826 23.4313 24.505 21.1602 20.8343 44.4709 52.6964 31.4097 20.1792 19.7773 39.3313 21.3231 16.9216 15.8892 15.5436 12.5398 11.566 10.7418 10.2871 9.96261 7.68858 7.57601 7.14908 6.52456 6.42272 5.99706 10.3785 5.28968 5.13059 4.80544 4.78299 6.48043 4.40603 3.8415 3.14552 3.08692 3.95578 3.68743 3.16573 2.78573 2.49272 2.24816 2.19539 1.96846 4.22789 1.76158 1.72041 1.04324
threshold=0.020518752746284011 1.0152268409729006 -0.120930477976799 -0.18100615590810773 -0.95657998323440541 -0.84313789010047901 2.0626697540283208 -0.79754582047462452 -1.3331070542335508 0.91961723566055309 0.66712164878845226 -0.061304569244384759 0.93580910563468944 -0.46511617302894587 -1.0246140360832212 0.60741335153579723 1.0128652453422549 0.62234044075012218 1.0175276994705202 -0.055183459073305123 -1.0562950372695921 -0.93135637044906605 0.91961723566055309 0.033772999420762069 -0.32560072839260096 -0.081891953945159898 1.2144479155540469 -0.098702099174261079 -1.4336825609207151 -0.38839846849441523 -1.4127181172370908 -1.1365020871162412 -1.4127181172370908 -0.45112895965576166 0.59746193885803234 -0.88516107201576222 -1.3331070542335508 0.41052182018756872 0.025030050426721576 0.025492759421467785 -1.044516861438751 0.47401148080825811 0.78653830289840709 0.76663553714752208 3.2383100986480717 -1.0357486605644224 1.0082028508186343 -1.2534959912300108 1.0000000180025095e-35 -0.87074515223503102 1.039008677005768 -0.33144803345203394 0.0092533258721232432 0.64721888303756725 -0.25074546039104456 0.15232169628143313
decision_type=2 2 2 2 2 2 2 2 2 2 2 2 2 2 2 2 2 2 2 2 2 2 2 2 2 2 2 2 2 2 2 2 2 2 2 2 2 2 2 2 2 2 2 2 2 2 2 2 2 2 2 2 2 2 2 2
left_child=3 2 4 7 41 20 11 35 22 10 -10 27 13 15 -15 -7 24 18 19 -9 38 26 55 -13 -6 -25 -14 36 -29 31 -18 -19 -24 34 -22 -1 -3 -11 39 -5 -35 42 -2 45 50 -8 -47 -20 -23 -31 -45 54 -53 -40 -37 -4
right_child=1 6 8 5 16 12 43 17 9 37 -12 23 21 14 -16 -17 30 29 47 -21 33 48 32 25 -26 -27 -28 28 -30 49 -32 -33 -34 40 -36 51 -38 -39 53 -41 -42 -43 -44 44 -46 46 -48 -49 -50 -51 -52 52 -54 -55 -56 -57
leaf_value=0.018063714938532368 0.0060306813483211128 0.070009029742330309 0.071297891857102516 -0.010451344126725898 0.0013680767392118772 0.026996836889633287 0.02968450239436193 0.024775511158591178 0.016971371693799728 -0.026732099173753056 -0.0041384603044619236 -0.041976404643187734 0.0088451249938969381 -0.003625586465511651 -0.033287737490017615 -0.0052569870376653902 0.051578946294331997 0.0061850446043536069 -2.3705954663455487e-05 0.078073634399997094 0.030000398240306161 -0.036464138667372664 0.030163377776082481 0.021943571780891832 0.065857679104423902 0.049824549447857663 -0.025699783117529386 0.022645291951126779 0.081699431637494727 0.039389724535867573 -0.010072370097341557 -0.03619391625711265 -0.0058285511206262394 -0.027264022431464981 -0.027158102049492303 -0.046886174402836905 0.03417698451839668 -0.0061094935708372235 -0.0019611625688901141 0.050025720879234174 -0.04088639062971039 0.038867838592268528 -0.023369668324923386 0.02081067728960127 0.077069436028026628 0.075842738443357025 0.049561079605310053 -0.03116225424080582 -0.053263102475252448 -0.00040893115695904599 0.053983619445491404 -0.032771187009555953 0.023807252299971882 -0.027715388431467793 -0.022205385672436521 0.10321031583118297
leaf_weight=38 77 50 20 34 30 394 22 143 1008 298 1210 26 133 1162 1236 1292 27 68 56 158 33 252 209 574 381 182 245 26 145 40 62 78 65 362 850 38 199 182 67 37 690 20 69 38 39 303 54 59 136 22 42 28 25 44 110 21
leaf_count=38 77 50 20 34 30 394 22 143 1008 298 1210 26 133 1162 1236 1292 27 68 56 158 33 252 209 574 381 182 245 26 145 40 62 78 65 362 850 38 199 182 67 37 690 20 69 38 39 303 54 59 136 22 42 28 25 44 110 21
internal_value=-4.66939e-12 0.0211476 0.010348 -0.0145278 0.0383336 -0.0176684 0.0445192 0.0108255 0.00416202 0.00111991 0.00545519 0.0360309 -0.013003 -0.0101645 -0.0189143 0.00228038 0.0518019 0.0211581 0.0337467 0.0527526 -0.0283566 -0.0281368 0.030218 0.0263073 0.0611504 0.0286557 -0.0135451 0.0541354 0.0727204 -0.00401899 0.00863084 -0.0164558 0.0216251 -0.0310985 -0.0250219 -0.0161517 0.0413722 -0.0189127 0.000795225 0.0210649 -0.0361988 -0.00223366 -0.007864 0.0650071 0.0509565 0.0694188 0.0718674 -0.0159991 -0.0423524 0.0252676 0.0382265 -0.0226203 -0.00608324 -0.01217 -0.0285423 0.0876433
internal_weight=13209 5379 3679 7830 666 6967 1700 863 3013 2698 2218 1202 4850 4084 2398 1686 500 624 416 301 2117 766 315 782 411 756 378 420 171 208 89 146 274 1935 883 239 249 480 182 71 1052 166 146 498 119 379 357 115 388 62 80 201 53 111 148 41
internal_count=13209 5379 3679 7830 666 6967 1700 863 3013 2698 2218 1202 4850 4084 2398 1686 500 624 416 301 2117 766 315 782 411 756 378 420 171 208 89 146 274 1935 883 239 249 480 182 71 1052 166 146 498 119 379 357 115 388 62 80 201 53 111 148 41
is_linear=0
shrinkage=0.1


Tree=14
num_leaves=51
num_cat=0
split_feature=0 0 5 0 5 1 5 5 6 7 6 6 7 6 7 6 7 6 7 6 7 4 6 7 2 1 6 7 6 6 7 3 6 4 1 2 1 7 7 7 6 6 4 6 1 6 1 3 6 1
split_gain=330.116 113.152 64.7555 39.4167 32.5701 29.3759 26.4454 24.1119 20.6251 28.6787 34.191 20.1372 21.1489 17.581 18.2962 17.5618 21.4494 19.8916 15.179 21.168 13.2231 12.7859 10.9028 10.8678 10.1465 10.1127 9.9145 9.56795 24.7481 10.7575 8.71481 8.22949 7.58898 6.40133 6.28523 6.08793 5.21928 4.92358 3.96435 3.11443 3.4145 2.9557 2.5453 2.38518 2.24861 1.70389 1.66956 1.47624 0.73102 0.641836
threshold=0.73649701476097118 -0.25176979601383204 -0.12904947251081464 1.8296573758125307 -0.095624826848506914 -0.55899453163146962 -0.076146136969327913 -0.011167210526764391 1.0641517043113711 0.6621459722518922 -0.70289868116378773 -0.68891149759292591 -1.3778882622718809 1.3811950087547304 1.000493109226227 -0.14807283133268354 0.88605216145515453 -0.74486029148101796 -1.0246140360832212 0.97556608915328991 1.1597152948379519 -0.99386927485465992 -0.90338197350502003 -1.3380827307701109 0.11822225898504259 -1.4336825609207151 1.0828012824058535 -0.9649057388305663 -0.45112895965576166 0.73312115669250499 0.81141677498817455 -0.0068470933474600306 0.91961723566055309 -0.81387701630592335 -0.95657998323440541 0.062340272590518005 -0.79754582047462452 1.5627464652061465 -0.85046479105949391 -1.0246140360832212 -0.66093707084655751 1.8008112311363222 -0.92436730861663807 0.98955327272415172 -0.24092613905668256 1.0128652453422549 -0.79754582047462452 -0.053652444854378693 1.2133485674858095 0.077142238616943373
decision_type=2 2 2 2 2 2 2 2 2 2 2 2 2 2 2 2 2 2 2 2 2 2 2 2 2 2 2 2 2 2 2 2 2 2 2 2 2 2 2 2 2 2 2 2 2 2 2 2 2 2
left_child=1 4 5 6 8 33 21 13 9 10 -1 20 -13 14 -4 16 17 -6 19 -17 -7 -2 -11 32 -5 47 30 29 -29 -9 -25 -27 -8 -3 -35 -20 39 -18 -15 43 -41 44 -38 -26 -10 -44 -28 -23 -34 -43
right_child=3 2 7 24 15 11 23 27 41 22 -12 12 -14 38 -16 18 37 -19 35 -21 -22 25 -24 26 36 31 46 28 -30 -31 -32 -33 48 34 -36 -37 42 -39 -40 40 -42 49 45 -45 -46 -47 -48 -49 -50 -51
leaf_value=0.051617375170415064 -0.032651658370450608 -0.035993565671055376 0.013514016952359639 -0.011871976049786265 -0.018748174032018613 0.071520248562651309 0.10077374794830879 0.049941350974970398 -0.010016691286060501 -0.0018635789815327417 0.0021710465269353285 0.063062224051771837 0.0083766067985285141 -0.035196973740140788 -0.016668821492149734 0.013082734703460698 -0.026330665785383012 0.0036785996134636604 -0.039989401041965585 -0.026387465500338048 -0.005192594587802888 -0.013885859440342757 -0.029597305782257357 0.02413468302442744 0.084095381918762424 0.046902217034290372 -0.010222327908308342 -0.0067715366030488104 -0.03964312630356695 -0.0017803595731036106 0.0045276659844330699 0.081352707577488304 0.042413319562162675 -0.0027528656394259928 0.029357451855563949 -0.023633996487636796 0.034043891781142782 -0.050631532166153195 -0.0063930051419991019 0.042058297132431463 -0.0025979533419013025 -0.028922359161679786 0.06755406228807441 0.040095137127421125 -0.024412859539949785 0.047502962437041184 -0.043728033285588025 0.020747102555469611 0.01881316424835296 -0.043064550511843089
leaf_weight=183 20 36 1538 22 896 222 24 45 218 283 593 104 221 106 231 176 634 708 834 596 25 20 284 739 28 327 58 1134 287 378 327 88 35 167 96 313 28 96 87 119 20 93 362 22 216 48 20 32 21 49
leaf_count=183 20 36 1538 22 896 222 24 45 218 283 593 104 221 106 231 176 634 708 834 596 25 20 284 739 28 327 58 1134 287 378 327 88 35 167 96 313 28 96 87 119 20 93 362 22 216 48 20 32 21 49
internal_value=-3.88819e-11 -0.00737326 0.00435858 0.0338951 -0.0162634 0.0289555 0.0259357 -0.0012704 -0.00544887 0.00134057 0.0138317 0.0422332 0.025876 0.00644597 0.00957267 -0.021143 -0.0153163 -0.00884907 -0.0282298 -0.0173891 0.0637558 0.0456452 -0.0157549 0.0180937 0.054879 0.0489984 0.0156019 -0.00948054 -0.0134106 0.00372195 0.0181201 0.0542074 0.0537264 0.00355458 0.00896801 -0.0355262 0.0572212 -0.0295264 -0.0222128 0.043332 0.0356329 -0.0212791 0.0632145 0.0647353 -0.0171816 0.0652066 -0.0188135 0.00742673 0.0335633 -0.0338024
internal_weight=13209 10849 4677 2360 6172 871 1711 3806 1919 1343 776 572 325 1962 1769 4253 2334 1604 1919 772 247 487 567 1224 649 467 1144 1844 1421 423 1066 415 80 299 263 1147 627 730 193 189 139 576 438 50 434 410 78 52 56 142
internal_count=13209 10849 4677 2360 6172 871 1711 3806 1919 1343 776 572 325 1962 1769 4253 2334 1604 1919 772 247 487 567 1224 649 467 1144 1844 1421 423 1066 415 80 299 263 1147 627 730 193 189 139 576 438 50 434 410 78 52 56 142
is_linear=0
shrinkage=0.1


Tree=15
num_leaves=55
num_cat=0
split_feature=0 0 5 5 6 7 7 6 1 3 4 1 6 7 7 6 6 7 6 0 7 6 7 5 2 7 6 6 5 6 6 6 5 2 3 0 6 4 2 6 0 2 2 5 4 1 7 4 2 5 1 7 3 2
split_gain=271.209 91.1911 48.6051 42.6622 37.1636 47.8807 27.9201 45.2019 23.8063 22.2744 20.6539 22.983 16.0127 20.5813 19.755 22.666 15.4884 15.2618 14.6877 14.2586 13.7213 13.3756 13.8559 11.6094 10.6519 10.4119 16.4272 9.63765 8.92719 8.71206 5.97021 5.94014 5.90854 5.47602 5.15587 6.07311 5.02439 5.00675 8.30242 4.50513 4.02884 3.76163 2.62689 3.19602 2.16018 2.07202 4.4948 1.60507 1.47387 1.36246 0.90273 0.425857 0.40906 0.236762
threshold=0.010045109316706659 1.0449981689453127 -0.088459771126508699 -0.064478341490030275 1.0734764933586123 -1.4127181172370908 0.88605216145515453 -0.46511617302894587 -0.55899453163146962 -0.19557034224271772 -1.20415723323822 0.077142238616943373 -0.45112895965576166 0.54770502448081981 -1.4027667641639707 1.4231566786766054 -0.8334459364414214 1.000493109226227 1.0175276994705202 1.7548755407333376 0.88605216145515453 1.0082028508186343 -1.3331070542335508 0.10625886917114259 0.61408996582031261 -0.51211765408515919 0.80305719375610363 -0.83810836076736439 -0.120930477976799 0.98955327272415172 -0.90804439783096302 1.7401999831199648 -0.1958191320300102 0.19501833617687228 -0.10037753358483313 1.9124253392219546 -0.79614672064781178 -0.81387701630592335 0.58601596951484691 0.98489087820053112 2.7873673439025883 -0.61766323447227467 -0.09141137450933455 0.13429434597492221 -0.83793538808822621 0.39521060883998876 -1.3430584073066709 -0.67398205399513234 -0.55214190483093251 -0.14364483952522275 -0.24092613905668256 -2.0595582723617549 0.2229493781924248 0.1007630117237568
decision_type=2 2 2 2 2 2 2 2 2 2 2 2 2 2 2 2 2 2 2 2 2 2 2 2 2 2 2 2 2 2 2 2 2 2 2 2 2 2 2 2 2 2 2 2 2 2 2 2 2 2 2 2 2 2
left_child=3 2 8 4 5 29 7 -7 37 32 -3 19 13 42 15 48 -8 23 -11 28 21 22 -4 -15 30 26 -16 -26 -12 -1 -22 45 -10 -23 35 -13 -19 49 -39 -36 -21 -31 43 -5 -27 47 -47 -6 -14 -2 51 -33 -17 -52
right_child=1 10 20 12 31 6 16 -9 9 18 11 34 14 17 25 52 -18 36 -20 40 24 33 -24 -25 27 44 -28 -29 -30 41 -32 50 -34 -35 39 -37 -38 38 -40 -41 -42 -43 -44 -45 -46 46 -48 -49 -50 -51 53 -53 -54 -55
leaf_value=0.015208212392670768 -0.044547079960730949 -0.059481004761023963 0.039295706705460738 0.032979663559753035 -0.020936268388938445 0.024435483898206087 -0.0084383851540384483 -0.0099685743961811252 0.06084680330346931 0.056450861312363501 0.060925757452579478 0.037066160444474326 0.0056573609893138602 -0.0012301790964380898 0.0041631470773912348 -0.032212814618495927 -0.045176265294994078 -0.021120032561574069 0.0098883706018512638 0.037321718990032685 -0.011391553567452242 -0.027549822802607468 0.0060804122438773874 -0.017434638261250496 0.051293528881898635 -0.017999345170600072 -0.027973937339212458 -0.012696381728164853 0.016510987011610717 0.057530230644365979 -0.03681541967554168 -0.014628914340864869 0.0064244020669635389 -0.0033842788868898295 0.075103066947977276 0.06198860183358193 -0.03899943056083266 0.0045324210407298544 0.064669170469045634 0.034316515708059978 0.059096008270490365 0.097197480952622844 0.058519291672079511 -0.0099036523567823075 -0.039807178115792624 0.0014068282310230036 -0.030049440329321688 -0.0072257509854433567 0.031959005882095354 -0.0084842319437302659 -0.037118537767845038 -0.030345061205700043 -0.047369512170553213 -0.047441514265356644
leaf_weight=28 22 22 136 63 117 777 442 751 22 414 49 232 26 827 192 69 155 445 81 280 243 136 1641 950 43 49 927 52 592 45 149 20 214 302 151 169 243 281 25 33 122 51 24 24 622 60 187 316 118 20 68 125 24 33
leaf_count=28 22 22 136 63 117 777 442 751 22 414 49 232 26 827 192 69 155 445 81 280 243 136 1641 950 43 49 927 52 592 45 149 20 214 302 151 169 243 281 25 33 122 51 24 24 622 60 187 316 118 20 68 125 24 33
internal_value=-3.22733e-11 0.0171479 0.00858789 -0.0119736 -0.00305619 0.00388601 0.000361357 0.00752616 0.0265298 0.0367785 0.0367633 0.0380639 -0.0181245 -0.0128925 -0.0247735 0.00235739 -0.0179767 -0.0147893 0.0488315 0.0291655 0.00142306 0.00476449 0.00862249 -0.00989323 -0.0137746 -0.0283657 -0.0224598 0.0162675 0.0199062 0.0642884 -0.0210552 -0.0199169 0.0114977 -0.0108877 0.0539289 0.0475696 -0.027435 0.00500178 0.00944555 0.0677881 0.0439298 0.0786035 0.0292297 0.0211498 -0.0382147 -0.0150996 -0.0224082 -0.0109304 0.0272101 -0.0273743 -0.0332331 -0.0281773 -0.0361242 -0.0404914
internal_weight=13209 5431 3781 7778 3175 2249 2125 1528 1079 731 1650 1628 4603 2576 2027 237 597 2465 495 1043 2702 2215 1777 1777 487 1790 1119 95 641 124 392 926 236 438 585 401 688 348 306 184 402 96 111 87 671 680 247 433 144 42 246 145 93 101
internal_count=13209 5431 3781 7778 3175 2249 2125 1528 1079 731 1650 1628 4603 2576 2027 237 597 2465 495 1043 2702 2215 1777 1777 487 1790 1119 95 641 124 392 926 236 438 585 401 688 348 306 184 402 96 111 87 671 680 247 433 144 42 246 145 93 101
is_linear=0
shrinkage=0.1


Tree=16
num_leaves=53
num_cat=0
split_feature=0 5 0 6 7 7 6 7 6 7 6 6 7 7 6 7 6 6 6 7 5 4 1 6 0 7 1 1 0 7 7 6 3 1 7 2 7 7 7 2 5 5 6 7 5 7 5 4 3 1 1 2
split_gain=222.687 52.6111 48.663 46.4262 48.653 34.1403 48.6293 25.6369 23.8224 23.3938 19.2051 13.7262 25.5336 22.5448 15.3155 13.3378 12.9042 12.0964 11.7796 11.7625 11.5159 9.92718 11.9776 9.01917 7.5913 7.45039 7.29381 7.03062 5.42386 4.97482 4.44216 8.16081 4.2284 4.15009 4.09083 3.89016 3.71593 3.5555 3.11968 2.97895 2.90316 2.80891 2.7862 6.76531 2.78046 2.72594 2.53547 2.09691 1.37589 0.819487 0.388466 0.340815
threshold=0.35543969273567205 -0.043699208647012704 1.3155847787857058 1.0734764933586123 -1.4127181172370908 1.1995208859443667 -0.54437702894210804 -1.3331070542335508 0.85434362292289745 0.76663553714752208 -0.67492425441741932 -0.46511617302894587 -1.004711329936981 0.54770502448081981 0.98022848367691051 1.0303472876548769 -0.89405715465545643 0.98955327272415172 0.91961723566055309 -1.4027667641639707 0.14126509428024295 -1.1729704737663267 0.077142238616943373 1.7401999831199648 2.5506368875503544 -0.28821144998073572 -0.87706288695335377 1.5084499120712282 -0.33778458833694452 1.6075276732444765 -1.3878396749496458 1.3112590312957766 -0.18930586427450177 0.31569351255893713 -1.4326209425926206 -0.039035050198435776 1.6572846770286562 -1.3679369091987608 -1.4127181172370908 -0.075479645282030092 -0.12526765465736386 -0.26015426218509669 0.87765562534332286 -1.3679369091987608 0.025030050426721576 0.58751058578491222 0.13429434597492221 -0.40399368107318873 -0.29207386076450342 -0.24092613905668256 -1.0360970795154569 0.1007630117237568
decision_type=2 2 2 2 2 2 2 2 2 2 2 2 2 2 2 2 2 2 2 2 2 2 2 2 2 2 2 2 2 2 2 2 2 2 2 2 2 2 2 2 2 2 2 2 2 2 2 2 2 2 2 2
left_child=1 3 7 4 17 6 -6 18 9 10 -9 13 14 35 44 20 -11 40 37 -16 -15 -4 24 30 32 26 -14 38 -27 -17 31 -5 -23 -32 -29 46 -7 -2 -20 -10 -1 -19 45 -44 -13 -24 -3 -41 -26 50 -25 -51
right_child=2 11 21 23 5 36 -8 8 39 16 -12 12 25 15 19 29 -18 41 27 -21 -22 22 42 49 48 28 -28 34 -30 -31 33 -33 -34 -35 -36 -37 -38 -39 -40 47 -42 -43 43 -45 -46 -47 -48 -49 -50 51 -52 -53
leaf_value=-0.0076883925626484249 0.10684992317800168 0.029098708275705577 -0.027207737221666008 0.021359821148723881 0.018405927220328171 -0.021020545021879177 -0.0089844867303301001 0.038771477728581277 -0.039523861888382174 0.013597810863908991 0.012247829733851939 0.020137623826530379 -0.0083815659706428583 -0.0021897096563196746 0.0019143110240750405 -0.021320339195201144 -0.012270257105232062 0.10594877675175668 0.027462435496712748 -0.030195318865763557 -0.017390237279516253 0.015186302762271632 0.064864763307749582 -0.019205968810452358 0.026770472396165135 -0.033834968186476654 -0.030783434229939927 0.097236133245751269 -0.057245954401906607 -0.046454443182382323 -0.0096296143828792768 -0.018455010362058169 0.03298640469651351 -0.025297695075096938 0.040541999538961267 0.056290885902991576 -0.054655283813675251 0.059389334628481033 -0.0057838588588040429 -0.019608113209180763 0.036425967466618331 0.06529128678736433 0.068634852990508075 0.014585009098730305 0.0014043610696516009 0.04653051294322158 -0.0048798481297126278 -0.0040065249354924049 0.05495920683430551 -0.033774570960272678 -0.029905293952754659 -0.044479229095134333
leaf_weight=26 27 70 23 101 1556 375 1111 480 36 397 633 122 214 1176 173 630 375 20 119 335 865 225 184 45 20 425 453 20 129 90 444 105 328 273 35 37 36 38 37 132 35 113 40 55 226 145 32 248 129 81 138 47
leaf_count=26 27 70 23 101 1556 375 1111 480 36 397 633 122 214 1176 173 630 375 20 119 335 865 225 184 45 20 425 453 20 129 90 444 105 328 273 35 37 36 38 37 132 35 113 40 55 226 145 32 248 129 81 138 47
internal_value=-5.67347e-12 -0.00813881 0.020714 -0.000310753 0.00592282 0.00286146 0.00699582 0.013083 0.00962861 0.0144086 0.0236866 -0.0152261 -0.0214315 -0.0107817 -0.00818935 -0.01276 0.00103236 0.0544943 0.0418821 -0.0192603 -0.00863187 0.0378289 0.0391574 -0.0168393 0.0311419 -0.0307151 -0.023596 0.0304157 -0.0392863 -0.0244621 -0.0118768 0.00106585 0.025744 -0.0155953 0.061158 0.0285145 -0.0239667 0.0791037 0.0195771 -0.0120306 0.0176231 0.0714052 0.0524283 0.0373428 0.00797177 0.0567843 0.0184388 -0.00942602 0.0511755 -0.0315674 -0.0272743 -0.0377052
internal_weight=13209 9483 3726 4506 3272 3078 2667 2577 2301 1885 1113 4977 2077 2900 856 2761 772 194 276 508 2041 1149 1126 1234 702 1221 667 211 554 720 923 206 553 717 55 139 411 65 156 416 61 133 424 95 348 329 102 380 149 311 183 128
internal_count=13209 9483 3726 4506 3272 3078 2667 2577 2301 1885 1113 4977 2077 2900 856 2761 772 194 276 508 2041 1149 1126 1234 702 1221 667 211 554 720 923 206 553 717 55 139 411 65 156 416 61 133 424 95 348 329 102 380 149 311 183 128
is_linear=0
shrinkage=0.1


Tree=17
num_leaves=52
num_cat=0
split_feature=0 0 5 1 5 5 6 7 7 5 1 4 0 1 0 0 1 4 6 2 7 3 3 6 7 6 3 2 7 2 0 5 6 7 3 5 1 0 4 6 6 0 4 5 7 7 1 1 5 0 2
split_gain=182.391 71.9852 41.313 22.7202 19.0006 17.5211 19.8331 66.0117 40.023 16.9431 16.0499 13.0419 12.9536 12.1671 14.9958 11.4705 10.7873 9.96532 9.81268 9.43752 9.30395 8.57459 8.52032 8.49497 7.98772 13.7992 7.81276 7.1279 7.01532 6.83254 6.70771 7.53929 6.68364 6.57314 5.87563 5.20742 5.11821 4.07701 3.21651 2.88478 2.87678 2.55857 4.02299 3.1728 3.05292 1.75454 1.74599 1.85073 0.603518 0.547428 0.0949372
threshold=0.89637720584869396 -0.24396692961454389 -0.13049817085266111 -0.47947742044925684 -0.1958191320300102 0.034690177068114288 -0.46511617302894587 -0.28821144998073572 0.66712164878845226 -0.22357764840126035 -0.081891953945159898 -1.0803012251853941 -0.92399442195892323 -0.081891953945159898 -1.288529574871063 1.7548755407333376 1.8265182971954348 -0.87090426683425892 -0.14807283133268354 -1.1779298186302183 -1.4127181172370908 0.030142262578010563 0.10125454515218736 0.87765562534332286 0.6521945893764497 -0.67958664894103993 -0.036092717200517647 0.96446529030799877 0.87610077857971203 -0.27036648988723749 1.555300295352936 -0.041936088353395455 -0.85675793886184681 0.6521945893764497 -0.24668259918689725 0.029882983304560188 -1.3541654348373411 1.3942679762840273 1.6788374185562136 -0.73087310791015614 -0.45112895965576166 2.7873673439025883 -0.38884583115577692 -0.035413825884461396 0.93580910563468944 0.81141677498817455 -1.2746483683586118 -0.87706288695335377 -0.050097925588488572 3.7737227678298955 0.82085353136062633
decision_type=2 2 2 2 2 2 2 2 2 2 2 2 2 2 2 2 2 2 2 2 2 2 2 2 2 2 2 2 2 2 2 2 2 2 2 2 2 2 2 2 2 2 2 2 2 2 2 2 2 2 2
left_child=1 4 3 24 13 6 8 -8 -4 26 15 -12 19 22 -15 34 18 -11 -14 39 -18 30 33 -16 25 -3 -5 28 -7 -24 31 -13 -26 -1 46 36 -36 -23 -21 -6 -37 42 44 -44 -17 -32 -2 -48 -43 -50 -39
right_child=10 2 5 9 12 27 7 -9 -10 17 11 21 16 14 23 41 20 -19 -20 38 -22 37 29 -25 32 -27 -28 -29 -30 -31 45 -33 -34 -35 35 40 -38 50 -40 -41 -42 48 43 -45 -46 -47 47 -49 49 -51 -52
leaf_value=-0.0028773367734112104 -0.028915179698240191 0.06768519927906555 0.035995956147499973 0.044873019098304212 -0.0078811238120709143 -0.0071563250713348008 0.0031796582477145482 -0.06617123703653742 0.00080028672387868767 -0.016063873239971223 -0.034627268730622267 0.039196474498543799 -0.007131175799136075 -0.048904015599853468 0.043774852991745571 0.022915594627372398 0.046508232659211252 0.032568724284518319 -0.017318725284069022 -0.024008457267579955 -0.0014820987042360779 0.10666536817756983 0.054610161596175405 0.0033039578899764751 -0.0036245098222145995 0.0019789230826929021 0.099690063555653283 0.04510226056951544 -0.025570050224807014 -0.0068601589417085053 0.050840274957950883 0.0081066773034250122 -0.056040965501339204 -0.038562617382855824 0.0070264294590534904 0.015416145373860169 0.032865693711701942 0.061542283222079275 0.0012850577857954285 0.023941319996419436 -0.0073586027755471618 0.063185776592720122 0.061724005307381348 0.030916099866243225 -0.020486695510113524 0.021579446846788582 0.016368216594803794 -0.0062973515575493483 0.039556217187959139 0.056687847181008416 0.052121793251970541
leaf_weight=116 21 41 478 52 63 970 1262 154 997 47 23 234 2027 27 151 71 56 407 1772 1517 145 26 33 79 113 145 52 23 263 40 299 117 31 93 105 153 284 20 52 52 87 21 45 130 21 22 56 101 66 26 23
leaf_count=116 21 41 478 52 63 970 1262 154 997 47 23 234 2027 27 151 71 56 407 1772 1517 145 26 33 79 113 145 52 23 263 40 299 117 31 93 105 153 284 20 52 52 87 21 45 130 21 22 56 101 66 26 23
internal_value=-1.1e-11 -0.00489176 0.00399802 0.0235731 -0.0120844 -0.000193609 0.00409073 -0.00436274 0.0122061 0.0358741 0.0282273 0.0395327 -0.013786 0.00585945 0.0215977 0.0209507 -0.0106885 0.0275341 -0.011883 -0.0211434 0.0118883 0.0418345 -0.00848357 0.029874 0.00277333 0.0164626 0.0722815 -0.0100551 -0.011084 0.0209278 0.0383876 0.0288332 -0.0149086 -0.0187564 0.014205 0.0187442 0.0258911 0.075405 -0.0231702 0.00650816 0.0071603 0.0352762 0.0299381 0.0388381 0.0130086 0.0488349 -0.00183501 0.00178718 0.0478893 0.0443978 0.0565034
internal_weight=13209 11258 5035 888 6223 4147 2891 1416 1475 558 1951 764 5684 539 257 1187 4000 454 3799 1684 201 741 282 230 330 186 104 1256 1233 73 672 351 144 209 807 629 389 69 1569 115 240 380 267 175 92 321 178 157 113 92 43
internal_count=13209 11258 5035 888 6223 4147 2891 1416 1475 558 1951 764 5684 539 257 1187 4000 454 3799 1684 201 741 282 230 330 186 104 1256 1233 73 672 351 144 209 807 629 389 69 1569 115 240 380 267 175 92 321 178 157 113 92 43
is_linear=0
shrinkage=0.1


Tree=18
num_leaves=60
num_cat=0
split_feature=0 0 5 5 6 7 7 6 1 6 5 7 6 1 7 6 6 7 7 4 7 6 7 7 6 7 1 3 2 5 2 6 6 3 2 6 6 4 1 2 7 4 7 0 4 7 7 7 2 1 6 7 7 6 4 2 1 0 6
split_gain=150.152 47.8485 26.9213 26.2131 22.1575 31.0582 19.3728 30.6324 16.9567 13.3487 13.0405 12.5951 13.233 12.5968 10.1593 16.5625 14.1302 13.6201 10.083 9.88123 9.71099 9.58965 12.9432 12.7021 10.423 9.43597 9.89288 9.14621 7.7812 7.17737 6.48481 5.566 5.02171 4.92762 4.8659 3.90884 3.90421 3.30126 3.25491 3.06423 2.7235 2.72076 2.68287 2.57906 2.49049 2.31544 1.91204 3.48565 1.72414 1.55924 1.55192 1.37546 1.02185 0.983107 0.94517 0.868442 0.645278 0.840142 0.419401
threshold=0.035391326993703849 0.91913118958473217 -0.12904947251081464 -0.047288294881582253 1.0734764933586123 -1.4127181172370908 0.88605216145515453 -0.46511617302894587 -0.95657998323440541 -0.8334459364414214 0.029882983304560188 1.1945451498031618 -0.90804439783096302 -1.1156141757965086 0.76663553714752208 -0.69357389211654652 -0.93135637044906605 -1.2236418128013609 1.2144479155540469 -0.70160463452339161 0.92585772275924694 -0.35788092017173762 0.54770502448081981 -1.004711329936981 0.98022848367691051 1.000493109226227 -0.16140905022621152 -0.0049026641063392154 1.1169042587280276 0.17900933325290683 0.59780585765838634 1.7401999831199648 0.98955327272415172 -0.056786647066473954 0.083094101399183287 -0.79614672064781178 -0.69823628664016713 -1.0357486605644224 -0.79754582047462452 -0.61766323447227467 -1.3032528758049009 -0.20796252787113187 -0.42255516350269312 1.5116513371467593 0.82298317551612865 0.91590631008148204 -0.8305620253086089 -1.3430584073066709 -0.28542797267436976 0.23617642372846606 -0.91270679235458363 -0.68626689910888661 0.78653830289840709 0.97556608915328991 -0.18568626046180722 1.3451537489891054 -1.0360970795154569 -0.32401174306869501 2.1738034486770634
decision_type=2 2 2 2 2 2 2 2 2 2 2 2 2 2 2 2 2 2 2 2 2 2 2 2 2 2 2 2 2 2 2 2 2 2 2 2 2 2 2 2 2 2 2 2 2 2 2 2 2 2 2 2 2 2 2 2 2 2 2
left_child=3 2 8 4 5 32 7 -7 44 -8 14 12 30 -14 15 33 18 -17 -16 36 -18 22 41 24 40 26 -24 -21 34 -26 -4 46 -1 -3 -12 -27 -10 53 50 -34 -23 48 -39 -30 52 -36 47 -6 -5 -43 -13 -48 -2 -25 -40 -45 58 -58 -33
right_child=1 10 11 21 31 6 9 -9 19 -11 28 38 13 -15 16 17 20 -19 -20 27 -22 23 25 37 29 35 -28 -29 43 -31 -32 56 39 -35 45 -37 -38 42 54 -41 -42 49 -44 55 -46 -47 51 -49 -50 -51 -52 -53 -54 -55 -56 -57 57 -59 -60
leaf_value=0.016722789962982966 0.00013726308684924553 0.047561458983237589 0.02471040589157646 0.02359798032613028 -0.0019829226234677907 0.018534922074632958 -0.0057527989413413659 -0.0077981829420109162 0.035250491739527601 -0.036995408573236903 -0.037452705095522107 -0.0056006931761900594 -0.014695385193519473 0.0051996696327836966 0.050491044078953565 0.040782486318657177 0.0092072228054740357 0.013702761233435013 -0.010233822209494455 0.034754762263550114 -0.04575614396793147 0.023929096998957299 0.0075073508279546973 -0.014065517913550138 -0.021830327046819305 -0.016257015629269091 -0.011597252636996605 0.073377962044573253 0.0034029062438224048 0.026646675034002826 0.084909548486272496 -0.005182950888675722 0.041175337729003766 0.076553598719720672 0.012116838109865469 -0.032649393766576891 -0.0054415019636508081 -0.022539555167568115 -0.046336969017006818 0.076150606931610548 0.00068309366539497638 0.00066632415623740955 -0.032737148417976841 0.032734972749777297 0.02651804855660252 -0.0077881608668663727 0.014205935132770759 -0.017908396276481209 0.064623463386669758 0.03199417862330544 -0.035380027052902045 -0.0063059279782722291 -0.01832884255075647 0.017289016526192427 -0.026079433929065574 0.052171072864698048 -0.026419425596097945 -0.047762341424822809 -0.025191371664404872
leaf_weight=36 58 236 121 21 205 884 488 883 37 190 25 105 374 2135 125 375 137 368 35 227 42 72 337 20 410 405 1385 84 21 33 21 22 46 78 293 227 65 513 42 55 168 47 519 47 23 73 46 417 20 24 21 113 62 20 51 45 237 20 20
leaf_count=36 58 236 121 21 205 884 488 883 37 190 25 105 374 2135 125 375 137 368 35 227 42 72 337 20 410 405 1385 84 21 33 21 22 46 78 293 227 65 513 42 55 168 47 519 47 23 73 46 417 20 24 21 113 62 20 51 45 237 20 20
internal_value=-1.95644e-11 0.012971 0.00591248 -0.00876364 -0.00257262 0.00245815 -0.000138003 0.00537582 0.0260524 -0.0145081 0.0256988 0.00201081 0.00391485 0.00223405 0.0306766 0.0355078 0.0156131 0.0273702 0.0372075 0.0363285 -0.00368921 -0.0141348 -0.0101138 -0.0197848 -0.00912656 -0.011694 -0.00785843 0.0451868 0.0119109 -0.0182192 0.0336131 -0.0145999 0.048791 0.0547633 0.00523115 -0.0221448 0.00931932 -0.0265755 -0.0210377 0.0602213 0.00765689 0.0231 -0.027668 0.0350239 -0.00362596 0.00814672 -0.010158 -0.0126596 0.0436104 0.011256 -0.0105639 -0.000371678 -0.00940356 0.00161175 -0.035228 0.0422418 -0.0262024 -0.0280804 -0.0147108
internal_weight=13209 5326 3426 7883 3662 2582 2445 1767 556 678 1900 2870 2651 2509 1396 1057 339 743 160 413 179 4221 2466 1755 683 2354 1722 311 504 443 142 1080 137 314 391 632 102 1072 219 101 240 112 1032 113 143 366 781 622 41 71 126 159 120 40 93 92 299 257 42
internal_count=13209 5326 3426 7883 3662 2582 2445 1767 556 678 1900 2870 2651 2509 1396 1057 339 743 160 413 179 4221 2466 1755 683 2354 1722 311 504 443 142 1080 137 314 391 632 102 1072 219 101 240 112 1032 113 143 366 781 622 41 71 126 159 120 40 93 92 299 257 42
is_linear=0
shrinkage=0.1


Tree=19
num_leaves=53
num_cat=0
split_feature=0 0 5 5 1 3 1 0 4 1 0 7 6 6 7 7 3 4 7 6 7 7 6 2 7 5 0 6 3 5 2 7 6 3 7 0 5 6 2 7 0 6 0 2 3 6 4 0 4 4 6 7
split_gain=122.43 44.0065 26.7926 17.979 17.3221 17.1136 13.9253 14.2207 12.2374 11.7316 11.6586 10.4785 23.9334 10.9527 20.4411 18.174 9.77964 9.48634 9.31647 9.87011 37.8457 22.7343 8.02578 7.84755 8.28917 7.81005 7.57269 7.33429 6.92942 6.48904 6.48162 5.98792 5.93831 5.86244 5.35489 5.31046 4.55576 4.1316 4.10249 3.98003 3.35508 3.24128 2.69367 2.889 2.43447 2.42296 2.17847 2.11517 2.01512 1.95997 1.20993 1.19422
threshold=-0.091653969138860689 0.91913118958473217 -0.087316371500492082 -0.1958191320300102 -0.87706288695335377 -0.076714590191841112 -0.081891953945159898 -1.1235172748565672 -1.20415723323822 -0.081891953945159898 -0.91341605782508839 -1.4027667641639707 1.29727178812027 -0.14807283133268354 0.63726750016212474 -0.53699612617492665 0.10125454515218736 -0.86021164059638966 -1.348034083843231 -0.46511617302894587 -0.28821144998073572 0.60741335153579723 0.93360447883605968 -0.49748103320598597 0.60243764519691478 -0.25074546039104456 1.7548755407333376 1.0128652453422549 0.030142262578010563 -0.26826183497905726 -1.1779298186302183 1.2343507409095766 1.29727178812027 -0.17200540006160733 -1.3430584073066709 1.4263435006141665 -0.21994117647409436 0.98489087820053112 0.36885191500186926 0.92585772275924694 1.3942679762840273 0.91961723566055309 -1.1452763080596922 -0.79335767030715931 0.092170357704162612 1.4324814677238467 -0.63744899630546559 -1.3760107159614561 -0.98139455914497364 0.67685082554817211 1.3998447060585024 0.64721888303756725
decision_type=2 2 2 2 2 2 2 2 2 2 2 2 2 2 2 2 2 2 2 2 2 2 2 2 2 2 2 2 2 2 2 2 2 2 2 2 2 2 2 2 2 2 2 2 2 2 2 2 2 2 2 2
left_child=3 2 4 6 38 27 16 46 -3 26 30 12 37 14 -13 -15 23 -7 32 21 -21 -20 25 24 -1 -9 33 -6 35 -25 47 36 41 -10 -24 -11 -18 -12 49 -40 -30 -4 48 -44 -28 -14 -8 -5 -32 -2 -34 -49
right_child=1 8 18 10 5 17 7 22 9 28 11 13 45 15 -16 -17 31 -19 19 20 -22 -23 34 29 -26 -27 44 -29 40 -31 42 -33 50 -35 -36 -37 -38 -39 39 -41 -42 -43 43 -45 -46 -47 -48 51 -50 -51 -52 -53
leaf_value=0.01884508525172985 -0.01390922175325985 -0.051019858619706197 0.061357163886229193 0.027262261987198146 0.018636275022476497 -0.0063591349477830688 -0.053152089086361237 0.084398500260729828 0.0015501189221474388 0.020497552494726141 0.012166448234248971 0.01046236999368725 0.0028829726351735493 -0.0091343156658212701 -0.010119515226187894 -0.031280441063476813 0.018943409465773164 0.046462275442629826 0.026131581034635309 -0.0022848976540344144 -0.058873737081075496 -0.0034386562564046111 0.037147715468017851 -0.075593041063797092 -0.028269574321563018 0.03332983320073564 0.027084998723872031 -0.010162615877237512 0.092296685507664317 -0.020984000301830574 -0.0065908878996607766 -0.023541622626639547 -0.0011979036033153536 0.01928045530025534 -0.016614956351589751 0.038581375811525431 0.074892318492162643 0.044272492247633639 0.049439622827160822 -0.0076675416415800226 0.046987390585921031 0.020068837575781259 -0.0021674065142060104 -0.017847696163393698 0.058252477149168647 -0.023082809892671925 -0.0084650207999705639 0.0045336724308578944 -0.025494992919873529 0.0070798609710844423 -0.03419692924246192 -0.021798204180474082
leaf_weight=86 191 22 21 32 451 38 20 39 316 287 59 650 48 1448 1873 498 43 323 323 823 138 1333 32 31 66 129 349 110 26 73 62 21 25 455 44 374 22 125 26 23 44 201 138 791 27 143 24 61 623 58 20 24
leaf_count=86 191 22 21 32 451 38 20 39 316 287 59 650 48 1448 1873 498 43 323 323 823 138 1333 32 31 66 129 349 110 26 73 62 21 25 455 44 374 22 125 26 23 44 201 138 791 27 143 24 61 623 58 20 24
internal_value=-1.74857e-11 0.0105464 0.00472124 -0.00878846 0.0171441 0.0239184 0.00734928 0.0235505 0.0231289 0.0239975 -0.0103347 -0.00781751 0.00823846 -0.00916479 -0.00481701 -0.0148017 -0.00629388 0.0409021 -0.00053392 -0.00234936 -0.0104111 0.00232897 0.0329867 -0.016095 -0.0016126 0.0451851 0.0176878 0.0129894 0.0338979 -0.0372617 -0.0173789 0.0228817 0.0172601 0.0120135 0.00602196 0.0307295 0.03788 0.0339776 -0.00381528 0.0226342 0.0638166 0.0239745 -0.0190264 -0.0155184 0.0293231 -0.0165574 -0.0287773 0.00534863 -0.023784 -0.0090202 -0.0158641 -0.00290121
internal_weight=13209 6004 4104 7205 1220 922 630 288 1900 1878 6575 4844 375 4469 2523 1946 342 361 2884 2617 961 1656 244 256 152 168 1147 561 731 104 1731 86 267 771 76 661 65 184 298 49 70 222 1614 929 376 191 44 117 685 249 45 85
internal_count=13209 6004 4104 7205 1220 922 630 288 1900 1878 6575 4844 375 4469 2523 1946 342 361 2884 2617 961 1656 244 256 152 168 1147 561 731 104 1731 86 267 771 76 661 65 184 298 49 70 222 1614 929 376 191 44 117 685 249 45 85
is_linear=0
shrinkage=0.1


Tree=20
num_leaves=48
num_cat=0
split_feature=0 5 6 7 0 6 7 7 6 7 6 7 6 7 6 7 2 7 6 7 2 6 6 7 4 7 6 6 7 7 6 1 7 6 1 2 5 7 5 2 0 1 7 7 5 0 1
split_gain=100.827 28.017 27.4966 27.4474 21.8203 20.5812 62.7532 54.7558 19.9011 19.0599 19.8809 19.0172 35.3955 15.5141 10.5291 9.94567 8.16364 7.32661 10.384 11.0667 7.02387 6.99405 6.85747 5.98833 5.7206 4.63516 5.39925 4.57298 3.82891 3.63131 6.18797 4.97371 3.57894 3.43401 2.91604 2.76206 2.64465 2.43753 2.31353 2.30796 2.22024 1.5412 1.4794 1.29898 0.729969 0.821021 0.174465
threshold=0.34308078885078436 -0.0177543181926012 1.0641517043113711 0.90097925066947948 1.555300295352936 -0.67958664894103993 0.59746193885803234 -0.8305620253086089 -0.79614672064781178 -1.3331070542335508 0.85434362292289745 0.61238902807235729 -0.69357389211654652 1.1945451498031618 1.0455021262168886 1.1995208859443667 0.92792367935180675 -1.4027667641639707 -0.43714176118373865 0.54770502448081981 0.38506352901458746 1.4744431376457217 1.7401999831199648 -0.9649057388305663 -1.1729704737663267 0.92585772275924694 -0.95933079719543446 0.93360447883605968 -1.4027667641639707 -1.4326209425926206 1.3112590312957766 -0.16140905022621152 -1.4127181172370908 1.0035404562950136 -0.71802872419357289 0.10620921477675439 -0.11824278905987738 -1.233593165874481 0.051200911402702338 0.35452082753181463 -0.59781897068023671 0.4747277051210404 -0.73104816675186146 1.1597152948379519 -0.055784327909350388 -0.25176979601383204 -0.47947742044925684
decision_type=2 2 2 2 2 2 2 2 2 2 2 2 2 2 2 2 2 2 2 2 2 2 2 2 2 2 2 2 2 2 2 2 2 2 2 2 2 2 2 2 2 2 2 2 2 2 2
left_child=1 2 3 5 9 6 -1 -7 13 14 11 12 -11 -5 20 -13 17 21 19 -19 33 40 29 -20 -6 27 43 37 34 30 -4 -31 -29 -2 -16 41 -10 -26 -28 -30 -3 -12 -37 -27 45 -24 -46
right_child=4 16 22 8 24 7 -8 -9 36 10 35 15 -14 -15 28 -17 -18 18 23 -21 -22 -23 44 -25 25 26 38 32 39 31 -32 -33 -34 -35 -36 42 -38 -39 -40 -41 -42 -43 -44 -45 46 -47 -48
leaf_value=0.064302291618929489 0.032202368051262704 0.045836813832916649 0.020016656507822601 0.018353283261741161 -0.023629696312404816 0.019124177200120197 0.0069875182283199227 -0.016809018523668263 -0.049675105028570844 0.058870519648910047 -0.018766663867261328 0.0065809633903055557 0.011486709686492319 -0.013765105721533475 0.0028204798408960167 -0.018978496513779412 0.035815683203852838 0.019942477577831599 -0.010843960490394721 -0.010564739315529745 0.088419284540656451 -0.034328660194296388 -0.019742698935846827 -0.024416930614974356 0.0500737018708029 0.044394204895943402 -0.040268509480215257 0.042622739578493773 -0.036161927226930859 -0.0040867247025768178 -0.012952232060922407 -0.019306498300147613 0.0058525635860860355 0.07626883364504293 0.038998353909534801 -0.0062695310837755508 -0.027789354215132164 0.032994405134226974 0.0043577644866533002 0.0086575309052326094 0.011942681547038812 -0.047770109476038707 -0.029043756203064999 0.014966558509816728 -0.02719365381053649 -0.040322843424621085 -0.035589974805860007
leaf_weight=242 112 23 110 241 21 876 907 822 78 202 57 1052 718 400 37 178 36 125 498 2440 37 32 252 936 101 30 21 36 20 457 118 405 100 21 56 357 189 484 26 27 121 27 31 30 50 21 49
leaf_count=242 112 23 110 241 21 876 907 822 78 202 57 1052 718 400 37 178 36 125 498 2440 37 32 252 936 101 30 21 36 20 457 118 405 100 21 56 357 189 484 26 27 121 27 31 30 50 21 49
internal_value=-1.15109e-11 -0.00553283 -0.000635226 0.00389477 0.0137962 0.00872308 0.019059 0.00172896 -0.0112442 0.00970833 0.00693602 0.011016 0.0218905 -0.00168939 0.0331568 0.00288211 -0.0116005 -0.0120093 -0.0128881 -0.00907803 0.0498813 0.00795906 -0.0122701 -0.0197033 0.0279136 0.0292209 0.00979894 0.0321032 0.0128484 -0.00826908 0.00295381 -0.0112375 0.0155858 0.0391602 0.024605 -0.0116485 -0.0341829 0.0359431 -0.0155816 -0.0104146 0.0173563 -0.0280892 -0.00808912 0.0296804 -0.0239934 -0.0213258 -0.0313494
internal_weight=13209 9428 5217 3755 3781 2847 1149 1698 908 2932 2622 2150 920 641 310 1230 4211 4175 3999 2565 170 176 1462 1434 849 828 107 721 140 1090 228 862 136 133 93 472 267 585 47 47 144 84 388 60 372 273 99
internal_count=13209 9428 5217 3755 3781 2847 1149 1698 908 2932 2622 2150 920 641 310 1230 4211 4175 3999 2565 170 176 1462 1434 849 828 107 721 140 1090 228 862 136 133 93 472 267 585 47 47 144 84 388 60 372 273 99
is_linear=0
shrinkage=0.1


Tree=21
num_leaves=47
num_cat=0
split_feature=0 5 6 7 7 6 6 0 5 2 1 6 3 1 6 6 7 6 7 4 2 7 6 7 7 4 7 7 6 7 6 6 5 2 4 7 4 5 6 6 0 7 5 1 0 6
split_gain=82.1207 25.8907 26.4492 37.2832 17.5546 33.6625 20.0684 14.6626 13.516 7.9447 9.02162 7.90822 9.04084 7.60815 7.17248 6.91181 7.32177 6.38917 6.21922 6.18784 6.08019 5.88001 5.40241 9.82217 5.05841 4.63369 3.77721 6.16877 5.05249 3.75448 4.54325 3.70412 3.56706 3.42119 2.95549 2.89895 2.79186 2.62318 2.44536 2.37261 1.44188 1.06033 0.716923 0.667327 0.665027 0.334603
threshold=0.4752319753170014 0.025030050426721576 1.0641517043113711 -1.3679369091987608 0.90097925066947948 -0.46511617302894587 -0.90804439783096302 1.555300295352936 -0.088459771126508699 0.033772999420762069 0.79279610514640819 1.0035404562950136 -0.031584555283188813 -1.3541654348373411 0.91961723566055309 0.91029244661331188 -1.4027667641639707 1.7401999831199648 -1.3331070542335508 -0.93773308396339405 0.96446529030799877 -1.4027667641639707 -0.53038978576660145 0.63726750016212474 -0.9649057388305663 -1.1729704737663267 -1.4027667641639707 -0.8305620253086089 1.4324814677238467 0.92585772275924694 -0.80547153949737538 0.93360447883605968 -0.064478341490030275 0.30799585580825811 0.33646945655345922 -1.4127181172370908 -0.53586921095848072 -0.030703593045473095 -0.92669397592544545 1.0082028508186343 2.7873673439025883 0.68702444434165966 -0.055784327909350388 -0.32044322788715357 -0.25176979601383204 2.3975987434387211
decision_type=2 2 2 2 2 2 2 2 2 2 2 2 2 2 2 2 2 2 2 2 2 2 2 2 2 2 2 2 2 2 2 2 2 2 2 2 2 2 2 2 2 2 2 2 2 2
left_child=1 2 3 11 5 -5 -6 8 13 36 18 14 -13 33 -1 19 -17 26 -11 -15 21 34 23 -23 -24 -9 28 -28 -4 31 40 38 -12 41 39 -33 43 -38 -27 -3 -31 -2 44 -10 -19 -44
right_child=7 20 17 4 6 -7 -8 25 9 10 32 12 -14 15 -16 16 -18 42 -20 -21 -22 22 24 -25 -26 29 27 -29 -30 30 -32 35 -34 -35 -36 -37 37 -39 -40 -41 -42 -43 45 -45 -46 -47
leaf_value=0.082061615780643804 -0.0078640606254339225 0.012302252221362373 0.010496890688356122 0.013356455212102601 0.00078859648694648348 -0.0066254673723389196 -0.025897606087278632 -0.0212667282138552 -0.040866259392350918 0.031080085663525488 0.0074004610153761783 0.11396992865663309 0.035635281041921943 -0.016016747705314471 0.023320428037981469 0.035231657667424192 -0.012804426643997431 -0.017768428993359623 0.0043481307182076231 0.037505888711828347 0.036504260090609579 0.0048868606564268398 -0.0089399995026560354 -0.01300804504438785 -0.023358143386155633 0.062948544055223474 -0.015198165799726594 0.0025626104598184332 -0.019567027953513838 0.011641650497196961 -0.03288045685206141 0.038360465355476159 0.046335464443375426 0.022237171695567669 0.039625918559937016 0.0052673072014003995 0.016901941428040256 -0.011481022796997767 0.030982765703645006 -0.025747916466839937 0.041781893230619885 -0.038257723394781354 -0.025286481549431174 -0.020278817007469165 -0.036290559172630313 -0.03674379539760677
leaf_weight=23 22 57 204 1863 706 1540 469 21 20 93 33 26 34 23 216 55 75 252 1356 355 26 372 366 1748 726 25 789 260 77 65 21 36 82 25 27 100 47 106 560 23 21 24 112 74 21 33
leaf_count=23 22 57 204 1863 706 1540 469 21 20 93 33 26 34 23 216 55 75 252 1356 355 26 372 366 1748 726 25 789 260 77 65 21 36 82 25 27 100 47 106 560 23 21 24 112 74 21 33
internal_value=5.65703e-12 -0.00449417 -0.000873158 0.00290959 0.000675104 0.0043138 -0.00986317 0.0138335 0.00982344 0.00557133 0.00820348 0.0371219 0.0695803 0.0231232 0.0289733 0.0274087 0.00751853 -0.0114272 0.00606385 0.0342492 -0.0116658 -0.0120432 -0.0128114 -0.009868 -0.0185257 0.0251223 -0.00803787 -0.0107961 0.00225874 0.0262988 0.00881904 0.0288929 0.0351628 -0.00753895 0.011018 0.0140273 -0.0110954 -0.00276207 0.0323488 0.00136283 0.0190015 -0.0237216 -0.0222114 -0.0246591 -0.0191932 -0.027894
internal_weight=13209 9970 6625 4877 4578 3403 1175 3239 2390 1811 1564 299 60 579 239 508 130 1748 1449 378 3345 3319 3212 2120 1092 849 1330 1049 281 828 107 721 115 71 107 136 247 153 585 80 86 46 418 94 273 145
internal_count=13209 9970 6625 4877 4578 3403 1175 3239 2390 1811 1564 299 60 579 239 508 130 1748 1449 378 3345 3319 3212 2120 1092 849 1330 1049 281 828 107 721 115 71 107 136 247 153 585 80 86 46 418 94 273 145
is_linear=0
shrinkage=0.1


Tree=22
num_leaves=47
num_cat=0
split_feature=0 0 5 7 6 7 7 6 7 6 7 2 5 1 0 1 3 3 6 6 7 7 7 6 4 7 7 7 4 6 2 6 2 1 6 2 4 7 2 5 6 0 1 1 6 5
split_gain=68.1643 24.6949 18.8245 11.7673 16.8723 13.6121 9.77965 9.57596 9.6881 9.24484 13.7875 9.11776 9.08196 11.705 9.64637 8.91069 9.82032 8.76413 8.31367 10.5765 11.9219 10.555 8.28876 7.91901 7.53346 7.28991 7.08321 5.91162 5.35626 5.09717 5.0298 4.38239 3.99054 3.56684 3.37786 2.80082 1.94575 1.75275 1.45977 1.33413 0.795076 0.788905 0.63082 1.17072 0.505058 0.467112
threshold=-0.11215612664818762 0.89637720584869396 -0.17435522377490995 1.1945451498031618 -0.90804439783096302 0.80146539211273204 1.6572846770286562 1.0828012824058535 0.76663553714752208 -0.68424907326698292 -1.2186661362648008 0.59780585765838634 -0.201484240591526 -0.081891953945159898 -1.288529574871063 -0.87706288695335377 -0.014515311457216738 0.10125454515218736 -0.81945872306823719 -0.76350992918014515 0.77161121368408214 1.1995208859443667 0.66712164878845226 -0.92669397592544545 -0.68645676970481861 1.2094722390174868 0.91590631008148204 -1.3878396749496458 -0.53586921095848072 0.93360447883605968 -0.42824946343898768 -0.81945872306823719 -0.61766323447227467 -0.79754582047462452 -0.69357389211654652 0.10620921477675439 0.245582289993763 0.68204873800277721 0.0947418548166752 -0.061304569244384759 1.1387501358985903 -0.6830744445323943 -0.47947742044925684 -1.4336825609207151 -0.94068118929862965 0.060602935031056411
decision_type=2 2 2 2 2 2 2 2 2 2 2 2 2 2 2 2 2 2 2 2 2 2 2 2 2 2 2 2 2 2 2 2 2 2 2 2 2 2 2 2 2 2 2 2 2 2
left_child=6 2 15 4 11 -6 12 8 9 31 -11 -4 13 17 -15 36 28 30 21 22 -21 24 -20 25 -14 -10 -25 40 -17 -16 -1 -3 -19 38 -18 -23 37 -2 -5 -35 -9 44 43 -29 45 -8
right_child=1 7 3 33 5 -7 41 27 23 10 -12 -13 18 14 29 16 34 32 19 20 -22 35 -24 26 -26 -27 -28 42 -30 -31 -32 -33 -34 39 -36 -37 -38 -39 -40 -41 -42 -43 -44 -45 -46 -47
leaf_value=-0.005882468262083225 0.011017018668831161 0.02084309376878082 0.023324847887340353 -0.025495878751907088 0.0037496952732651574 -0.014406741758991088 -0.047968086387429922 0.034969687880948189 0.032614352313177178 0.032292839668781687 0.0066243660516677981 0.09415605137124658 0.046999776382262839 -0.039701801360301353 0.038612510241090331 -0.0027757221319038294 0.076469100319469976 0.06089726902544499 -0.032147365732617512 -0.0054924723878654047 -0.022261957636677682 -0.013912418077543618 -0.0098673358984972346 0.006100189779857418 0.0071162108914256941 -0.0062369987538862803 -0.028450025784042782 -0.037976993523214181 0.035867604689593331 0.0066783233111522887 -0.036879476253518166 0.043204092048359836 0.0086071036411104387 -0.047494866326451307 0.033877578681265869 0.0071642467847347945 0.02986111789941788 -0.017523844819515945 -0.0023225953080901157 -0.024555987634179793 0.0079730217965940636 -0.049371859863881144 -0.040012801039431778 -0.0096628850279375927 -0.019743157903264679 -0.028999163403162078
leaf_weight=148 39 128 199 36 2881 482 21 20 173 371 480 20 53 23 154 58 60 20 321 4326 470 348 348 248 445 67 78 23 94 74 81 278 54 35 27 77 20 48 111 92 24 31 21 40 28 34
leaf_count=148 39 128 199 36 2881 482 21 20 173 371 480 20 53 23 154 58 60 20 321 4326 470 348 348 248 445 67 78 23 94 74 81 278 54 35 27 77 20 48 111 92 24 31 21 40 28 34
internal_value=-3.52235e-12 0.00769271 0.00337592 0.00137097 0.00289882 0.00114743 -0.00670823 0.0169901 0.0188465 0.0237383 0.0178147 0.0297935 -0.00623114 0.00605102 0.0220214 0.0257201 0.0364578 -0.00717859 -0.00729632 -0.0087789 -0.00713585 0.00148194 -0.0205578 0.0079826 0.0113608 0.0217684 -0.00216643 -0.00944929 0.0211221 0.0282479 -0.0168465 0.0361543 0.0227396 -0.0186027 0.063251 -0.0100938 0.0017359 -0.00472966 -0.00799769 -0.0308777 0.0202442 -0.03576 -0.025003 -0.0199998 -0.030676 -0.0362418
internal_weight=13209 6153 4202 3856 3582 3363 7056 1951 1823 1257 851 219 6942 554 251 346 239 303 6388 5465 4796 923 669 566 498 240 326 128 152 228 229 406 74 274 87 425 107 87 147 127 44 114 84 63 83 55
internal_count=13209 6153 4202 3856 3582 3363 7056 1951 1823 1257 851 219 6942 554 251 346 239 303 6388 5465 4796 923 669 566 498 240 326 128 152 228 229 406 74 274 87 425 107 87 147 127 44 114 84 63 83 55
is_linear=0
shrinkage=0.1


Tree=23
num_leaves=60
num_cat=0
split_feature=0 2 5 1 6 6 5 6 7 6 6 7 6 7 6 7 6 7 6 7 7 7 3 7 6 4 7 1 5 7 7 6 5 0 6 7 7 6 7 2 2 6 4 6 7 0 6 1 5 5 6 5 3 4 6 3 5 0 7
split_gain=55.3313 21.2355 22.7283 12.1513 13.2391 11.6 9.61041 9.35784 11.9016 12.1039 9.13766 8.97215 9.05632 10.0292 8.94949 15.6854 24.0103 27.1002 19.8953 13.7963 10.1227 7.48923 5.95594 5.82429 5.39299 8.25593 5.87333 6.85205 5.37127 4.85029 4.85015 9.26819 5.58444 4.44894 4.30091 4.52269 3.50346 3.4852 3.20881 2.94471 2.57072 2.06827 1.86683 1.77669 1.74248 1.60598 1.43182 1.28474 1.20955 1.19032 1.12705 1.12484 0.922001 0.845079 0.820664 0.71934 0.576185 0.301691 0.261568
threshold=-0.074712850153446184 0.41052182018756872 -0.11659124121069907 -1.2746483683586118 -0.72154828906059254 -0.74952268600463856 -0.035413825884461396 1.0874636769294741 0.92585772275924694 -0.8287835121154784 -0.92203158140182484 0.87610077857971203 1.0455021262168886 -1.3331070542335508 1.3252462744712832 -1.1490064263343809 -0.13874802738428113 0.60243764519691478 0.91961723566055309 -1.4127181172370908 -0.33299268782138819 1.2094722390174868 -0.3557185679674148 -1.3231557011604307 -0.45112895965576166 -1.1052505970001218 0.98059034347534191 -0.16140905022621152 -0.029536565765738484 -1.4127181172370908 -0.9649057388305663 0.97556608915328991 0.17900933325290683 -0.64131078124046315 -0.90338197350502003 1.2343507409095766 -1.3380827307701109 1.3112590312957766 -0.88529464602470387 -0.56733056902885426 -0.15806053578853604 -0.76350992918014515 -0.69358518719673146 1.7401999831199648 0.816392481327057 0.93397757411003124 1.2599726319313052 -0.79754582047462452 -0.01982233393937349 -0.021057614125311371 -0.27395768463611597 -0.12526765465736386 0.025624786503612999 -0.72120773792266835 0.49067625403404241 -0.12687766551971433 -0.13049817085266111 0.39725571870803839 -0.5519232153892516
decision_type=2 2 2 2 2 2 2 2 2 2 2 2 2 2 2 2 2 2 2 2 2 2 2 2 2 2 2 2 2 2 2 2 2 2 2 2 2 2 2 2 2 2 2 2 2 2 2 2 2 2 2 2 2 2 2 2 2 2 2
left_child=6 2 3 44 5 -5 14 8 10 21 52 12 13 -4 15 18 17 -17 33 -20 -18 -10 -6 -12 25 -8 27 -27 -11 -14 31 40 -33 -1 35 -13 37 48 47 54 -26 -28 -41 51 50 46 -38 53 -9 -36 -2 -40 -3 -16 -32 -47 -49 -46 -45
right_child=1 7 11 4 22 -7 24 36 9 28 23 34 29 -15 38 16 20 -19 19 -21 -22 -23 -24 -25 30 26 41 -29 -30 -31 39 32 -34 -35 49 -37 45 -39 43 42 -42 -43 -44 58 57 55 -48 56 -50 -51 -52 -53 -54 -55 -56 -57 -58 -59 -60
leaf_value=0.072931070714012572 0.015011969492163347 0.054893995225429537 0.025834924875662531 0.027522994986011684 -0.029204351609306678 0.075140215916144379 0.057729375949129462 0.041359652011819625 0.028266370423344518 -0.058462167776112142 0.041934921690041115 0.0042917234512666862 0.0073892834892167764 0.0013800189773236012 -0.024185619241109603 0.025952384116584966 -0.01024762945117914 -0.0048795912301305543 0.024693405577815627 -0.0081956440502210463 -0.0378146627267359 -0.0038957925433883581 0.01376786663790671 0.019279003482402055 0.0060977612980839258 0.0093490647492581042 -0.011876928317579407 -0.0070253684981385761 -0.01037990385824724 -0.019861737251071099 -0.023883185866621456 -0.019160466429363095 0.022665323253188818 0.03419703329154463 -0.043249418468851795 -0.020963271149219229 -0.018002202785018281 -0.016840370744466784 -0.0074067936575209553 -0.0046732934399002814 0.036871589943202158 -0.025488423377635978 -0.018291606159275737 -0.010775823215954007 -0.021025367656016147 -0.01371225502122851 0.0033700862198794653 -0.013218813117362503 0.012707206780592409 -0.022878401320224676 -0.012898799889864258 0.010366391685173506 0.085258468929678199 -0.0047562054152252113 -0.040230450127273804 -0.037251864959086688 -0.021333539312678007 -0.036763655110484079 -0.025699359615859781
leaf_weight=38 23 20 183 255 35 64 20 34 176 30 126 156 85 2006 27 371 311 1231 201 349 233 123 411 1141 153 320 399 1269 103 282 56 363 35 135 38 130 44 23 55 118 33 155 685 24 29 34 109 129 26 117 39 101 20 131 68 21 272 21 23
leaf_count=38 23 20 183 255 35 64 20 34 176 30 126 156 85 2006 27 371 311 1231 201 349 233 123 411 1141 153 320 399 1269 103 282 56 363 35 135 38 130 44 23 55 118 33 155 685 24 29 34 109 129 26 117 39 101 20 131 68 21 272 21 23
internal_value=-1.51444e-11 0.00719925 0.00285789 0.0170174 0.0215213 0.0370763 -0.00581853 0.0154842 0.0182616 0.003872 0.0230177 -0.00128555 0.000987163 0.00342444 -0.00217001 0.000388569 -0.0039032 0.00226065 0.0131274 0.00382381 -0.0220548 0.0150358 0.0103956 0.0215321 -0.00942435 -0.00622215 -0.00681899 -0.00372781 -0.0212255 -0.0135502 -0.0140083 -0.00687028 -0.0154823 0.0427051 -0.014458 -0.00718782 -0.00111332 0.0162565 -0.0118033 -0.0185052 0.0115576 -0.0156852 -0.0162904 -0.00103484 -0.013746 -0.00804454 -0.00277619 -0.0157138 0.0289436 -0.0278726 -0.0025448 0.0041002 0.0700762 -0.00807642 -0.0328478 -0.0227001 -0.0187231 -0.0276354 -0.0180788
internal_weight=13209 5904 3874 877 765 319 7305 2030 1739 432 1307 2997 2556 2189 3631 2869 2146 1602 723 550 544 299 446 1267 3674 2163 2143 1589 133 367 1511 584 398 173 441 286 291 83 762 927 186 554 803 203 112 208 153 559 60 155 62 156 40 158 124 55 401 50 47
internal_count=13209 5904 3874 877 765 319 7305 2030 1739 432 1307 2997 2556 2189 3631 2869 2146 1602 723 550 544 299 446 1267 3674 2163 2143 1589 133 367 1511 584 398 173 441 286 291 83 762 927 186 554 803 203 112 208 153 559 60 155 62 156 40 158 124 55 401 50 47
is_linear=0
shrinkage=0.1


Tree=24
num_leaves=55
num_cat=0
split_feature=0 2 5 1 6 7 6 7 6 7 0 0 4 7 5 1 7 6 7 7 6 7 6 7 0 7 2 7 5 7 6 6 7 6 2 7 3 4 7 5 0 0 4 4 6 2 4 4 4 6 5 1 5 0
split_gain=44.8346 17.3965 20.0534 13.3493 12.0743 9.3409 8.63615 17.4964 64.7391 14.6537 10.7549 7.8936 7.57099 7.24126 7.19838 11.251 7.18839 14.5352 17.6173 15.862 9.10216 8.33105 6.20948 6.15812 5.87721 5.7344 5.65612 8.55281 6.76044 5.3055 13.6176 7.20912 5.14719 4.36335 3.95685 3.51101 3.24426 3.02254 5.69301 2.13125 2.06824 1.79993 1.78777 1.71938 3.97806 1.6307 3.46089 1.62663 1.6173 1.57694 1.33007 1.28485 0.80286 0.289949
threshold=-0.091653969138860689 0.39354953169822698 -0.10150033980607985 -0.95657998323440541 -0.70289868116378773 0.58751058578491222 0.93360447883605968 -0.71612107753753651 -0.14807283133268354 0.85619801282882702 0.687035232782364 -0.91341605782508839 -0.41290418803691858 -1.4027667641639707 -0.1958191320300102 -0.081891953945159898 -1.1390549540519712 -0.46511617302894587 -0.47231210768222803 0.60741335153579723 0.91961723566055309 -1.4176937937736509 -0.69357389211654652 1.149763882160187 0.45902402698993688 1.6572846770286562 -0.61013802886009205 0.59248626232147228 -0.26826183497905726 -1.3878396749496458 1.241322994232178 -0.14807283133268354 -1.2833501100540159 1.3112590312957766 -1.2337106466293333 -1.2286174893379209 -0.15202578157186505 -0.75328555703163136 0.61238902807235729 -0.074882786720991121 1.9124253392219546 -1.1452763080596922 0.76952010393142711 -0.98139455914497364 0.93360447883605968 -0.79335767030715931 -0.14558897912502286 0.085193160921335234 -0.31577967107295984 -0.73087310791015614 -0.089488822966814027 -1.4336825609207151 -0.1402926295995712 -0.61326760053634632
decision_type=2 2 2 2 2 2 2 2 2 2 2 2 2 2 2 2 2 2 2 2 2 2 2 2 2 2 2 2 2 2 2 2 2 2 2 2 2 2 2 2 2 2 2 2 2 2 2 2 2 2 2 2 2 2
left_child=11 2 3 42 5 -5 7 24 9 -9 -10 34 -6 33 15 26 20 19 -19 -18 32 -22 23 -17 -3 29 27 -13 -28 30 -16 -31 -4 39 37 -26 -24 -1 -39 -8 50 43 47 44 -36 46 -43 -2 -42 -40 -15 -45 -47 -27
right_child=1 6 16 4 12 -7 13 8 10 -11 -12 14 -14 40 25 22 17 18 -20 -21 21 -23 36 -25 35 53 28 -29 -30 31 -32 -33 -34 -35 41 -37 -38 38 49 -41 48 45 -44 51 -46 52 -48 -49 -50 -51 -52 -53 -54 -55
leaf_value=-0.020770014302227007 -0.0065323735786409209 0.091272944509983078 0.049331478051402991 0.054719967566668741 -0.0026220325160744217 0.02147059625859897 0.054925839717992968 0.028005144582188047 -0.041513266046650898 0.0058316000707138785 -0.11731003638770846 0.035659314595783746 0.022123865886533169 -0.018242343253621909 0.02801741632552834 0.057337191925904196 0.017023683368835401 -0.0086811191255121885 -0.05397413012105972 -0.0060709632397491263 0.0137206774892632 -0.015457560420487619 -0.018434481395524928 0.0045522903482760153 0.047001189439654797 -0.029728205159306527 -0.060668264659902743 -0.023598770070366745 -0.007520918814199311 -0.0015191382537105213 -0.0095185672944054431 -0.00967725260272791 0.014244251140917187 -0.01204791907966137 0.021207697135515704 0.024797510305468583 0.019522161727869199 0.063301418083719904 -0.0077931052478759193 0.02318597973291097 -0.0013511246566971144 -0.01998339981675662 0.011873014080218781 0.0045777595028854336 -0.022896097938335219 -0.0043619406307116157 0.010204856002766809 -0.028483920127407393 0.032724334358779465 0.025841398675693201 -0.0031404990434710841 -0.018080701092732122 -0.012424806160988048 -0.044673712606783267
leaf_weight=29 145 20 51 131 255 238 34 652 39 549 36 60 240 73 173 77 385 302 120 1307 172 227 32 31 134 25 31 41 105 2472 219 1928 232 25 39 152 76 20 46 56 30 58 39 26 43 150 110 44 26 20 290 668 699 27
leaf_count=29 145 20 51 131 255 238 34 652 39 549 36 60 240 73 173 77 385 302 120 1307 172 227 32 31 134 25 31 41 105 2472 219 1928 232 25 39 152 76 20 46 56 30 58 39 26 43 150 110 44 26 20 290 668 699 27
internal_value=-1.29652e-11 0.00638217 0.00241112 0.0139029 0.0195827 0.0332746 0.0136787 0.0173904 0.0122404 0.0178692 -0.0778957 -0.00531833 0.00937598 0.00268269 -0.0033318 0.00872287 -0.0020771 -0.00495706 -0.0215606 -0.000815976 0.00684994 -0.00287947 0.0252309 0.042186 0.0388655 -0.00445912 -0.00632238 0.0116041 -0.0196354 -0.00410071 0.00704706 -0.00509388 0.0205674 0.0249104 -0.0108333 0.0352006 0.00827575 0.0071482 0.0165625 0.0351766 -0.00341799 -0.0119866 -0.00762035 -0.0156138 -0.0019199 -0.00921901 -0.00021728 -0.0116428 0.0144696 0.00239917 -0.00617751 -0.0172318 -0.0110003 -0.0374884
internal_weight=13209 6004 3888 1092 864 369 2116 1582 1276 1201 75 7205 495 534 5297 453 2796 2114 422 1692 682 399 216 108 306 4844 237 101 136 4792 392 4400 283 115 1908 286 108 115 86 90 419 1793 228 776 82 1017 168 189 56 66 363 694 849 52
internal_count=13209 6004 3888 1092 864 369 2116 1582 1276 1201 75 7205 495 534 5297 453 2796 2114 422 1692 682 399 216 108 306 4844 237 101 136 4792 392 4400 283 115 1908 286 108 115 86 90 419 1793 228 776 82 1017 168 189 56 66 363 694 849 52
is_linear=0
shrinkage=0.1


Tree=25
num_leaves=48
num_cat=0
split_feature=0 5 6 7 6 7 6 6 7 2 5 1 4 7 6 7 6 7 6 6 5 7 6 2 5 7 2 4 7 6 3 5 2 6 2 1 5 6 7 6 2 2 5 3 5 7 0
split_gain=36.4402 16.9708 18.1362 18.4846 19.3057 28.1738 27.8204 19.1614 12.5682 9.68323 8.22001 6.64604 5.97546 5.73148 7.21156 17.0682 20.7046 11.1977 23.6864 6.40079 5.51866 4.95945 6.02537 4.61416 5.13277 4.32714 4.25537 4.04333 3.02842 3.65179 2.70513 2.46377 2.37819 2.14607 1.99017 1.92019 1.9059 1.86165 1.51372 1.36106 1.25756 0.965466 0.845495 0.640974 0.943978 0.557768 0.173766
threshold=-0.17162023484706876 0.028193804435431961 1.0548269152641299 0.77161121368408214 -0.68424907326698292 -0.8405134081840514 -0.76350992918014515 -0.87074515223503102 1.1995208859443667 0.96446529030799877 -0.074882786720991121 1.8265182971954348 -0.16608314961194989 1.6572846770286562 -0.14807283133268354 0.60243764519691478 -0.68424907326698292 -0.53699612617492665 0.91961723566055309 -0.81945872306823719 -0.16965033113956449 -1.4127181172370908 1.4511310458183291 -0.89132982492446888 -0.20831828564405439 0.90097925066947948 0.29786098003387457 -0.99386927485465992 -1.3331070542335508 1.0082028508186343 -0.26002034544944758 0.19857959449291232 1.0000000180025095e-35 -0.6516122817993163 -0.56733056902885426 1.2698986530303957 0.031378297135233886 0.49067625403404241 1.3288888335227969 0.95691645145416271 1.2166439294815066 -0.55851405858993519 0.17413375526666644 -0.17200540006160733 -0.11515248939394949 -0.8703675866127013 -0.95586046576499928
decision_type=2 2 2 2 2 2 2 2 2 2 2 2 2 2 2 2 2 2 2 2 2 2 2 2 2 2 2 2 2 2 2 2 2 2 2 2 2 2 2 2 2 2 2 2 2 2 2
left_child=11 2 3 4 6 -6 -2 8 -5 25 -9 13 23 14 15 16 -1 18 -16 -17 -19 22 32 37 -25 26 31 -11 29 41 45 -3 -4 -28 -30 -32 -26 -13 42 40 -29 -14 -27 -15 -45 -23 -46
right_child=1 9 21 7 5 -7 -8 10 -10 27 -12 12 28 43 17 19 -18 20 -20 -21 -22 30 -24 24 36 38 33 39 34 -31 35 -33 -34 -35 -36 -37 -38 -39 -40 -41 -42 -43 -44 44 46 -47 -48
leaf_value=0.045000351104558772 0.011028228401762966 -0.0042955864242862378 -0.0077919908640224763 0.018857124257843638 0.018594693817866281 -0.0072970623761471932 0.043836135219341037 -0.040114939809019604 -0.010326348415689525 0.060446836724877363 -0.0082547440699807881 -0.0084257603660225881 0.010051323473453522 -0.012239686334505678 0.016700442798871652 0.0008592403242178167 0.0012054689360106586 -0.061552305669368562 -0.010551720979614787 -0.0092434733795669684 -0.017814027611534399 -0.02095041391883223 -0.041806345839392058 0.042952636239351707 0.0052085917484660394 -0.012092635035874282 0.01428920706088144 0.0082082529954704241 0.030053262971341612 0.077147627677768477 -0.005417283697384109 -0.017190483321722311 0.019444520916547438 -0.00033121169691807347 -0.01353236319158565 -0.032408905268779827 -0.016225483439241847 -0.047017446145415309 -0.040912879387969558 -0.0081243510107294869 0.026579700572335205 0.040751138590276244 -0.027581447453760524 -0.051211446970701215 -0.021312787598281199 -0.038837055286223242 -0.031172390444538536
leaf_weight=154 556 617 41 514 1157 660 483 107 207 20 333 25 21 20 392 987 361 30 1711 1720 751 84 22 32 179 251 155 81 20 20 449 195 147 285 22 28 54 25 23 26 69 20 41 20 33 22 39
leaf_count=154 556 617 41 514 1157 660 483 107 207 20 333 25 21 20 392 987 361 30 1711 1720 751 84 22 32 179 251 155 81 20 20 449 195 147 285 22 28 54 25 23 26 69 20 41 20 33 22 39
internal_value=1.51951e-12 0.00527748 0.00835374 0.011082 0.0154071 0.00918987 0.0262796 0.000442618 0.0104785 -0.00311549 -0.0160026 -0.00522738 0.0069784 -0.0060479 -0.00563672 -0.00238531 0.0143014 -0.00926918 -0.00547191 -0.00555992 -0.0194941 -0.00546649 0.00771016 0.000141479 0.00539866 -0.00573655 -0.00310071 0.0178397 0.0278874 0.0421156 -0.0102128 -0.00739227 0.0135046 0.00481916 0.0072227 -0.0070017 0.000241038 -0.0277216 -0.016213 0.0129979 0.0166591 0.0250268 -0.0142674 -0.0284649 -0.0319921 -0.0246627 -0.0266534
internal_weight=13209 6573 4810 4017 2856 1817 1039 1161 721 1763 440 6636 418 6218 6106 3222 515 2884 2103 2707 781 793 210 315 265 1567 1252 196 103 61 583 812 188 440 42 477 233 50 315 176 150 41 292 112 92 106 72
internal_count=13209 6573 4810 4017 2856 1817 1039 1161 721 1763 440 6636 418 6218 6106 3222 515 2884 2103 2707 781 793 210 315 265 1567 1252 196 103 61 583 812 188 440 42 477 233 50 315 176 150 41 292 112 92 106 72
is_linear=0
shrinkage=0.1


Tree=26
num_leaves=54
num_cat=0
split_feature=0 3 0 1 6 7 7 7 6 6 6 5 6 7 6 6 7 7 7 7 6 0 7 7 6 4 6 7 6 7 5 7 6 7 5 4 7 6 7 7 0 6 3 6 6 4 5 1 2 6 4 3 1
split_gain=29.6254 13.9258 10.5437 9.70232 7.61502 21.7939 19.9983 12.1135 8.31033 8.21965 6.95152 6.73347 7.18871 9.09442 20.2665 13.5863 17.7138 7.42182 6.76389 6.50229 8.31833 6.49551 5.65943 5.64604 7.20722 5.18004 4.78735 3.61459 4.11111 13.1216 4.93649 2.91375 4.29999 5.37028 3.94465 3.81743 3.32677 2.89487 3.43613 2.39356 2.2768 1.93162 2.12136 1.61524 1.2491 0.858867 0.606992 0.475068 0.315524 0.272324 0.343995 0.163848 0.137024
threshold=-0.074712850153446184 -0.070491645485162721 1.2235738039016726 1.7470012307167055 -0.53038978576660145 0.1496495604515076 -0.21855174750089643 0.59746193885803234 -0.69357389211654652 -0.93135637044906605 0.91961723566055309 0.025030050426721576 1.7401999831199648 -1.0693953037261961 0.91961723566055309 -0.14807283133268354 0.59248626232147228 -0.17874620109796521 -1.4027667641639707 0.90097925066947948 -0.90338197350502003 -0.88181182742118824 -1.4176937937736509 -1.4326209425926206 -0.70756107568740834 -0.92436730861663807 -0.93135637044906605 -1.2087146639823911 -0.48376578092575068 -0.9649057388305663 0.12539523839950564 -1.3878396749496458 -0.23199606686830518 0.6322917938232423 0.38566105067729956 -0.78803655505180348 0.66712164878845226 0.9709036946296693 -1.4127181172370908 -0.8703675866127013 0.50094479322433483 1.0641517043113711 -0.031584555283188813 0.97556608915328991 -0.31125690042972559 0.13063674420118335 -0.067508667707443223 -0.24092613905668256 -0.17977339029312131 2.3975987434387211 -0.82189646363258351 0.24967445433139804 -0.47947742044925684
decision_type=2 2 2 2 2 2 2 2 2 2 2 2 2 2 2 2 2 2 2 2 2 2 2 2 2 2 2 2 2 2 2 2 2 2 2 2 2 2 2 2 2 2 2 2 2 2 2 2 2 2 2 2 2
left_child=11 2 3 19 5 -3 10 8 -7 -9 25 12 13 14 21 16 -15 -17 -16 20 -2 -1 -12 -5 -25 -6 -21 37 30 -30 -29 41 33 35 43 -33 -35 45 -39 -36 44 42 -13 -34 -8 -4 47 48 -14 50 -48 -49 -51
right_child=1 4 27 23 6 7 40 9 -10 -11 22 31 46 15 18 17 -18 -19 -20 26 -22 -23 -24 24 -26 -27 -28 28 29 -31 -32 32 34 36 39 -37 -38 38 -40 -41 -42 -43 -44 -45 -46 -47 49 51 -50 52 -52 -53 -54
leaf_value=0.084138003056463989 0.040615843812345849 0.11032291406393052 0.027699999789784265 0.065206684136333376 -0.022879010414623698 0.049518052835666924 -0.013666353654116392 0.024388834495414725 0.013526238665521682 0.0022223545871638776 0.018420139156256076 0.0021772404129688557 -0.016022633553615641 0.021172192941290423 0.010786228804361253 -0.0071676638401751043 -0.0028716516554173023 -0.025130490161045599 -0.0077774141699083589 -0.0059879721742948861 -0.0010027262757976916 0.028079633225285103 -0.0058882522928753178 0.053394734838770497 0.0017883585770229954 0.026680327427512085 -0.027724502603862656 0.012701818436776058 0.01030297524756657 -0.06102687858045102 -0.037842209041118624 0.04785436306680952 -0.013360150500336874 -0.017221253081071499 0.03274108956878384 0.0034499343560685613 -0.0058115754926749271 0.03238167674384184 -0.0021596111718099565 -0.012901876270771027 -0.072293377170960113 -0.0098024186212569489 0.042974887870252138 -0.023046156461076703 -0.045337495100543357 0.048596324430157739 -0.0052316923253238204 -0.014811073521820782 -0.0050188485715611311 -0.020720021008746699 -0.019598215666133914 -0.024762409100575106 -0.032285539459969315
leaf_weight=23 49 25 109 26 23 152 20 248 111 514 144 26 35 371 336 818 1760 320 472 308 2412 204 286 36 109 254 151 571 98 35 20 21 530 334 27 248 1088 45 80 20 21 30 25 255 33 24 20 78 102 20 100 21 21
leaf_count=23 49 25 109 26 23 152 20 248 111 514 144 26 35 371 336 818 1760 320 472 308 2412 204 286 36 109 254 151 571 98 35 20 21 530 334 27 248 1088 45 80 20 21 30 25 255 33 24 20 78 102 20 100 21 21
internal_value=-3.98356e-12 0.00526786 0.00201156 -0.000856221 0.0125114 0.0180733 0.00503383 0.0158233 0.0343276 0.00943664 0.0102108 -0.00425756 -0.00199794 -0.000810287 0.00735908 -0.0033968 0.0013143 -0.0122187 -5.78795e-05 -0.00221202 -0.000174075 0.0337596 0.00225223 0.0222954 0.014601 0.0225653 -0.0131388 0.0110384 0.00741664 -0.00846804 0.0109914 -0.00833684 -0.0089362 -0.00604043 -0.0148217 0.00691645 -0.00849149 0.0212016 0.0102753 0.0133186 -0.0444274 0.0103322 0.0221761 -0.0165066 -0.0333861 0.0314708 -0.0148737 -0.011644 -0.00783003 -0.0196078 -0.0172038 -0.016922 -0.0266438
internal_weight=13209 5904 4073 3091 1831 1050 781 1025 263 762 707 7305 4701 4304 1035 3269 2131 1138 808 2920 2461 227 430 171 145 277 459 982 724 133 591 2604 2523 1691 832 269 1422 258 125 47 74 81 51 785 53 133 397 236 137 161 120 99 41
internal_count=13209 5904 4073 3091 1831 1050 781 1025 263 762 707 7305 4701 4304 1035 3269 2131 1138 808 2920 2461 227 430 171 145 277 459 982 724 133 591 2604 2523 1691 832 269 1422 258 125 47 74 81 51 785 53 133 397 236 137 161 120 99 41
is_linear=0
shrinkage=0.1


Tree=27
num_leaves=53
num_cat=0
split_feature=2 5 6 7 6 7 7 6 7 6 7 0 7 6 6 7 7 4 4 7 7 7 6 7 5 6 7 7 7 0 7 6 0 7 3 2 6 2 0 2 6 7 6 1 4 1 2 1 4 0 0 1
split_gain=26.5256 14.7226 11.5073 17.2099 39.0199 28.1283 27.875 8.96127 10.3034 7.49504 46.0947 22.611 16.2383 12.7233 7.31974 14.1181 9.50189 6.43678 4.75725 4.10366 4.00583 3.97518 3.82398 4.50948 2.84461 3.42942 7.97709 3.32202 3.16216 3.16008 2.63303 2.51609 2.41512 2.18149 2.09583 2.03583 2.75839 1.72153 1.71633 1.62468 1.50413 2.69107 3.3663 2.41146 1.21997 1.12563 0.807845 0.651178 0.759936 0.63807 0.467153 0.196394
threshold=0.29786098003387457 -0.018925157375633713 1.0641517043113711 0.64224320650100719 -0.68891149759292591 -0.8305620253086089 0.57755917310714733 1.3112590312957766 1.189569413661957 -0.45112895965576166 -0.47231210768222803 0.62023958563804638 0.17950371652841571 0.91961723566055309 -0.90338197350502003 1.1597152948379519 0.80146539211273204 -0.88516107201576222 0.38904145359992987 1.6572846770286562 -1.2933015227317808 -0.86041617393493641 -0.64228743314743031 0.64224320650100719 0.20510650426149371 -0.51174020767211903 0.40340991318225866 -1.4027667641639707 -0.87534326314926136 0.4752319753170014 -0.059329558163881295 1.0874636769294741 -0.30686116218566889 -1.1390549540519712 0.1743787229061127 0.59780585765838634 -0.79614672064781178 5.7799515724182138 0.48727667331695562 0.41868437826633459 1.9500080943107607 -1.4326209425926206 1.1061133742332461 -0.16140905022621152 -0.99386927485465992 -0.55899453163146962 -0.36808903515338892 0.79279610514640819 -0.43518047034740442 -0.11215612664818762 -0.25176979601383204 -0.32044322788715357
decision_type=2 2 2 2 2 2 2 2 2 2 2 2 2 2 2 2 2 2 2 2 2 2 2 2 2 2 2 2 2 2 2 2 2 2 2 2 2 2 2 2 2 2 2 2 2 2 2 2 2 2 2 2
left_child=1 2 3 4 6 -6 -1 8 9 12 13 -12 30 -11 15 -5 -16 -14 24 35 31 44 23 -22 25 26 -3 -27 32 -30 -2 46 -26 -24 38 45 -37 49 39 -23 41 42 -4 -43 -9 -10 -20 48 -46 -36 51 -42
right_child=7 18 40 14 5 -7 -8 21 19 10 11 -13 17 -15 16 -17 -18 -19 20 -21 22 34 33 -25 28 27 -28 -29 29 -31 -32 -33 -34 -35 37 36 -38 -39 -40 -41 50 43 -44 -45 47 -47 -48 -49 -50 -51 -52 -53
leaf_value=0.05834639215497428 0.052302436800673605 0.033507102515755428 0.033232427593920325 0.021762784256358924 0.011279490567686082 -0.013097024205608735 0.015061452477230293 -0.034440002521431007 -0.0058173520380438749 0.028553814566165282 -0.017344134383424484 -0.093499564409255997 0.045267080412903699 0.005379206469824426 -0.0018659966607969319 -0.0080749297080063981 -0.021670667194530768 0.013628564738963329 0.050709606297314171 -0.039651407016550795 0.014582343721438363 0.013150633469721751 0.0059846877834449216 -0.0031627074136533068 0.023700080482023104 0.0029796960673369199 -0.0056672295552420669 -0.013579718016872508 -0.015956814737909428 -0.055513900021711984 0.10243575166572223 -0.0043641178247829284 -0.015323413269401627 -0.014852313172828683 -0.005529311647830857 0.012696930143082964 -0.017212130858873329 0.021838347169104964 0.00050166979050024962 0.049673062013018701 -0.010803888546624445 -0.0033702904379444214 -0.0015260667325512575 -0.014144175416640354 -0.0029459735065410358 -0.025574845975192842 0.023745545849204065 -0.028968254784122113 -0.015818807299221211 -0.024989603718985683 -0.030016672682194486 -0.017749402965301107
leaf_weight=219 20 54 33 259 1141 809 464 27 92 438 177 50 68 516 588 409 412 1183 20 34 184 29 60 646 35 138 1390 992 527 21 22 24 29 309 63 116 42 20 39 21 84 417 179 414 84 42 25 20 101 23 21 79
leaf_count=219 20 54 33 259 1141 809 464 27 92 438 177 50 68 516 588 409 412 1183 20 34 184 29 60 646 35 138 1390 992 527 21 22 24 29 309 63 116 42 20 39 21 84 417 179 414 84 42 25 20 101 23 21 79
internal_value=-1.54936e-11 -0.00254794 0.00089933 0.00333624 0.00837098 0.00116636 0.0289405 0.00788147 0.00993935 0.0121414 0.00638218 -0.0341185 0.0174017 0.0160191 -0.00461127 0.00349388 -0.0100255 0.0153483 -0.00682645 -0.00677164 -0.00164602 -0.00561283 -0.00299436 0.000771135 -0.00888822 -0.00743122 -0.00420226 -0.0115574 -0.0150162 -0.0174727 0.0785627 0.0217839 0.00601756 -0.0114642 0.00491142 -0.00294317 0.00474642 -0.00458812 0.0162255 0.0284901 -0.00764277 -0.00617219 0.00388445 -0.00873779 -0.0144586 -0.01201 0.0357296 -0.011827 -0.00997384 -0.0107338 -0.0159787 -0.0141701
internal_weight=13209 9982 5528 4301 2633 1950 683 3227 2800 2474 1181 227 1293 954 1668 668 1000 1251 4454 326 1268 427 1199 830 3186 2574 1444 1130 612 548 42 69 64 369 195 292 158 106 89 50 1227 1043 212 831 232 134 45 205 185 86 184 163
internal_count=13209 9982 5528 4301 2633 1950 683 3227 2800 2474 1181 227 1293 954 1668 668 1000 1251 4454 326 1268 427 1199 830 3186 2574 1444 1130 612 548 42 69 64 369 195 292 158 106 89 50 1227 1043 212 831 232 134 45 205 185 86 184 163
is_linear=0
shrinkage=0.1


Tree=28
num_leaves=54
num_cat=0
split_feature=2 5 1 6 7 7 6 7 6 7 6 0 7 6 6 0 6 7 6 6 6 7 7 3 7 1 0 4 2 1 6 6 6 7 6 3 4 5 6 3 0 0 0 6 7 6 2 0 1 4 6 1 0
split_gain=21.8818 12.2131 9.71914 12.3138 23.2073 19.6985 13.6526 13.5815 6.99003 8.22193 30.8741 15.883 12.0849 7.03156 5.94294 6.4583 5.65198 4.99286 7.36174 7.37574 8.03331 6.08284 5.9894 4.56109 3.85415 3.18633 3.12218 2.98138 2.92207 2.84392 2.25541 2.10093 1.99687 2.93437 3.5477 1.98303 1.86382 2.19341 1.14802 1.4675 1.28766 1.14546 1.04496 1.08731 1.04478 0.911876 0.65578 0.524101 0.481023 0.420019 0.411341 0.254701 0.287354
threshold=0.39354953169822698 -0.035413825884461396 -0.79754582047462452 0.91961723566055309 -1.4127181172370908 -1.233593165874481 1.1387501358985903 1.1945451498031618 1.1014509797096255 -0.8405134081840514 -0.14807283133268354 0.31181696057319647 0.85619801282882702 -0.95933079719543446 0.93360447883605968 0.44729353487491613 1.0268525481224062 0.93580910563468944 -0.81479632854461659 -0.76817232370376576 -0.51174020767211903 0.66712164878845226 0.6322917938232423 -0.079710833728313432 -1.4127181172370908 -0.081891953945159898 1.1323221921920779 -0.58844119310379017 -0.25346879661083216 -1.1951313018798826 -0.8334459364414214 1.6935760378837588 -0.90804439783096302 1.6075276732444765 -1.3369854092597959 -0.022241889499127861 -0.88516107201576222 -0.25074546039104456 1.6422895789146426 0.85141003131866466 0.48727667331695562 1.4632107615470888 1.3534731864929201 -0.13874802738428113 1.109958350658417 0.91029244661331188 1.4647160768508913 -0.71606639027595509 -0.79754582047462452 -0.40399368107318873 2.3975987434387211 -0.55899453163146962 -0.61326760053634632
decision_type=2 2 2 2 2 2 2 2 2 2 2 2 2 2 2 2 2 2 2 2 2 2 2 2 2 2 2 2 2 2 2 2 2 2 2 2 2 2 2 2 2 2 2 2 2 2 2 2 2 2 2 2 2
left_child=1 2 28 5 6 27 -5 -7 9 14 12 45 23 -14 15 -2 -6 18 22 21 -21 -20 30 -11 41 -24 -13 -4 36 -17 -3 38 33 34 -19 -26 -1 -38 39 40 -10 -16 43 -30 49 -12 -41 -35 -46 -34 51 52 -33
right_child=8 17 3 4 16 7 -8 -9 31 10 11 26 13 -15 24 29 -18 32 19 20 -22 -23 25 -25 35 -27 -28 -29 42 -31 -32 50 44 47 -36 -37 37 -39 -40 46 -42 -43 -44 -45 48 -47 -48 -49 -50 -51 -52 -53 -54
leaf_value=0.010850085371639581 0.072696349397301671 0.066634257572392622 0.023979207116072297 0.029211163783042723 -0.023713501950069573 0.0082109027768042346 -0.0063087080924489189 -0.016582995237464586 0.009040168871057009 0.014951151031978711 -0.012269418698824234 -0.055806737076580674 0.014434727900308126 -0.0063471659886139599 0.053482423759996893 0.06076161105717931 -0.007195207005120806 -0.013682401240951762 -0.026783663517605163 0.0024325428190099512 -0.0075997701860725953 -0.0063020600137849228 0.013576376877101927 0.031932394757771147 0.0083737965342343644 -0.0028771558968747092 -0.10149232432955789 0.051875523334025467 0.0031440999393973789 0.022536465322731861 0.019711855147033931 -0.0075415627099573619 -0.0029547223874500823 -0.020992959092330676 0.0058012304994630197 -0.016881231735705545 -0.032278564638229756 -0.010845934304994913 0.021809146390296519 -0.026092535443603994 -0.0042918690289651985 0.022148345916398936 -0.023411725596948107 -0.0047564869903550123 -0.01691800451770957 0.010302521355450154 -0.0054265380446689541 -0.039758962342007598 -0.027540999203236827 -0.014984366324565868 -0.027056859061121943 -0.0032048730856992984 -0.023269131392813648
leaf_weight=35 32 21 61 276 290 2168 178 246 141 422 63 52 280 389 20 21 725 198 274 1294 2083 308 201 253 171 284 21 103 311 266 20 21 35 46 177 38 53 482 24 28 149 28 22 396 70 25 34 22 109 170 25 22 26
leaf_count=35 32 21 61 276 290 2168 178 246 141 422 63 52 280 389 20 21 725 198 274 1294 2083 308 201 253 171 284 21 103 311 266 20 21 35 46 177 38 53 482 24 28 149 28 22 396 70 25 34 22 109 170 25 22 26
internal_value=-8.53945e-12 -0.00199124 0.0013831 0.00379877 -0.00350858 0.00796266 0.0152849 0.00568427 0.00831935 0.010807 0.00691844 -0.034464 0.0118757 0.00235079 0.0209674 0.0300846 -0.0119147 -0.00538719 -0.0040707 -0.00554745 -0.00375559 -0.0159446 0.00704429 0.021316 0.00965072 0.00394173 -0.0689492 0.0414995 -0.00614285 0.0253334 0.0437453 -0.00269531 -0.0125268 -0.00795185 -0.00448613 0.00378197 -0.0115066 -0.0129692 0.000647611 -0.000795221 0.00219026 0.0352042 -0.00194899 -0.00128112 -0.0178047 -0.00585694 -0.0147596 -0.0270643 -0.0233868 -0.0129305 -0.016067 -0.0120852 -0.0162419
internal_weight=13209 10658 5346 4047 1469 2578 454 2414 2551 2081 1505 161 1344 669 576 319 1015 5312 4485 3959 3377 582 526 675 257 485 73 164 1299 287 41 470 827 443 375 209 570 535 376 352 290 48 729 707 384 88 62 68 179 205 94 69 47
internal_count=13209 10658 5346 4047 1469 2578 454 2414 2551 2081 1505 161 1344 669 576 319 1015 5312 4485 3959 3377 582 526 675 257 485 73 164 1299 287 41 470 827 443 375 209 570 535 376 352 290 48 729 707 384 88 62 68 179 205 94 69 47
is_linear=0
shrinkage=0.1


Tree=29
num_leaves=41
num_cat=0
split_feature=2 7 6 6 7 6 7 6 6 0 6 7 3 7 6 6 7 7 5 5 2 4 6 1 0 6 7 0 6 7 7 2 6 5 3 2 0 5 7 7
split_gain=18.4709 13.2641 19.3319 15.2488 37.7137 31.548 27.6024 40.0263 24.7462 19.1376 13.4737 17.1953 6.64174 7.28013 5.67181 5.46342 4.91579 3.67222 3.63819 3.57556 3.18793 4.07398 3.08114 2.60511 3.76288 2.56404 8.16695 2.86967 2.00533 1.68849 1.5401 0.941584 0.928609 0.949835 1.27031 1.0124 0.729976 0.414356 0.775871 0.20737
threshold=0.58601596951484691 0.88605216145515453 -0.93135637044906605 -0.46511617302894587 -0.47231210768222803 0.91961723566055309 0.60243764519691478 -0.68891149759292591 -0.74019789695739735 -0.2990844845771789 -0.97798040509223927 1.1995208859443667 0.10545602440834047 1.154739558696747 -1.3509725928306577 1.0921261310577395 1.6075276732444765 1.6075276732444765 -0.10892172530293463 0.025030050426721576 0.96446529030799877 -0.99386927485465992 -1.2437372803688047 -0.79754582047462452 -0.39570383727550501 -0.95933079719543446 1.0900556445121767 1.1537145972251894 -0.31125690042972559 -0.44743363559246058 1.1000069975852969 -0.034162400290369981 1.6935760378837588 -0.058231521397829049 0.41368331015110021 1.6208642125129702 -0.16470763087272641 -0.027437180280685421 -0.8305620253086089 -1.0693953037261961
decision_type=2 2 2 2 2 2 2 2 2 2 2 2 2 2 2 2 2 2 2 2 2 2 2 2 2 2 2 2 2 2 2 2 2 2 2 2 2 2 2 2
left_child=1 2 -1 6 5 -5 7 -4 -8 -6 11 12 14 -14 -3 16 19 22 23 25 29 -22 -13 36 -25 27 -27 -2 30 -21 -20 -19 33 34 -17 -36 -12 -35 -39 -34
right_child=15 10 3 4 9 -7 8 -9 -10 -11 18 17 13 -15 -16 32 -18 31 28 20 21 -23 -24 24 -26 26 -28 -29 -30 -31 -32 -33 39 37 35 -37 -38 38 -40 -41
leaf_value=0.074289113953709615 0.048791767364623505 0.055034282423842409 0.03823718747037954 0.013887105591079169 -0.013751039777488995 -0.0050929790386513643 -0.0066602260484821714 0.0013177099499858264 0.012658043856542477 -0.046803054690877088 -0.013862280507705042 -0.011215070801975372 0.077650004387903745 0.0033852747387506745 0.0062793322544191683 0.02410628741999972 -0.027417131904512643 -0.023281077132560314 -0.0099342366914776711 0.015665239691734317 0.053160357074812065 0.010004955422931484 0.0085247456501062798 -0.030183773727723115 -0.079722149832093192 0.018939619473435775 -0.012527438667305608 0.017103135921061038 -0.046493245139718059 -0.0058666404703612493 -0.019514908192109149 -0.046624126533667251 -0.02074790392071009 -0.01475664244636017 -0.013624112413575251 0.011946221121615964 -0.032988932260101841 -0.0069563457104441246 0.014105923510278048 -0.0087504450272878308
leaf_weight=35 51 26 514 1214 725 3143 2154 685 958 231 56 528 33 22 290 32 30 48 363 45 25 175 93 46 23 673 94 65 20 191 312 27 25 34 30 32 31 73 23 34
leaf_count=35 51 26 514 1214 725 3143 2154 685 958 231 56 528 33 22 290 32 30 48 363 45 25 175 93 46 23 673 94 65 20 191 312 27 25 34 30 32 31 73 23 34
internal_value=-9.75275e-12 -0.00140401 0.000104322 -0.000165469 -0.00375104 0.000195482 0.0042535 0.0171447 -0.000713278 -0.0217375 -0.00899996 -0.00151478 0.0158728 0.0479441 0.0102908 0.00995973 0.0126098 -0.0107832 -0.018385 0.0135202 0.00611074 0.0153994 -0.00825887 -0.0321859 -0.0466966 0.0171788 0.0150832 0.0310352 -0.0152873 -0.00176099 -0.0143626 -0.0316846 -0.00267265 0.000267206 0.00792507 -0.000426521 -0.0206775 -0.00527002 -0.00191018 -0.0138341
internal_weight=13209 11577 9659 9624 5313 4357 4311 1199 3112 956 1918 1067 371 55 316 1632 1349 696 851 1319 436 200 621 156 69 883 767 116 695 236 675 75 283 224 94 62 87 130 96 59
internal_count=13209 11577 9659 9624 5313 4357 4311 1199 3112 956 1918 1067 371 55 316 1632 1349 696 851 1319 436 200 621 156 69 883 767 116 695 236 675 75 283 224 94 62 87 130 96 59
is_linear=0
shrinkage=0.1


end of trees

feature_importances:
Column_7=407
Column_6=376
Column_0=212
Column_5=194
Column_1=156
Column_2=115
Column_4=96
Column_3=77

parameters:
[boosting: gbdt]
[objective: regression]
[metric: l2]
[tree_learner: serial]
[device_type: cpu]
[data_sample_strategy: bagging]
[data: ]
[valid: ]
[num_iterations: 30]
[learning_rate: 0.1]
[num_leaves: 64]
[num_threads: 4]
[seed: 0]
[deterministic: 1]
[force_col_wise: 1]
[force_row_wise: 0]
[histogram_pool_size: -1]
[max_depth: 6]
[min_data_in_leaf: 20]
[min_sum_hessian_in_leaf: 0.001]
[bagging_fraction: 1]
[pos_bagging_fraction: 1]
[neg_bagging_fraction: 1]
[bagging_freq: 0]
[bagging_seed: 7719]
[bagging_by_query: 0]
[feature_fraction: 1]
[feature_fraction_bynode: 1]
[feature_fraction_seed: 2437]
[extra_trees: 0]
[extra_seed: 11797]
[early_stopping_round: 0]
[early_stopping_min_delta: 0]
[first_metric_only: 0]
[max_delta_step: 0]
[lambda_l1: 0]
[lambda_l2: 0]
[linear_lambda: 0]
[min_gain_to_split: 0]
[drop_rate: 0.1]
[max_drop: 50]
[skip_drop: 0.5]
[xgboost_dart_mode: 0]
[uniform_drop: 0]
[drop_seed: 21238]
[top_rate: 0.2]
[other_rate: 0.1]
[min_data_per_group: 100]
[max_cat_threshold: 32]
[cat_l2: 10]
[cat_smooth: 10]
[max_cat_to_onehot: 4]
[top_k: 20]
[monotone_constraints: ]
[monotone_constraints_method: basic]
[monotone_penalty: 0]
[feature_contri: ]
[forcedsplits_filename: ]
[refit_decay_rate: 0.9]
[cegb_tradeoff: 1]
[cegb_penalty_split: 0]
[cegb_penalty_feature_lazy: ]
[cegb_penalty_feature_coupled: ]
[path_smooth: 0]
[interaction_constraints: ]
[verbosity: -1]
[saved_feature_importance_type: 0]
[use_quantized_grad: 0]
[num_grad_quant_bins: 4]
[quant_train_renew_leaf: 0]
[stochastic_rounding: 1]
[linear_tree: 0]
[max_bin: 255]
[max_bin_by_feature: ]
[min_data_in_bin: 3]
[bin_construct_sample_cnt: 200000]
[data_random_seed: 38]
[is_enable_sparse: 1]
[enable_bundle: 1]
[use_missing: 1]
[zero_as_missing: 0]
[feature_pre_filter: 1]
[pre_partition: 0]
[two_round: 0]
[header: 0]
[label_column: ]
[weight_column: ]
[group_column: ]
[ignore_column: ]
[categorical_feature: ]
[forcedbins_filename: ]
[precise_float_parser: 0]
[parser_config_file: ]
[objective_seed: 8855]
[num_class: 1]
[is_unbalance: 0]
[scale_pos_weight: 1]
[sigmoid: 1]
[boost_from_average: 1]
[reg_sqrt: 0]
[alpha: 0.9]
[fair_c: 1]
[poisson_max_delta_step: 0.7]
[tweedie_variance_power: 1.5]
[lambdarank_truncation_level: 30]
[lambdarank_norm: 1]
[label_gain: ]
[lambdarank_position_bias_regularization: 0]
[eval_at: ]
[multi_error_top_k: 1]
[auc_mu_weights: ]
[num_machines: 1]
[local_listen_port: 12400]
[time_out: 120]
[machine_list_filename: ]
[machines: ]
[gpu_platform_id: -1]
[gpu_device_id: -1]
[gpu_device_id_list: ]
[gpu_use_dp: 0]
[num_gpu: 1]

end of parameters

pandas_categorical:null
